"BehaviorSpace results (NetLogo 7.0.4)","Table version 2.0"
"EES4760_HW5_ex_5_4.nlogox"
"Hilltop stopping q experiment"
"09/16/2026 22:43:29:507 -0500"
"min-pxcor","max-pxcor","min-pycor","max-pycor"
"0","149","0","149"
"[run number]","q","random-start","stop-at-hilltop","noise","real-elevation","[step]","clumping","corridor-width"
"6","0.5","true","true","false","true","0","6.684","<RuntimePrimitiveException>"
"2","0.1","true","true","false","true","0","6.52","<RuntimePrimitiveException>"
"4","0.3","true","true","false","true","0","6.404","<RuntimePrimitiveException>"
"8","0.7","true","true","false","true","0","6.676","<RuntimePrimitiveException>"
"5","0.4","true","true","false","true","0","6.744","<RuntimePrimitiveException>"
"9","0.8","true","true","false","true","0","6.432","<RuntimePrimitiveException>"
"3","0.2","true","true","false","true","0","6.348","<RuntimePrimitiveException>"
"7","0.6","true","true","false","true","0","6.812","<RuntimePrimitiveException>"
"1","0","true","true","false","true","0","6.908","<RuntimePrimitiveException>"
"3","0.2","true","true","false","true","1","6.476","404.75554795487847"
"5","0.4","true","true","false","true","1","6.612","393.17906498794287"
"7","0.6","true","true","false","true","1","6.884","389.34162494595245"
"8","0.7","true","true","false","true","1","6.644","383.6431751603302"
"6","0.5","true","true","false","true","1","6.752","393.80853164430425"
"9","0.8","true","true","false","true","1","6.524","379.0330244984258"
"4","0.3","true","true","false","true","1","6.3","401.5160461472263"
"2","0.1","true","true","false","true","1","6.508","401.50710650271145"
"3","0.2","true","true","false","true","2","6.48","595.5317173601436"
"7","0.6","true","true","false","true","2","6.936","507.85440797509324"
"8","0.7","true","true","false","true","2","6.8","465.56485144105716"
"9","0.8","true","true","false","true","2","6.612","444.5541995990583"
"1","0","true","true","false","true","1","6.848","411.78706170857424"
"4","0.3","true","true","false","true","2","6.42","584.2344406532295"
"3","0.2","true","true","false","true","3","6.428","689.9112750126576"
"5","0.4","true","true","false","true","2","6.704","564.4073076238411"
"2","0.1","true","true","false","true","2","6.452","629.4335194399708"
"6","0.5","true","true","false","true","2","6.752","547.2148457250572"
"7","0.6","true","true","false","true","3","6.988","533.9463354918115"
"8","0.7","true","true","false","true","3","6.916","485.92298195166546"
"9","0.8","true","true","false","true","3","6.612","444.49729628334086"
"7","0.6","true","true","false","true","4","7.064","555.5288021103495"
"5","0.4","true","true","false","true","3","6.68","619.4730398712629"
"2","0.1","true","true","false","true","3","6.476","705.4265539811627"
"8","0.7","true","true","false","true","4","6.908","495.1741745424461"
"1","0","true","true","false","true","2","6.92","591.3445590176128"
"4","0.3","true","true","false","true","3","6.476","645.8739552375773"
"3","0.2","true","true","false","true","4","6.384","747.9359146671507"
"6","0.5","true","true","false","true","3","6.896","588.9113250974999"
"9","0.8","true","true","false","true","4","6.664","451.334384616626"
"7","0.6","true","true","false","true","5","7.228","557.2386841110567"
"8","0.7","true","true","false","true","5","7","500.62553747087094"
"5","0.4","true","true","false","true","4","6.704","658.811746935102"
"2","0.1","true","true","false","true","4","6.492","780.901679034253"
"3","0.2","true","true","false","true","5","6.344","799.7284513746376"
"1","0","true","true","false","true","3","6.904","685.2211704451232"
"6","0.5","true","true","false","true","4","6.888","612.6911730698655"
"4","0.3","true","true","false","true","4","6.5","706.1909502949459"
"7","0.6","true","true","false","true","6","7.272","555.3345892892281"
"9","0.8","true","true","false","true","5","6.94","444.78474532773413"
"8","0.7","true","true","false","true","6","7.028","500.76679739115133"
"5","0.4","true","true","false","true","5","6.74","671.2455529807199"
"2","0.1","true","true","false","true","5","6.404","851.8640580116962"
"3","0.2","true","true","false","true","6","6.392","837.423854299424"
"7","0.6","true","true","false","true","7","7.432","561.7211462181835"
"6","0.5","true","true","false","true","5","6.94","624.4580058409833"
"4","0.3","true","true","false","true","5","6.468","744.8140407770694"
"9","0.8","true","true","false","true","6","6.948","441.5415793805585"
"8","0.7","true","true","false","true","7","7.076","494.0468901769381"
"1","0","true","true","false","true","4","6.856","762.8120218064774"
"2","0.1","true","true","false","true","6","6.376","885.6534423965734"
"3","0.2","true","true","false","true","7","6.336","872.0667868377303"
"5","0.4","true","true","false","true","6","6.796","691.8003101016003"
"7","0.6","true","true","false","true","8","7.56","555.7340696693045"
"8","0.7","true","true","false","true","8","7.244","481.7162005349982"
"9","0.8","true","true","false","true","7","7.048","438.2303161498531"
"4","0.3","true","true","false","true","6","6.648","760.886719098503"
"6","0.5","true","true","false","true","6","6.968","637.1679854204706"
"3","0.2","true","true","false","true","8","6.392","900.7484398809356"
"1","0","true","true","false","true","5","6.744","844.9551557671083"
"2","0.1","true","true","false","true","7","6.472","937.9870584909853"
"5","0.4","true","true","false","true","7","6.892","712.5226347434984"
"7","0.6","true","true","false","true","9","7.652","548.3455285404189"
"8","0.7","true","true","false","true","9","7.48","472.5535662630996"
"3","0.2","true","true","false","true","9","6.428","920.7196555349312"
"6","0.5","true","true","false","true","7","7.12","632.897299281882"
"9","0.8","true","true","false","true","8","7.196","435.95691725661635"
"4","0.3","true","true","false","true","7","6.544","786.3656139812151"
"5","0.4","true","true","false","true","8","6.836","715.0764712568847"
"2","0.1","true","true","false","true","8","6.312","968.4351556039938"
"7","0.6","true","true","false","true","10","7.708","540.6089874325702"
"1","0","true","true","false","true","6","6.84","891.8647996292916"
"8","0.7","true","true","false","true","10","7.576","467.89358916611076"
"6","0.5","true","true","false","true","8","7.244","628.8229941465293"
"4","0.3","true","true","false","true","8","6.668","806.061308838632"
"9","0.8","true","true","false","true","9","7.224","429.41345883666276"
"3","0.2","true","true","false","true","10","6.376","948.7078289121396"
"2","0.1","true","true","false","true","9","6.248","982.2914506675413"
"7","0.6","true","true","false","true","11","7.82","537.9860057425217"
"1","0","true","true","false","true","7","6.864","923.9350882701527"
"8","0.7","true","true","false","true","11","7.744","462.11287037493173"
"5","0.4","true","true","false","true","9","6.924","718.8567264059062"
"3","0.2","true","true","false","true","11","6.484","976.3983445204033"
"6","0.5","true","true","false","true","9","7.24","626.807454429289"
"9","0.8","true","true","false","true","10","7.476","421.23303247469994"
"4","0.3","true","true","false","true","9","6.64","808.4003770909956"
"7","0.6","true","true","false","true","12","7.896","533.3800667757099"
"2","0.1","true","true","false","true","10","6.42","1010.2838414484919"
"5","0.4","true","true","false","true","10","7.092","727.2326065726014"
"8","0.7","true","true","false","true","12","7.728","456.2430712751002"
"1","0","true","true","false","true","8","6.78","975.6682922992126"
"3","0.2","true","true","false","true","12","6.516","977.1734078612025"
"7","0.6","true","true","false","true","13","8.06","527.909736988486"
"8","0.7","true","true","false","true","13","7.764","453.5532897131973"
"6","0.5","true","true","false","true","10","7.344","627.1813152695065"
"5","0.4","true","true","false","true","11","7.188","726.7634818534685"
"9","0.8","true","true","false","true","11","7.636","415.89041034771367"
"2","0.1","true","true","false","true","11","6.528","1030.29586053054"
"4","0.3","true","true","false","true","10","6.756","804.4510146757776"
"1","0","true","true","false","true","9","6.744","1022.197772203618"
"7","0.6","true","true","false","true","14","8.068","523.0998038285467"
"8","0.7","true","true","false","true","14","7.908","451.0165510771235"
"3","0.2","true","true","false","true","13","6.508","982.6684568099943"
"6","0.5","true","true","false","true","11","7.316","622.2603789221113"
"5","0.4","true","true","false","true","12","7.052","726.3933518061389"
"4","0.3","true","true","false","true","11","6.716","820.7184211259"
"2","0.1","true","true","false","true","12","6.472","1054.2937960574577"
"9","0.8","true","true","false","true","12","7.836","407.4741970243732"
"7","0.6","true","true","false","true","15","8.144","512.5777668672339"
"3","0.2","true","true","false","true","14","6.604","985.5955589612465"
"1","0","true","true","false","true","10","6.816","1040.4442124928462"
"8","0.7","true","true","false","true","15","7.92","447.0218677677334"
"5","0.4","true","true","false","true","13","6.92","731.9440940321499"
"6","0.5","true","true","false","true","12","7.504","618.189479409709"
"7","0.6","true","true","false","true","16","8.256","505.3516556352235"
"9","0.8","true","true","false","true","13","7.984","400.7277517241065"
"2","0.1","true","true","false","true","13","6.384","1062.9584527496238"
"8","0.7","true","true","false","true","16","7.952","443.20823528085344"
"3","0.2","true","true","false","true","15","6.592","995.0152934161"
"4","0.3","true","true","false","true","12","6.82","825.0121549890534"
"1","0","true","true","false","true","11","6.856","1065.6281807267508"
"7","0.6","true","true","false","true","17","8.296","502.35681597277295"
"8","0.7","true","true","false","true","17","8.092","439.32836109343276"
"5","0.4","true","true","false","true","14","7.144","735.0412269878777"
"9","0.8","true","true","false","true","14","8.092","394.5523700630013"
"6","0.5","true","true","false","true","13","7.52","612.4258515747464"
"3","0.2","true","true","false","true","16","6.504","1008.5351676314114"
"2","0.1","true","true","false","true","14","6.412","1087.792518384778"
"4","0.3","true","true","false","true","13","6.872","837.2198777464677"
"7","0.6","true","true","false","true","18","8.436","497.86922466942235"
"8","0.7","true","true","false","true","18","8.22","436.2604783450496"
"1","0","true","true","false","true","12","6.88","1101.8169586904758"
"9","0.8","true","true","false","true","15","8.224","387.1574716016988"
"3","0.2","true","true","false","true","17","6.532","1010.2876165016967"
"7","0.6","true","true","false","true","19","8.488","493.31205097721596"
"8","0.7","true","true","false","true","19","8.264","433.1133773529341"
"6","0.5","true","true","false","true","14","7.388","609.5668902669632"
"2","0.1","true","true","false","true","15","6.512","1118.855640044988"
"5","0.4","true","true","false","true","15","7.056","728.0908567068576"
"4","0.3","true","true","false","true","14","6.952","851.6274156054014"
"1","0","true","true","false","true","13","6.812","1126.998512596586"
"3","0.2","true","true","false","true","18","6.524","1026.6429276912015"
"9","0.8","true","true","false","true","16","8.488","382.3470630117209"
"8","0.7","true","true","false","true","20","8.36","430.0782632777828"
"7","0.6","true","true","false","true","20","8.576","491.58846629160934"
"6","0.5","true","true","false","true","15","7.48","605.7077304669172"
"2","0.1","true","true","false","true","16","6.436","1129.1416489978656"
"5","0.4","true","true","false","true","16","7.256","727.827566751985"
"8","0.7","true","true","false","true","21","8.448","428.10209378993085"
"3","0.2","true","true","false","true","19","6.524","1026.8083429052788"
"4","0.3","true","true","false","true","15","6.972","854.1434182094564"
"1","0","true","true","false","true","14","6.924","1148.4533247012982"
"9","0.8","true","true","false","true","17","8.436","380.1767072515895"
"7","0.6","true","true","false","true","21","8.64","487.92853154482833"
"6","0.5","true","true","false","true","16","7.584","601.1255122973382"
"8","0.7","true","true","false","true","22","8.472","425.3704951853748"
"5","0.4","true","true","false","true","17","7.208","725.4183714210716"
"3","0.2","true","true","false","true","20","6.612","1029.1648881151984"
"2","0.1","true","true","false","true","17","6.324","1153.934354314319"
"7","0.6","true","true","false","true","22","8.616","486.16198736996415"
"9","0.8","true","true","false","true","18","8.608","376.43763669407514"
"4","0.3","true","true","false","true","16","7.08","861.5669797671454"
"1","0","true","true","false","true","15","6.976","1180.7010643426336"
"8","0.7","true","true","false","true","23","8.508","424.44476072705646"
"6","0.5","true","true","false","true","17","7.748","597.5662061171118"
"7","0.6","true","true","false","true","23","8.644","483.4454602845714"
"5","0.4","true","true","false","true","18","7.412","722.5591044863339"
"3","0.2","true","true","false","true","21","6.728","1038.1372976959935"
"2","0.1","true","true","false","true","18","6.424","1167.3419936342875"
"9","0.8","true","true","false","true","19","8.72","374.20912057351296"
"8","0.7","true","true","false","true","24","8.492","423.3600705433812"
"4","0.3","true","true","false","true","17","7.06","853.9397654443654"
"1","0","true","true","false","true","16","6.9","1212.7185290483949"
"7","0.6","true","true","false","true","24","8.676","481.3590404880299"
"6","0.5","true","true","false","true","18","7.872","596.0531871509974"
"8","0.7","true","true","false","true","25","8.58","421.52976369791355"
"3","0.2","true","true","false","true","22","6.796","1037.2854496058644"
"5","0.4","true","true","false","true","19","7.432","718.5443144255654"
"9","0.8","true","true","false","true","20","8.812","371.4798297986578"
"4","0.3","true","true","false","true","18","7.148","858.2776040315601"
"7","0.6","true","true","false","true","25","8.804","480.0658130705555"
"8","0.7","true","true","false","true","26","8.572","420.98907586628786"
"1","0","true","true","false","true","17","6.948","1214.1423919510164"
"2","0.1","true","true","false","true","19","6.404","1175.5414238731664"
"3","0.2","true","true","false","true","23","6.732","1043.9305187141172"
"9","0.8","true","true","false","true","21","8.848","369.70562335765635"
"5","0.4","true","true","false","true","20","7.432","724.4339306597846"
"6","0.5","true","true","false","true","19","7.82","593.854605295082"
"7","0.6","true","true","false","true","26","8.932","478.46910807986285"
"8","0.7","true","true","false","true","27","8.636","419.58842846108934"
"4","0.3","true","true","false","true","19","7.2","859.3530634236558"
"1","0","true","true","false","true","18","6.98","1235.4654045838838"
"3","0.2","true","true","false","true","24","6.832","1035.111233259787"
"2","0.1","true","true","false","true","20","6.504","1185.867324298293"
"9","0.8","true","true","false","true","22","8.848","367.9081313328486"
"8","0.7","true","true","false","true","28","8.68","418.8459426940248"
"7","0.6","true","true","false","true","27","8.924","474.82687484788687"
"5","0.4","true","true","false","true","21","7.548","723.5232356419422"
"6","0.5","true","true","false","true","20","7.852","590.7214691046476"
"3","0.2","true","true","false","true","25","6.764","1037.130186408111"
"8","0.7","true","true","false","true","29","8.688","418.096023984421"
"4","0.3","true","true","false","true","20","7.16","858.5365873778122"
"7","0.6","true","true","false","true","28","9.016","473.0284571228017"
"2","0.1","true","true","false","true","21","6.396","1198.1097039283586"
"9","0.8","true","true","false","true","23","8.872","366.67456055726177"
"5","0.4","true","true","false","true","22","7.544","722.3633135267693"
"1","0","true","true","false","true","19","6.944","1242.2887862726486"
"6","0.5","true","true","false","true","21","7.916","588.1551854258092"
"8","0.7","true","true","false","true","30","8.712","416.88856062651155"
"3","0.2","true","true","false","true","26","6.86","1043.4745244729152"
"7","0.6","true","true","false","true","29","8.996","471.7869767665097"
"4","0.3","true","true","false","true","21","7.304","856.891932798261"
"9","0.8","true","true","false","true","24","8.924","365.79642573345046"
"5","0.4","true","true","false","true","23","7.668","721.8447624469524"
"8","0.7","true","true","false","true","31","8.724","415.8145968007342"
"6","0.5","true","true","false","true","22","8.004","586.0016047390787"
"1","0","true","true","false","true","20","6.868","1270.7590457115987"
"3","0.2","true","true","false","true","27","6.96","1051.6451556509448"
"7","0.6","true","true","false","true","30","9.052","470.1557966383342"
"2","0.1","true","true","false","true","22","6.476","1207.454715805397"
"9","0.8","true","true","false","true","25","8.928","364.7905805418978"
"8","0.7","true","true","false","true","32","8.716","415.63056166674704"
"5","0.4","true","true","false","true","24","7.764","722.5759331950333"
"4","0.3","true","true","false","true","22","7.304","854.9532150585228"
"7","0.6","true","true","false","true","31","9.068","469.45097832947073"
"3","0.2","true","true","false","true","28","6.888","1054.3289824872552"
"6","0.5","true","true","false","true","23","8.04","585.7294689912084"
"1","0","true","true","false","true","21","7","1271.3040608386202"
"8","0.7","true","true","false","true","33","8.692","415.3286806549288"
"2","0.1","true","true","false","true","23","6.52","1209.887440692329"
"9","0.8","true","true","false","true","26","9.016","364.0844459851002"
"7","0.6","true","true","false","true","32","9.012","468.78767328619983"
"3","0.2","true","true","false","true","29","6.968","1055.9963563591507"
"5","0.4","true","true","false","true","25","7.796","721.8006587091943"
"4","0.3","true","true","false","true","23","7.404","857.7210995682432"
"8","0.7","true","true","false","true","34","8.716","414.6419696637157"
"6","0.5","true","true","false","true","24","8.144","585.2430719920098"
"7","0.6","true","true","false","true","33","9.1","466.6700419810602"
"1","0","true","true","false","true","22","6.964","1283.3494413508756"
"2","0.1","true","true","false","true","24","6.5","1219.9176221505293"
"9","0.8","true","true","false","true","27","8.936","363.716165132931"
"3","0.2","true","true","false","true","30","6.944","1060.8970988364124"
"8","0.7","true","true","false","true","35","8.74","414.1608870217605"
"5","0.4","true","true","false","true","26","7.76","717.9535271897022"
"7","0.6","true","true","false","true","34","9.152","465.5958937679909"
"4","0.3","true","true","false","true","24","7.328","855.4065600063344"
"6","0.5","true","true","false","true","25","8.136","583.640604947512"
"8","0.7","true","true","false","true","36","8.72","413.9035950024742"
"3","0.2","true","true","false","true","31","6.932","1065.1457517026774"
"9","0.8","true","true","false","true","28","9.02","362.8613106483175"
"2","0.1","true","true","false","true","25","6.552","1223.1378117412048"
"1","0","true","true","false","true","23","6.816","1298.127041457341"
"5","0.4","true","true","false","true","27","7.84","716.9982718624957"
"7","0.6","true","true","false","true","35","9.184","464.44556158555184"
"4","0.3","true","true","false","true","25","7.26","857.3489183079299"
"6","0.5","true","true","false","true","26","8.124","578.3679498037974"
"3","0.2","true","true","false","true","32","7.032","1066.8316372567913"
"8","0.7","true","true","false","true","37","8.732","413.6805902671928"
"9","0.8","true","true","false","true","29","9.02","361.9790222043103"
"1","0","true","true","false","true","24","6.868","1309.8172637134098"
"2","0.1","true","true","false","true","26","6.5","1231.7207202223958"
"7","0.6","true","true","false","true","36","9.184","463.2348297600239"
"5","0.4","true","true","false","true","28","7.836","716.6819258022491"
"3","0.2","true","true","false","true","33","7.024","1068.5177535396738"
"8","0.7","true","true","false","true","38","8.692","413.4461492994581"
"6","0.5","true","true","false","true","27","8.236","575.4163391110637"
"4","0.3","true","true","false","true","26","7.384","864.5775547173554"
"9","0.8","true","true","false","true","30","8.992","361.71369553058435"
"7","0.6","true","true","false","true","37","9.228","462.50012627451474"
"2","0.1","true","true","false","true","27","6.552","1241.9803144455998"
"8","0.7","true","true","false","true","39","8.7","413.7709157812921"
"1","0","true","true","false","true","25","6.972","1302.8584715719956"
"6","0.5","true","true","false","true","28","8.348","573.8513149686211"
"3","0.2","true","true","false","true","34","7.092","1068.836475352278"
"5","0.4","true","true","false","true","29","8.112","713.4852555689928"
"7","0.6","true","true","false","true","38","9.248","461.6340385653794"
"9","0.8","true","true","false","true","31","8.984","361.4595071103223"
"8","0.7","true","true","false","true","40","8.692","413.524070572922"
"4","0.3","true","true","false","true","27","7.42","861.8849539804423"
"2","0.1","true","true","false","true","28","6.58","1234.0469471773013"
"7","0.6","true","true","false","true","39","9.288","461.23431706295906"
"8","0.7","true","true","false","true","41","8.692","413.4142213546836"
"5","0.4","true","true","false","true","30","8.096","709.5652263096378"
"1","0","true","true","false","true","26","6.896","1318.4295036104152"
"3","0.2","true","true","false","true","35","7.164","1075.6308654968811"
"9","0.8","true","true","false","true","32","8.984","360.93302402523676"
"6","0.5","true","true","false","true","29","8.3","571.3997037664793"
"8","0.7","true","true","false","true","42","8.68","413.70739688473157"
"4","0.3","true","true","false","true","28","7.424","859.3739106942475"
"7","0.6","true","true","false","true","40","9.24","460.56775765242355"
"2","0.1","true","true","false","true","29","6.46","1247.4995981761651"
"5","0.4","true","true","false","true","31","8.192","709.1425275678765"
"9","0.8","true","true","false","true","33","8.976","360.20351536645177"
"3","0.2","true","true","false","true","36","7.164","1072.5347544602016"
"1","0","true","true","false","true","27","6.78","1342.5655161596692"
"8","0.7","true","true","false","true","43","8.692","413.8383300896225"
"6","0.5","true","true","false","true","30","8.38","570.3993491688154"
"7","0.6","true","true","false","true","41","9.268","459.896145408419"
"3","0.2","true","true","false","true","37","7.116","1074.2680088104967"
"4","0.3","true","true","false","true","29","7.456","859.5513606338768"
"9","0.8","true","true","false","true","34","8.988","359.94871410554424"
"5","0.4","true","true","false","true","32","8.276","704.0419725878755"
"2","0.1","true","true","false","true","30","6.532","1249.3371984199946"
"8","0.7","true","true","false","true","44","8.692","413.627268370464"
"7","0.6","true","true","false","true","42","9.26","459.3266523096516"
"1","0","true","true","false","true","28","6.916","1353.334831531614"
"3","0.2","true","true","false","true","38","7.24","1075.1138737913154"
"9","0.8","true","true","false","true","35","8.984","359.81319936516894"
"6","0.5","true","true","false","true","31","8.42","566.5914762543332"
"8","0.7","true","true","false","true","45","8.692","413.6570348330418"
"7","0.6","true","true","false","true","43","9.284","458.79605790271694"
"5","0.4","true","true","false","true","33","8.24","702.4761224829944"
"4","0.3","true","true","false","true","30","7.508","859.1060364042592"
"3","0.2","true","true","false","true","39","7.356","1074.438650193441"
"2","0.1","true","true","false","true","31","6.608","1262.7692019873011"
"7","0.6","true","true","false","true","44","9.28","458.09822251165986"
"9","0.8","true","true","false","true","36","8.984","359.67477872722884"
"1","0","true","true","false","true","29","6.776","1355.0663296948167"
"8","0.7","true","true","false","true","46","8.692","413.54722386923294"
"6","0.5","true","true","false","true","32","8.516","564.5650042831463"
"5","0.4","true","true","false","true","34","8.296","703.7403793052144"
"3","0.2","true","true","false","true","40","7.32","1065.7856753530837"
"4","0.3","true","true","false","true","31","7.432","861.7270310325198"
"9","0.8","true","true","false","true","37","8.984","359.7716123169721"
"2","0.1","true","true","false","true","32","6.644","1268.3343805986694"
"7","0.6","true","true","false","true","45","9.296","457.63942012135226"
"6","0.5","true","true","false","true","33","8.568","563.5053796865795"
"1","0","true","true","false","true","30","6.836","1367.8417149258312"
"8","0.7","true","true","false","true","47","8.692","413.5472238692331"
"4","0.3","true","true","false","true","32","7.512","856.5589691555796"
"5","0.4","true","true","false","true","35","8.244","700.4491872210012"
"9","0.8","true","true","false","true","38","8.984","359.67477872722907"
"3","0.2","true","true","false","true","41","7.304","1068.531190274893"
"2","0.1","true","true","false","true","33","6.68","1276.4378648953912"
"7","0.6","true","true","false","true","46","9.336","456.7785885969582"
"6","0.5","true","true","false","true","34","8.64","561.2121120757936"
"1","0","true","true","false","true","31","6.896","1374.084663521704"
"4","0.3","true","true","false","true","33","7.524","851.7679304514555"
"8","0.7","true","true","false","true","48","8.692","413.5472238692334"
"9","0.8","true","true","false","true","39","8.984","359.5707828409908"
"5","0.4","true","true","false","true","36","8.28","696.7509316021175"
"7","0.6","true","true","false","true","47","9.36","456.3539412574107"
"2","0.1","true","true","false","true","34","6.704","1282.0074564944305"
"6","0.5","true","true","false","true","35","8.692","558.1212448936801"
"3","0.2","true","true","false","true","42","7.248","1067.1387954790614"
"4","0.3","true","true","false","true","34","7.62","848.7608822517722"
"1","0","true","true","false","true","32","6.808","1389.7890359781745"
"9","0.8","true","true","false","true","40","8.984","359.4704041538193"
"5","0.4","true","true","false","true","37","8.272","698.1473382118525"
"8","0.7","true","true","false","true","49","8.692","413.5472238692333"
"6","0.5","true","true","false","true","36","8.62","556.2529430211395"
"2","0.1","true","true","false","true","35","6.636","1289.738157404864"
"7","0.6","true","true","false","true","48","9.356","456.0994527940805"
"4","0.3","true","true","false","true","35","7.62","848.0849046599056"
"9","0.8","true","true","false","true","41","8.984","359.3700570062337"
"5","0.4","true","true","false","true","38","8.276","698.5097267763922"
"1","0","true","true","false","true","33","6.796","1401.7539388012747"
"3","0.2","true","true","false","true","43","7.216","1063.4794819647732"
"6","0.5","true","true","false","true","37","8.608","553.7262068104181"
"8","0.7","true","true","false","true","50","8.692","413.547223869233"
"2","0.1","true","true","false","true","36","6.716","1298.6099063641204"
"7","0.6","true","true","false","true","49","9.364","456.4520266862657"
"4","0.3","true","true","false","true","36","7.64","849.098314567305"
"9","0.8","true","true","false","true","42","8.984","359.26140713124556"
"5","0.4","true","true","false","true","39","8.308","696.3119566793064"
"6","0.5","true","true","false","true","38","8.664","553.8436433431851"
"1","0","true","true","false","true","34","6.832","1398.435115234399"
"8","0.7","true","true","false","true","51","8.692","413.54722386923356"
"3","0.2","true","true","false","true","44","7.296","1061.1402328918784"
"2","0.1","true","true","false","true","37","6.616","1300.773868307069"
"5","0.4","true","true","false","true","40","8.34","695.109999099808"
"7","0.6","true","true","false","true","50","9.36","456.05440869193177"
"9","0.8","true","true","false","true","43","8.984","359.26140713124573"
"4","0.3","true","true","false","true","37","7.692","850.8496051105484"
"6","0.5","true","true","false","true","39","8.688","552.5696076090238"
"1","0","true","true","false","true","35","6.808","1405.9739184465777"
"8","0.7","true","true","false","true","52","8.692","413.547223869233"
"2","0.1","true","true","false","true","38","6.652","1309.3834303793371"
"9","0.8","true","true","false","true","44","8.984","359.2614071312454"
"5","0.4","true","true","false","true","41","8.332","698.3663146973558"
"4","0.3","true","true","false","true","38","7.78","851.0506650727675"
"3","0.2","true","true","false","true","45","7.312","1059.6119110364905"
"7","0.6","true","true","false","true","51","9.368","455.61727089554427"
"6","0.5","true","true","false","true","40","8.732","553.0047173348332"
"1","0","true","true","false","true","36","6.836","1408.579119435399"
"8","0.7","true","true","false","true","53","8.692","413.54722386923333"
"6","0.5","true","true","false","true","41","8.74","551.7506919914838"
"5","0.4","true","true","false","true","42","8.348","699.1250533199857"
"4","0.3","true","true","false","true","39","7.744","850.0337143781594"
"9","0.8","true","true","false","true","45","8.984","359.2614071312454"
"2","0.1","true","true","false","true","39","6.6","1316.5238955809639"
"7","0.6","true","true","false","true","52","9.348","455.306172880001"
"3","0.2","true","true","false","true","46","7.316","1069.9966420048972"
"1","0","true","true","false","true","37","6.716","1407.1823912259163"
"5","0.4","true","true","false","true","43","8.356","697.7845525501917"
"6","0.5","true","true","false","true","42","8.724","551.1752898823327"
"8","0.7","true","true","false","true","54","8.692","413.5472238692333"
"9","0.8","true","true","false","true","46","8.984","359.2614071312455"
"4","0.3","true","true","false","true","40","7.772","847.7158263087841"
"2","0.1","true","true","false","true","40","6.504","1311.8583724425307"
"7","0.6","true","true","false","true","53","9.34","455.14979969106975"
"1","0","true","true","false","true","38","6.756","1402.6750371781995"
"9","0.8","true","true","false","true","47","8.984","359.2614071312456"
"5","0.4","true","true","false","true","44","8.336","696.6990637425971"
"8","0.7","true","true","false","true","55","8.692","413.54722386923316"
"6","0.5","true","true","false","true","43","8.752","551.8994584792853"
"3","0.2","true","true","false","true","47","7.416","1072.570081144022"
"4","0.3","true","true","false","true","41","7.776","846.1420565672346"
"7","0.6","true","true","false","true","54","9.336","455.25800401709745"
"2","0.1","true","true","false","true","41","6.568","1314.2093714180774"
"9","0.8","true","true","false","true","48","8.984","359.2614071312456"
"1","0","true","true","false","true","39","6.684","1399.741378914527"
"6","0.5","true","true","false","true","44","8.724","550.2999352093351"
"5","0.4","true","true","false","true","45","8.352","694.6684891362611"
"8","0.7","true","true","false","true","56","8.692","413.54722386923265"
"4","0.3","true","true","false","true","42","7.892","843.8964297811231"
"7","0.6","true","true","false","true","55","9.336","454.8425419106706"
"2","0.1","true","true","false","true","42","6.616","1308.9519048953237"
"9","0.8","true","true","false","true","49","8.984","359.2614071312453"
"3","0.2","true","true","false","true","48","7.416","1071.684198242369"
"5","0.4","true","true","false","true","46","8.388","690.2715814715989"
"6","0.5","true","true","false","true","45","8.748","548.4785073858768"
"1","0","true","true","false","true","40","6.8","1393.9160507875092"
"8","0.7","true","true","false","true","57","8.692","413.54722386923305"
"4","0.3","true","true","false","true","43","7.96","842.3280092020304"
"7","0.6","true","true","false","true","56","9.344","454.99222946014504"
"9","0.8","true","true","false","true","50","8.984","359.26140713124556"
"2","0.1","true","true","false","true","43","6.648","1314.7729667997332"
"5","0.4","true","true","false","true","47","8.44","688.8477923514811"
"6","0.5","true","true","false","true","46","8.82","547.0782386151253"
"1","0","true","true","false","true","41","6.864","1399.6468988799625"
"3","0.2","true","true","false","true","49","7.396","1070.6222649393683"
"9","0.8","true","true","false","true","51","8.984","359.2614071312452"
"8","0.7","true","true","false","true","58","8.692","413.5472238692332"
"4","0.3","true","true","false","true","44","7.98","843.3272197690908"
"2","0.1","true","true","false","true","44","6.676","1317.0425136950003"
"5","0.4","true","true","false","true","48","8.472","688.609144032286"
"7","0.6","true","true","false","true","57","9.34","454.88707565235467"
"6","0.5","true","true","false","true","47","8.804","546.2248429726586"
"1","0","true","true","false","true","42","6.828","1396.1976072444438"
"8","0.7","true","true","false","true","59","8.692","413.5472238692335"
"9","0.8","true","true","false","true","52","8.984","359.26140713124556"
"4","0.3","true","true","false","true","45","8.012","839.1209846584575"
"2","0.1","true","true","false","true","45","6.82","1321.055605146734"
"5","0.4","true","true","false","true","49","8.464","686.9674478944708"
"3","0.2","true","true","false","true","50","7.38","1069.4146677341114"
"6","0.5","true","true","false","true","48","8.788","545.2568417120194"
"1","0","true","true","false","true","43","6.788","1404.1141569880538"
"9","0.8","true","true","false","true","53","8.984","359.2614071312454"
"7","0.6","true","true","false","true","58","9.372","454.6259828945364"
"5","0.4","true","true","false","true","50","8.508","686.3198655548148"
"8","0.7","true","true","false","true","60","8.692","413.5472238692332"
"4","0.3","true","true","false","true","46","7.916","840.130451235534"
"2","0.1","true","true","false","true","46","6.652","1323.4302218708406"
"6","0.5","true","true","false","true","49","8.904","544.1351550431962"
"3","0.2","true","true","false","true","51","7.396","1073.6334394410287"
"9","0.8","true","true","false","true","54","8.984","359.2614071312456"
"7","0.6","true","true","false","true","59","9.34","454.749484048154"
"1","0","true","true","false","true","44","6.744","1404.6081669440682"
"5","0.4","true","true","false","true","51","8.532","685.3143109157593"
"4","0.3","true","true","false","true","47","7.96","842.7387718289386"
"2","0.1","true","true","false","true","47","6.864","1325.7886219962413"
"6","0.5","true","true","false","true","50","8.82","543.6723767144964"
"8","0.7","true","true","false","true","61","8.692","413.54722386923316"
"9","0.8","true","true","false","true","55","8.984","359.2614071312454"
"1","0","true","true","false","true","45","6.664","1409.093124850688"
"3","0.2","true","true","false","true","52","7.288","1075.0078847634404"
"5","0.4","true","true","false","true","52","8.528","684.0329486423286"
"4","0.3","true","true","false","true","48","8.036","840.4304800597786"
"6","0.5","true","true","false","true","51","8.908","543.0394157002194"
"7","0.6","true","true","false","true","60","9.34","454.86744568282177"
"2","0.1","true","true","false","true","48","6.732","1331.6789448010486"
"9","0.8","true","true","false","true","56","8.984","359.26140713124545"
"1","0","true","true","false","true","46","6.66","1410.837162628075"
"8","0.7","true","true","false","true","62","8.692","413.5472238692331"
"5","0.4","true","true","false","true","53","8.512","683.8656699507138"
"4","0.3","true","true","false","true","49","8.1","840.7049905953193"
"6","0.5","true","true","false","true","52","8.884","542.7403574528291"
"7","0.6","true","true","false","true","61","9.34","454.9966877626152"
"3","0.2","true","true","false","true","53","7.368","1073.396437598013"
"9","0.8","true","true","false","true","57","8.984","359.26140713124556"
"2","0.1","true","true","false","true","49","6.796","1331.763349050962"
"8","0.7","true","true","false","true","63","8.692","413.54722386923294"
"5","0.4","true","true","false","true","54","8.512","684.1413222748326"
"4","0.3","true","true","false","true","50","8.12","841.1758752210777"
"7","0.6","true","true","false","true","62","9.34","454.8674456828214"
"6","0.5","true","true","false","true","53","8.94","542.1250982257625"
"1","0","true","true","false","true","47","6.656","1415.7211847012616"
"9","0.8","true","true","false","true","58","8.984","359.26140713124556"
"2","0.1","true","true","false","true","50","6.816","1334.1404797089851"
"3","0.2","true","true","false","true","54","7.336","1074.2384037363822"
"5","0.4","true","true","false","true","55","8.52","683.8479567147257"
"1","0","true","true","false","true","48","6.728","1434.5870655177287"
"9","0.8","true","true","false","true","59","8.984","359.26140713124556"
"4","0.3","true","true","false","true","51","8.08","838.6488328687672"
"8","0.7","true","true","false","true","64","8.692","413.547223869233"
"6","0.5","true","true","false","true","54","8.996","541.2377158405507"
"7","0.6","true","true","false","true","63","9.34","454.8648579765637"
"2","0.1","true","true","false","true","51","6.84","1335.3604247616902"
"6","0.5","true","true","false","true","55","8.988","541.1853538081211"
"9","0.8","true","true","false","true","60","8.984","359.2614071312451"
"5","0.4","true","true","false","true","56","8.564","684.722204383895"
"4","0.3","true","true","false","true","52","8.148","837.5303572171925"
"3","0.2","true","true","false","true","55","7.392","1071.9712782921517"
"1","0","true","true","false","true","49","6.676","1438.13082392858"
"8","0.7","true","true","false","true","65","8.692","413.54722386923316"
"2","0.1","true","true","false","true","52","6.792","1341.8759778495337"
"5","0.4","true","true","false","true","57","8.572","683.2439154726742"
"9","0.8","true","true","false","true","61","8.984","359.2614071312457"
"7","0.6","true","true","false","true","64","9.372","454.7570300949134"
"6","0.5","true","true","false","true","56","8.996","540.6863995536513"
"4","0.3","true","true","false","true","53","8.18","838.3142953324138"
"2","0.1","true","true","false","true","53","6.808","1336.5215757967233"
"1","0","true","true","false","true","50","6.6","1448.6206479602224"
"3","0.2","true","true","false","true","56","7.372","1074.7263076201546"
"8","0.7","true","true","false","true","66","8.692","413.5472238692332"
"6","0.5","true","true","false","true","57","9.008","540.1076896369151"
"5","0.4","true","true","false","true","58","8.6","683.1277663024495"
"9","0.8","true","true","false","true","62","8.984","359.26140713124516"
"7","0.6","true","true","false","true","65","9.372","454.63830225321254"
"4","0.3","true","true","false","true","54","8.18","838.3995145228779"
"2","0.1","true","true","false","true","54","6.764","1341.8957597983117"
"6","0.5","true","true","false","true","58","8.992","539.9580113439918"
"1","0","true","true","false","true","51","6.656","1455.9135370091371"
"9","0.8","true","true","false","true","63","8.984","359.2614071312457"
"8","0.7","true","true","false","true","67","8.692","413.54722386923316"
"5","0.4","true","true","false","true","59","8.576","682.4689043323679"
"7","0.6","true","true","false","true","66","9.372","454.510790571106"
"3","0.2","true","true","false","true","57","7.436","1072.3644596604088"
"4","0.3","true","true","false","true","55","8.136","838.2151822251899"
"2","0.1","true","true","false","true","55","6.772","1348.730529577062"
"9","0.8","true","true","false","true","64","8.984","359.2614071312455"
"6","0.5","true","true","false","true","59","9.012","540.010549157013"
"5","0.4","true","true","false","true","60","8.596","681.4879572364295"
"8","0.7","true","true","false","true","68","8.692","413.54722386923345"
"1","0","true","true","false","true","52","6.604","1461.0986192010475"
"4","0.3","true","true","false","true","56","8.168","835.760625592549"
"7","0.6","true","true","false","true","67","9.372","454.4985219871201"
"3","0.2","true","true","false","true","58","7.512","1074.0191139593212"
"9","0.8","true","true","false","true","65","8.984","359.2614071312455"
"2","0.1","true","true","false","true","56","6.784","1350.5829880667536"
"6","0.5","true","true","false","true","60","8.992","539.8739649575595"
"5","0.4","true","true","false","true","61","8.632","681.1520194509309"
"8","0.7","true","true","false","true","69","8.692","413.5472238692336"
"4","0.3","true","true","false","true","57","8.212","837.193735903758"
"9","0.8","true","true","false","true","66","8.984","359.2614071312454"
"1","0","true","true","false","true","53","6.748","1453.597630134554"
"2","0.1","true","true","false","true","57","6.768","1350.9588082050736"
"7","0.6","true","true","false","true","68","9.372","454.5233905440018"
"5","0.4","true","true","false","true","62","8.648","680.2731727915367"
"6","0.5","true","true","false","true","61","9.008","539.3707815551776"
"3","0.2","true","true","false","true","59","7.5","1072.4261300016708"
"4","0.3","true","true","false","true","58","8.228","840.5246103478582"
"9","0.8","true","true","false","true","67","8.984","359.2614071312454"
"8","0.7","true","true","false","true","70","8.692","413.54722386923333"
"5","0.4","true","true","false","true","63","8.656","679.8584211215997"
"1","0","true","true","false","true","54","6.728","1457.6383917504616"
"2","0.1","true","true","false","true","58","6.772","1340.2016034405278"
"6","0.5","true","true","false","true","62","9.004","539.056006687524"
"7","0.6","true","true","false","true","69","9.372","454.4003117652997"
"9","0.8","true","true","false","true","68","8.984","359.2614071312454"
"4","0.3","true","true","false","true","59","8.224","838.5641626378342"
"5","0.4","true","true","false","true","64","8.632","679.2944104338048"
"8","0.7","true","true","false","true","71","8.692","413.5472238692333"
"3","0.2","true","true","false","true","60","7.564","1072.4369586462287"
"2","0.1","true","true","false","true","59","6.72","1339.2886339496906"
"6","0.5","true","true","false","true","63","9.004","538.8070320597652"
"1","0","true","true","false","true","55","6.644","1459.7938046430486"
"9","0.8","true","true","false","true","69","8.984","359.26140713124545"
"5","0.4","true","true","false","true","65","8.656","678.7748162781618"
"4","0.3","true","true","false","true","60","8.268","835.9125008873897"
"8","0.7","true","true","false","true","72","8.692","413.54722386923305"
"7","0.6","true","true","false","true","70","9.372","454.27727459105154"
"3","0.2","true","true","false","true","61","7.556","1071.7417660102542"
"6","0.5","true","true","false","true","64","9.004","538.8324484846302"
"2","0.1","true","true","false","true","60","6.72","1337.3284415994485"
"1","0","true","true","false","true","56","6.652","1468.2395344742238"
"9","0.8","true","true","false","true","70","8.984","359.2614071312452"
"4","0.3","true","true","false","true","61","8.196","837.8677540928445"
"5","0.4","true","true","false","true","66","8.66","679.1586054471228"
"6","0.5","true","true","false","true","65","9.004","538.6220248297385"
"7","0.6","true","true","false","true","71","9.372","454.1542829464511"
"2","0.1","true","true","false","true","61","6.868","1340.7588701092675"
"9","0.8","true","true","false","true","71","8.984","359.2614071312458"
"8","0.7","true","true","false","true","73","8.692","413.54722386923316"
"3","0.2","true","true","false","true","62","7.624","1066.8524952729092"
"4","0.3","true","true","false","true","62","8.196","837.6339203307872"
"1","0","true","true","false","true","57","6.628","1461.922085944601"
"5","0.4","true","true","false","true","67","8.656","680.2047007058421"
"6","0.5","true","true","false","true","66","9.004","538.5241515900682"
"9","0.8","true","true","false","true","72","8.984","359.2614071312452"
"2","0.1","true","true","false","true","62","6.78","1342.1666320402242"
"7","0.6","true","true","false","true","72","9.372","454.0313399636036"
"8","0.7","true","true","false","true","74","8.692","413.5472238692332"
"5","0.4","true","true","false","true","68","8.688","680.253418413643"
"1","0","true","true","false","true","58","6.672","1451.3918490135513"
"4","0.3","true","true","false","true","63","8.228","838.1555705989234"
"6","0.5","true","true","false","true","67","9.004","538.524151590068"
"3","0.2","true","true","false","true","63","7.572","1065.6811670602867"
"2","0.1","true","true","false","true","63","6.832","1338.2879162154131"
"9","0.8","true","true","false","true","73","8.984","359.2614071312453"
"7","0.6","true","true","false","true","73","9.372","454.14459520078435"
"5","0.4","true","true","false","true","69","8.676","680.9186429502015"
"8","0.7","true","true","false","true","75","8.692","413.54722386923316"
"6","0.5","true","true","false","true","68","9.004","538.524151590068"
"4","0.3","true","true","false","true","64","8.184","840.1306756661322"
"1","0","true","true","false","true","59","6.616","1460.490049209946"
"9","0.8","true","true","false","true","74","8.984","359.26140713124556"
"2","0.1","true","true","false","true","64","6.788","1335.9659453451263"
"5","0.4","true","true","false","true","70","8.676","679.8422831382022"
"3","0.2","true","true","false","true","64","7.536","1065.6278440472463"
"8","0.7","true","true","false","true","76","8.692","413.5472238692334"
"7","0.6","true","true","false","true","74","9.372","454.26704712029976"
"6","0.5","true","true","false","true","69","9.004","538.5241515900681"
"4","0.3","true","true","false","true","65","8.2","839.6901094330696"
"9","0.8","true","true","false","true","75","8.984","359.2614071312454"
"1","0","true","true","false","true","60","6.556","1460.3657734030935"
"5","0.4","true","true","false","true","71","8.688","679.6552695431205"
"2","0.1","true","true","false","true","65","6.856","1334.0881375341196"
"6","0.5","true","true","false","true","70","9.004","538.5241515900675"
"8","0.7","true","true","false","true","77","8.692","413.547223869233"
"7","0.6","true","true","false","true","75","9.372","454.1542829464513"
"9","0.8","true","true","false","true","76","8.984","359.26140713124556"
"4","0.3","true","true","false","true","66","8.252","837.5860589485393"
"3","0.2","true","true","false","true","65","7.632","1066.782394720356"
"5","0.4","true","true","false","true","72","8.696","678.8545350547187"
"1","0","true","true","false","true","61","6.636","1468.845347282799"
"2","0.1","true","true","false","true","66","6.896","1327.153520386335"
"6","0.5","true","true","false","true","71","9.004","538.524151590068"
"9","0.8","true","true","false","true","77","8.984","359.26140713124556"
"4","0.3","true","true","false","true","67","8.22","835.9977081320064"
"8","0.7","true","true","false","true","78","8.692","413.54722386923333"
"7","0.6","true","true","false","true","76","9.372","454.03441484678933"
"1","0","true","true","false","true","62","6.76","1472.4495385040125"
"5","0.4","true","true","false","true","73","8.74","677.9596828566614"
"6","0.5","true","true","false","true","72","9.004","538.5241515900676"
"3","0.2","true","true","false","true","66","7.52","1066.37473989672"
"2","0.1","true","true","false","true","67","6.936","1329.8477860036824"
"1","0","true","true","false","true","63","6.728","1469.3786427671196"
"9","0.8","true","true","false","true","78","8.984","359.2614071312457"
"4","0.3","true","true","false","true","68","8.28","833.423957783128"
"5","0.4","true","true","false","true","74","8.708","677.3330056009712"
"7","0.6","true","true","false","true","77","9.372","453.9084481696393"
"8","0.7","true","true","false","true","79","8.692","413.5472238692333"
"6","0.5","true","true","false","true","73","9.004","538.5241515900683"
"2","0.1","true","true","false","true","68","6.976","1334.0440303220598"
"3","0.2","true","true","false","true","67","7.54","1067.9484131610611"
"4","0.3","true","true","false","true","69","8.3","831.700688610552"
"5","0.4","true","true","false","true","75","8.696","676.5915223053333"
"9","0.8","true","true","false","true","79","8.984","359.26140713124556"
"1","0","true","true","false","true","64","6.688","1477.7910815090527"
"8","0.7","true","true","false","true","80","8.692","413.5472238692328"
"7","0.6","true","true","false","true","78","9.372","453.9113752135727"
"6","0.5","true","true","false","true","74","9.004","538.524151590068"
"5","0.4","true","true","false","true","76","8.708","675.9375035219393"
"2","0.1","true","true","false","true","69","6.876","1336.9349560026765"
"4","0.3","true","true","false","true","70","8.312","832.5265616100332"
"9","0.8","true","true","false","true","80","8.984","359.26140713124556"
"1","0","true","true","false","true","65","6.792","1485.0661838069695"
"6","0.5","true","true","false","true","75","9.004","538.5241515900675"
"7","0.6","true","true","false","true","79","9.372","453.9084481696391"
"3","0.2","true","true","false","true","68","7.608","1067.9777690939948"
"8","0.7","true","true","false","true","81","8.692","413.54722386923345"
"5","0.4","true","true","false","true","77","8.708","676.4057514075175"
"9","0.8","true","true","false","true","81","8.984","359.26140713124545"
"2","0.1","true","true","false","true","70","6.92","1342.5936185988041"
"4","0.3","true","true","false","true","71","8.336","830.9509982832315"
"1","0","true","true","false","true","66","6.696","1483.6071476931304"
"6","0.5","true","true","false","true","76","9.004","538.5241515900678"
"5","0.4","true","true","false","true","78","8.668","676.5427272637851"
"4","0.3","true","true","false","true","72","8.3","832.755879496922"
"9","0.8","true","true","false","true","82","8.984","359.2614071312454"
"8","0.7","true","true","false","true","82","8.692","413.5472238692334"
"7","0.6","true","true","false","true","80","9.372","453.7772491867249"
"2","0.1","true","true","false","true","71","6.944","1340.209022924196"
"6","0.5","true","true","false","true","77","9.004","538.5241515900676"
"3","0.2","true","true","false","true","69","7.624","1064.9017753818234"
"1","0","true","true","false","true","67","6.672","1484.543928814306"
"4","0.3","true","true","false","true","73","8.272","832.5542729861168"
"5","0.4","true","true","false","true","79","8.656","676.2767691505052"
"9","0.8","true","true","false","true","83","8.984","359.2614071312454"
"8","0.7","true","true","false","true","83","8.692","413.5472238692331"
"2","0.1","true","true","false","true","72","6.944","1337.7075281306797"
"7","0.6","true","true","false","true","81","9.372","453.77724918672476"
"6","0.5","true","true","false","true","78","9.004","538.5241515900678"
"1","0","true","true","false","true","68","6.66","1497.3650837199718"
"4","0.3","true","true","false","true","74","8.24","832.5536553202489"
"5","0.4","true","true","false","true","80","8.668","676.4686026903433"
"9","0.8","true","true","false","true","84","8.984","359.26140713124533"
"3","0.2","true","true","false","true","70","7.764","1060.3138392424044"
"2","0.1","true","true","false","true","73","6.916","1338.4454889479844"
"7","0.6","true","true","false","true","82","9.372","453.77724918672516"
"6","0.5","true","true","false","true","79","9.004","538.5241515900683"
"5","0.4","true","true","false","true","81","8.676","676.3012474552762"
"8","0.7","true","true","false","true","84","8.692","413.5472238692332"
"4","0.3","true","true","false","true","75","8.276","832.1628900748614"
"1","0","true","true","false","true","69","6.712","1496.2991852897171"
"9","0.8","true","true","false","true","85","8.984","359.26140713124556"
"3","0.2","true","true","false","true","71","7.752","1060.7443519143155"
"6","0.5","true","true","false","true","80","9.004","538.5241515900675"
"5","0.4","true","true","false","true","82","8.676","676.4308722723325"
"8","0.7","true","true","false","true","85","8.692","413.54722386923316"
"9","0.8","true","true","false","true","86","8.984","359.2614071312452"
"2","0.1","true","true","false","true","74","6.956","1341.1013651791034"
"7","0.6","true","true","false","true","83","9.372","453.77724918672516"
"1","0","true","true","false","true","70","6.736","1499.3544453497807"
"4","0.3","true","true","false","true","76","8.292","830.9547785282366"
"5","0.4","true","true","false","true","83","8.684","676.578469234454"
"3","0.2","true","true","false","true","72","7.724","1060.0529111008098"
"6","0.5","true","true","false","true","81","9.004","538.5241515900682"
"9","0.8","true","true","false","true","87","8.984","359.26140713124556"
"8","0.7","true","true","false","true","86","8.692","413.5472238692329"
"2","0.1","true","true","false","true","75","6.86","1339.4223413799007"
"4","0.3","true","true","false","true","77","8.268","832.73133388458"
"1","0","true","true","false","true","71","6.764","1504.5257471949085"
"5","0.4","true","true","false","true","84","8.676","676.5726147290718"
"7","0.6","true","true","false","true","84","9.372","453.77724918672476"
"9","0.8","true","true","false","true","88","8.984","359.2614071312457"
"6","0.5","true","true","false","true","82","9.004","538.5241515900684"
"3","0.2","true","true","false","true","73","7.768","1057.2896842981672"
"4","0.3","true","true","false","true","78","8.256","831.4317387082453"
"8","0.7","true","true","false","true","87","8.692","413.54722386923305"
"5","0.4","true","true","false","true","85","8.676","676.1769445370766"
"2","0.1","true","true","false","true","76","6.852","1347.8266233049912"
"1","0","true","true","false","true","72","6.688","1512.1048807195377"
"9","0.8","true","true","false","true","89","8.984","359.2614071312456"
"7","0.6","true","true","false","true","85","9.372","453.77724918672493"
"4","0.3","true","true","false","true","79","8.236","831.3448097491821"
"6","0.5","true","true","false","true","83","9.004","538.5241515900678"
"5","0.4","true","true","false","true","86","8.7","675.745190512851"
"8","0.7","true","true","false","true","88","8.692","413.547223869233"
"3","0.2","true","true","false","true","74","7.748","1057.4516829711006"
"2","0.1","true","true","false","true","77","6.972","1354.7705212782478"
"9","0.8","true","true","false","true","90","8.984","359.26140713124545"
"1","0","true","true","false","true","73","6.604","1502.8176771864348"
"5","0.4","true","true","false","true","87","8.696","675.8568110555753"
"4","0.3","true","true","false","true","80","8.232","831.5361041242736"
"6","0.5","true","true","false","true","84","9.004","538.524151590068"
"7","0.6","true","true","false","true","86","9.372","453.77724918672493"
"8","0.7","true","true","false","true","89","8.692","413.5472238692333"
"9","0.8","true","true","false","true","91","8.984","359.2614071312453"
"2","0.1","true","true","false","true","78","6.928","1353.5995306624689"
"3","0.2","true","true","false","true","75","7.812","1056.602611098801"
"5","0.4","true","true","false","true","88","8.708","675.840087024883"
"4","0.3","true","true","false","true","81","8.26","830.7704429031202"
"6","0.5","true","true","false","true","85","9.004","538.524151590068"
"1","0","true","true","false","true","74","6.508","1499.550184468517"
"9","0.8","true","true","false","true","92","8.984","359.26140713124585"
"7","0.6","true","true","false","true","87","9.372","453.77724918672453"
"8","0.7","true","true","false","true","90","8.692","413.54722386923316"
"2","0.1","true","true","false","true","79","7.032","1347.1437858882693"
"5","0.4","true","true","false","true","89","8.708","675.6688693394098"
"4","0.3","true","true","false","true","82","8.26","828.300753030061"
"3","0.2","true","true","false","true","76","7.792","1056.4464905558618"
"6","0.5","true","true","false","true","86","9.004","538.5241515900681"
"9","0.8","true","true","false","true","93","8.984","359.2614071312458"
"1","0","true","true","false","true","75","6.568","1494.645639308535"
"5","0.4","true","true","false","true","90","8.708","675.8751651620926"
"7","0.6","true","true","false","true","88","9.372","453.7772491867248"
"2","0.1","true","true","false","true","80","6.98","1345.829011215169"
"4","0.3","true","true","false","true","83","8.272","828.8736086718792"
"8","0.7","true","true","false","true","91","8.692","413.5472238692334"
"6","0.5","true","true","false","true","87","9.004","538.5241515900682"
"9","0.8","true","true","false","true","94","8.984","359.2614071312455"
"3","0.2","true","true","false","true","77","7.88","1056.9321675992865"
"5","0.4","true","true","false","true","91","8.7","675.8619767731321"
"1","0","true","true","false","true","76","6.5","1502.4990920004618"
"2","0.1","true","true","false","true","81","6.928","1344.9296260431452"
"4","0.3","true","true","false","true","84","8.276","829.4581113662234"
"7","0.6","true","true","false","true","89","9.372","453.7772491867251"
"6","0.5","true","true","false","true","88","9.004","538.5241515900681"
"8","0.7","true","true","false","true","92","8.692","413.5472238692334"
"9","0.8","true","true","false","true","95","8.984","359.2614071312456"
"5","0.4","true","true","false","true","92","8.7","676.0321920802804"
"3","0.2","true","true","false","true","78","7.86","1054.1502685237635"
"2","0.1","true","true","false","true","82","6.936","1347.7937039865944"
"1","0","true","true","false","true","77","6.592","1502.506926092451"
"6","0.5","true","true","false","true","89","9.004","538.524151590068"
"4","0.3","true","true","false","true","85","8.292","828.6067483920916"
"9","0.8","true","true","false","true","96","8.984","359.2614071312455"
"7","0.6","true","true","false","true","90","9.372","453.7772491867252"
"5","0.4","true","true","false","true","93","8.7","675.8619767731318"
"8","0.7","true","true","false","true","93","8.692","413.547223869233"
"2","0.1","true","true","false","true","83","6.936","1347.866850052861"
"6","0.5","true","true","false","true","90","9.004","538.5241515900682"
"4","0.3","true","true","false","true","86","8.276","826.8367512901419"
"1","0","true","true","false","true","78","6.552","1502.9265533702585"
"5","0.4","true","true","false","true","94","8.708","676.055122476524"
"9","0.8","true","true","false","true","97","8.984","359.2614071312457"
"3","0.2","true","true","false","true","79","7.924","1052.977504152837"
"8","0.7","true","true","false","true","94","8.692","413.5472238692336"
"7","0.6","true","true","false","true","91","9.372","453.777249186725"
"6","0.5","true","true","false","true","91","9.004","538.524151590068"
"2","0.1","true","true","false","true","84","7.016","1348.776193429694"
"4","0.3","true","true","false","true","87","8.3","826.7499389180526"
"9","0.8","true","true","false","true","98","8.984","359.26140713124556"
"5","0.4","true","true","false","true","95","8.7","676.2242229496649"
"1","0","true","true","false","true","79","6.564","1502.3552679233799"
"8","0.7","true","true","false","true","95","8.692","413.54722386923333"
"3","0.2","true","true","false","true","80","7.928","1050.8698154583144"
"7","0.6","true","true","false","true","92","9.372","453.77724918672493"
"6","0.5","true","true","false","true","92","9.004","538.5241515900676"
"2","0.1","true","true","false","true","85","7.064","1346.378634968306"
"5","0.4","true","true","false","true","96","8.708","676.0551224765248"
"4","0.3","true","true","false","true","88","8.352","826.5981810037473"
"9","0.8","true","true","false","true","99","8.984","359.2614071312454"
"1","0","true","true","false","true","80","6.54","1508.4463284188598"
"7","0.6","true","true","false","true","93","9.372","453.77724918672516"
"6","0.5","true","true","false","true","93","9.004","538.5241515900676"
"8","0.7","true","true","false","true","96","8.692","413.5472238692329"
"5","0.4","true","true","false","true","97","8.708","675.8751651620933"
"2","0.1","true","true","false","true","86","7.02","1345.2579961821534"
"3","0.2","true","true","false","true","81","7.984","1049.222400500237"
"9","0.8","true","true","false","true","100","8.984","359.2614071312454"
"4","0.3","true","true","false","true","89","8.364","825.5880044865355"
"1","0","true","true","false","true","81","6.452","1498.649736981091"
"5","0.4","true","true","false","true","98","8.708","675.6814798558734"
"6","0.5","true","true","false","true","94","9.004","538.5241515900681"
"7","0.6","true","true","false","true","94","9.372","453.7772491867248"
"8","0.7","true","true","false","true","97","8.692","413.54722386923305"
"9","0.8","true","true","false","true","101","8.984","359.26140713124556"
"2","0.1","true","true","false","true","87","7.02","1347.321575345746"
"4","0.3","true","true","false","true","90","8.288","827.1681012426761"
"3","0.2","true","true","false","true","82","7.88","1049.3476819081948"
"1","0","true","true","false","true","82","6.428","1502.581052027014"
"5","0.4","true","true","false","true","99","8.724","675.4919235195682"
"6","0.5","true","true","false","true","95","9.004","538.5241515900682"
"9","0.8","true","true","false","true","102","8.984","359.26140713124556"
"7","0.6","true","true","false","true","95","9.372","453.77724918672527"
"2","0.1","true","true","false","true","88","7.168","1347.1361096251612"
"4","0.3","true","true","false","true","91","8.28","826.913389293956"
"8","0.7","true","true","false","true","98","8.692","413.54722386923356"
"6","0.5","true","true","false","true","96","9.004","538.5241515900677"
"5","0.4","true","true","false","true","100","8.732","675.2943962928309"
"1","0","true","true","false","true","83","6.576","1507.3106673230532"
"3","0.2","true","true","false","true","83","7.964","1051.914217997999"
"9","0.8","true","true","false","true","103","8.984","359.26140713124556"
"4","0.3","true","true","false","true","92","8.276","827.577425102743"
"2","0.1","true","true","false","true","89","7.116","1349.9421116641568"
"7","0.6","true","true","false","true","96","9.372","453.777249186725"
"8","0.7","true","true","false","true","99","8.692","413.5472238692334"
"5","0.4","true","true","false","true","101","8.712","675.1047209837537"
"6","0.5","true","true","false","true","97","9.004","538.5241515900681"
"1","0","true","true","false","true","84","6.496","1502.1767850893837"
"9","0.8","true","true","false","true","104","8.984","359.2614071312454"
"4","0.3","true","true","false","true","93","8.288","826.874855144705"
"2","0.1","true","true","false","true","90","7.152","1355.7570188871246"
"3","0.2","true","true","false","true","84","8","1051.2968466689983"
"7","0.6","true","true","false","true","97","9.372","453.77724918672493"
"5","0.4","true","true","false","true","102","8.748","675.0509683668278"
"6","0.5","true","true","false","true","98","9.004","538.5241515900681"
"8","0.7","true","true","false","true","100","8.692","413.54722386923305"
"9","0.8","true","true","false","true","105","8.984","359.26140713124556"
"1","0","true","true","false","true","85","6.544","1503.5415558897203"
"4","0.3","true","true","false","true","94","8.304","826.040427698622"
"2","0.1","true","true","false","true","91","7.232","1351.171192864886"
"5","0.4","true","true","false","true","103","8.712","675.248024893961"
"7","0.6","true","true","false","true","98","9.372","453.7772491867247"
"6","0.5","true","true","false","true","99","9.004","538.5241515900676"
"3","0.2","true","true","false","true","85","7.996","1049.4823546028938"
"9","0.8","true","true","false","true","106","8.984","359.2614071312454"
"8","0.7","true","true","false","true","101","8.692","413.5472238692332"
"4","0.3","true","true","false","true","95","8.292","824.3686342585293"
"1","0","true","true","false","true","86","6.512","1509.2623567143187"
"5","0.4","true","true","false","true","104","8.712","675.0509683668275"
"2","0.1","true","true","false","true","92","7.16","1353.0671856584736"
"6","0.5","true","true","false","true","100","9.004","538.5241515900682"
"9","0.8","true","true","false","true","107","8.984","359.26140713124556"
"7","0.6","true","true","false","true","99","9.372","453.77724918672465"
"3","0.2","true","true","false","true","86","7.984","1047.3165741977723"
"4","0.3","true","true","false","true","96","8.28","823.212972656174"
"8","0.7","true","true","false","true","102","8.692","413.54722386923333"
"1","0","true","true","false","true","87","6.584","1510.0747760576228"
"5","0.4","true","true","false","true","105","8.72","675.2331601504628"
"2","0.1","true","true","false","true","93","7.292","1352.0926932512207"
"6","0.5","true","true","false","true","101","9.004","538.5241515900678"
"9","0.8","true","true","false","true","108","8.984","359.2614071312454"
"8","0.7","true","true","false","true","103","8.692","413.54722386923305"
"7","0.6","true","true","false","true","100","9.372","453.77724918672493"
"4","0.3","true","true","false","true","97","8.368","822.9171822969805"
"5","0.4","true","true","false","true","106","8.72","675.3876076534747"
"3","0.2","true","true","false","true","87","8.088","1045.0495531589938"
"1","0","true","true","false","true","88","6.496","1511.2397329967537"
"2","0.1","true","true","false","true","94","7.192","1353.4489693672185"
"9","0.8","true","true","false","true","109","8.984","359.2614071312455"
"6","0.5","true","true","false","true","102","9.004","538.524151590068"
"4","0.3","true","true","false","true","98","8.344","823.2140709301924"
"8","0.7","true","true","false","true","104","8.692","413.5472238692333"
"5","0.4","true","true","false","true","107","8.732","675.581084637681"
"7","0.6","true","true","false","true","101","9.372","453.777249186725"
"9","0.8","true","true","false","true","110","8.984","359.2614071312456"
"2","0.1","true","true","false","true","95","7.256","1354.5164907809822"
"6","0.5","true","true","false","true","103","9.004","538.5241515900675"
"1","0","true","true","false","true","89","6.552","1515.2776049200957"
"3","0.2","true","true","false","true","88","8.12","1043.9757781418216"
"5","0.4","true","true","false","true","108","8.732","675.7625745019325"
"4","0.3","true","true","false","true","99","8.348","823.4193896078187"
"8","0.7","true","true","false","true","105","8.692","413.547223869233"
"9","0.8","true","true","false","true","111","8.984","359.26140713124545"
"1","0","true","true","false","true","90","6.548","1514.0219649815826"
"7","0.6","true","true","false","true","102","9.372","453.7772491867249"
"6","0.5","true","true","false","true","104","9.004","538.5241515900678"
"2","0.1","true","true","false","true","96","7.296","1348.0163398477066"
"5","0.4","true","true","false","true","109","8.724","675.5694871273671"
"3","0.2","true","true","false","true","89","8.016","1042.221240437702"
"9","0.8","true","true","false","true","112","8.984","359.26140713124533"
"4","0.3","true","true","false","true","100","8.328","822.1622760470535"
"6","0.5","true","true","false","true","105","9.004","538.524151590068"
"8","0.7","true","true","false","true","106","8.692","413.5472238692331"
"2","0.1","true","true","false","true","97","7.288","1346.5086579936626"
"1","0","true","true","false","true","91","6.496","1519.2071802077774"
"7","0.6","true","true","false","true","103","9.372","453.77724918672465"
"5","0.4","true","true","false","true","110","8.724","675.5694871273668"
"4","0.3","true","true","false","true","101","8.4","822.4051749937565"
"9","0.8","true","true","false","true","113","8.984","359.26140713124573"
"6","0.5","true","true","false","true","106","9.004","538.524151590068"
"3","0.2","true","true","false","true","90","8.164","1040.1977852240434"
"2","0.1","true","true","false","true","98","7.312","1346.272782295703"
"8","0.7","true","true","false","true","107","8.692","413.5472238692332"
"7","0.6","true","true","false","true","104","9.372","453.777249186725"
"1","0","true","true","false","true","92","6.452","1530.8851930782782"
"5","0.4","true","true","false","true","111","8.724","675.5694871273665"
"9","0.8","true","true","false","true","114","8.984","359.26140713124556"
"4","0.3","true","true","false","true","102","8.456","821.5447681696763"
"6","0.5","true","true","false","true","107","9.004","538.524151590068"
"2","0.1","true","true","false","true","99","7.256","1343.5400996076428"
"1","0","true","true","false","true","93","6.476","1537.8441309403001"
"3","0.2","true","true","false","true","91","8.044","1042.2570410036064"
"8","0.7","true","true","false","true","108","8.692","413.547223869233"
"5","0.4","true","true","false","true","112","8.724","675.5694871273664"
"7","0.6","true","true","false","true","105","9.372","453.77724918672476"
"4","0.3","true","true","false","true","103","8.42","821.1043995322756"
"9","0.8","true","true","false","true","115","8.984","359.2614071312454"
"6","0.5","true","true","false","true","108","9.004","538.5241515900678"
"2","0.1","true","true","false","true","100","7.264","1345.2970180871976"
"5","0.4","true","true","false","true","113","8.724","675.5694871273665"
"1","0","true","true","false","true","94","6.548","1541.5372571993541"
"8","0.7","true","true","false","true","109","8.692","413.54722386923333"
"7","0.6","true","true","false","true","106","9.372","453.7772491867247"
"3","0.2","true","true","false","true","92","8.068","1041.1107562196757"
"9","0.8","true","true","false","true","116","8.984","359.26140713124533"
"4","0.3","true","true","false","true","104","8.408","821.3693635116877"
"6","0.5","true","true","false","true","109","9.004","538.5241515900677"
"5","0.4","true","true","false","true","114","8.724","675.5694871273666"
"2","0.1","true","true","false","true","101","7.284","1345.684377159237"
"1","0","true","true","false","true","95","6.64","1542.8559785209916"
"9","0.8","true","true","false","true","117","8.984","359.2614071312458"
"6","0.5","true","true","false","true","110","9.004","538.524151590068"
"8","0.7","true","true","false","true","110","8.692","413.5472238692331"
"7","0.6","true","true","false","true","107","9.372","453.777249186725"
"4","0.3","true","true","false","true","105","8.412","822.5965967409456"
"3","0.2","true","true","false","true","93","8.088","1040.6561832243858"
"5","0.4","true","true","false","true","115","8.724","675.5694871273665"
"2","0.1","true","true","false","true","102","7.32","1346.7438379691894"
"9","0.8","true","true","false","true","118","8.984","359.2614071312455"
"6","0.5","true","true","false","true","111","9.004","538.5241515900682"
"1","0","true","true","false","true","96","6.488","1539.3875924683678"
"4","0.3","true","true","false","true","106","8.428","821.690769277515"
"8","0.7","true","true","false","true","111","8.692","413.54722386923305"
"7","0.6","true","true","false","true","108","9.372","453.77724918672556"
"5","0.4","true","true","false","true","116","8.724","675.5694871273658"
"2","0.1","true","true","false","true","103","7.288","1349.9439360891993"
"3","0.2","true","true","false","true","94","8.124","1040.7834415163181"
"9","0.8","true","true","false","true","119","8.984","359.26140713124556"
"6","0.5","true","true","false","true","112","9.004","538.524151590068"
"1","0","true","true","false","true","97","6.568","1539.1097105018478"
"4","0.3","true","true","false","true","107","8.42","821.5111708431358"
"7","0.6","true","true","false","true","109","9.372","453.7772491867251"
"5","0.4","true","true","false","true","117","8.724","675.5694871273669"
"8","0.7","true","true","false","true","112","8.692","413.54722386923333"
"2","0.1","true","true","false","true","104","7.364","1347.909854264426"
"9","0.8","true","true","false","true","120","8.984","359.26140713124545"
"1","0","true","true","false","true","98","6.628","1542.4638747008007"
"6","0.5","true","true","false","true","113","9.004","538.5241515900675"
"4","0.3","true","true","false","true","108","8.464","821.6598013793925"
"5","0.4","true","true","false","true","118","8.724","675.5694871273668"
"3","0.2","true","true","false","true","95","8.132","1038.6164041574782"
"7","0.6","true","true","false","true","110","9.372","453.77724918672465"
"8","0.7","true","true","false","true","113","8.692","413.5472238692332"
"9","0.8","true","true","false","true","121","8.984","359.26140713124556"
"2","0.1","true","true","false","true","105","7.304","1347.69747709102"
"6","0.5","true","true","false","true","114","9.004","538.524151590068"
"1","0","true","true","false","true","99","6.664","1540.3119418420488"
"4","0.3","true","true","false","true","109","8.456","821.858917093138"
"5","0.4","true","true","false","true","119","8.724","675.569487127367"
"9","0.8","true","true","false","true","122","8.984","359.26140713124545"
"2","0.1","true","true","false","true","106","7.32","1348.5232251009986"
"8","0.7","true","true","false","true","114","8.692","413.5472238692331"
"3","0.2","true","true","false","true","96","8.184","1038.2686872455706"
"6","0.5","true","true","false","true","115","9.004","538.5241515900677"
"4","0.3","true","true","false","true","110","8.448","821.517340899605"
"7","0.6","true","true","false","true","111","9.372","453.77724918672476"
"1","0","true","true","false","true","100","6.528","1542.9436735983431"
"5","0.4","true","true","false","true","120","8.724","675.5694871273666"
"9","0.8","true","true","false","true","123","8.984","359.2614071312454"
"2","0.1","true","true","false","true","107","7.26","1349.8439268930874"
"8","0.7","true","true","false","true","115","8.692","413.5472238692331"
"6","0.5","true","true","false","true","116","9.004","538.5241515900682"
"4","0.3","true","true","false","true","111","8.492","820.2681745335401"
"1","0","true","true","false","true","101","6.568","1538.3218216034138"
"7","0.6","true","true","false","true","112","9.372","453.7772491867249"
"9","0.8","true","true","false","true","124","8.984","359.2614071312452"
"5","0.4","true","true","false","true","121","8.724","675.5694871273664"
"3","0.2","true","true","false","true","97","8.14","1034.040232490512"
"6","0.5","true","true","false","true","117","9.004","538.5241515900681"
"2","0.1","true","true","false","true","108","7.264","1353.9941170391048"
"1","0","true","true","false","true","102","6.624","1547.484395866045"
"8","0.7","true","true","false","true","116","8.692","413.5472238692334"
"4","0.3","true","true","false","true","112","8.48","819.3965430156113"
"5","0.4","true","true","false","true","122","8.724","675.5694871273665"
"9","0.8","true","true","false","true","125","8.984","359.2614071312456"
"7","0.6","true","true","false","true","113","9.372","453.7772491867248"
"6","0.5","true","true","false","true","118","9.004","538.5241515900685"
"3","0.2","true","true","false","true","98","8.16","1031.5966159313373"
"2","0.1","true","true","false","true","109","7.308","1350.6222283664843"
"8","0.7","true","true","false","true","117","8.692","413.547223869233"
"4","0.3","true","true","false","true","113","8.452","818.8593819998804"
"9","0.8","true","true","false","true","126","8.984","359.26140713124573"
"1","0","true","true","false","true","103","6.728","1549.987913167994"
"6","0.5","true","true","false","true","119","9.004","538.524151590068"
"5","0.4","true","true","false","true","123","8.724","675.5694871273662"
"7","0.6","true","true","false","true","114","9.372","453.7772491867248"
"2","0.1","true","true","false","true","110","7.3","1351.9089590464891"
"3","0.2","true","true","false","true","99","8.152","1033.9354595773996"
"4","0.3","true","true","false","true","114","8.456","818.2645591661508"
"8","0.7","true","true","false","true","118","8.692","413.547223869233"
"6","0.5","true","true","false","true","120","9.004","538.5241515900681"
"9","0.8","true","true","false","true","127","8.984","359.2614071312458"
"7","0.6","true","true","false","true","115","9.372","453.77724918672493"
"1","0","true","true","false","true","104","6.728","1549.6327227841084"
"5","0.4","true","true","false","true","124","8.724","675.5694871273669"
"2","0.1","true","true","false","true","111","7.392","1350.8959648184446"
"4","0.3","true","true","false","true","115","8.468","818.0041623959288"
"8","0.7","true","true","false","true","119","8.692","413.54722386923333"
"9","0.8","true","true","false","true","128","8.984","359.26140713124556"
"7","0.6","true","true","false","true","116","9.372","453.77724918672476"
"6","0.5","true","true","false","true","121","9.004","538.5241515900681"
"3","0.2","true","true","false","true","100","8.18","1033.0460206213206"
"1","0","true","true","false","true","105","6.696","1548.4782155334094"
"5","0.4","true","true","false","true","125","8.724","675.5694871273668"
"4","0.3","true","true","false","true","116","8.492","817.0415430463606"
"9","0.8","true","true","false","true","129","8.984","359.2614071312454"
"2","0.1","true","true","false","true","112","7.348","1345.7963891161965"
"8","0.7","true","true","false","true","120","8.692","413.5472238692331"
"6","0.5","true","true","false","true","122","9.004","538.5241515900678"
"7","0.6","true","true","false","true","117","9.372","453.7772491867251"
"5","0.4","true","true","false","true","126","8.724","675.5694871273666"
"1","0","true","true","false","true","106","6.648","1542.8931891725254"
"9","0.8","true","true","false","true","130","8.984","359.2614071312458"
"3","0.2","true","true","false","true","101","8.184","1033.6602579574835"
"2","0.1","true","true","false","true","113","7.368","1347.277812335582"
"4","0.3","true","true","false","true","117","8.488","815.7932725093931"
"7","0.6","true","true","false","true","118","9.372","453.77724918672493"
"5","0.4","true","true","false","true","127","8.724","675.5694871273669"
"8","0.7","true","true","false","true","121","8.692","413.5472238692335"
"9","0.8","true","true","false","true","131","8.984","359.26140713124556"
"6","0.5","true","true","false","true","123","9.004","538.5241515900681"
"1","0","true","true","false","true","107","6.612","1540.2588259496451"
"2","0.1","true","true","false","true","114","7.4","1350.0591425139226"
"5","0.4","true","true","false","true","128","8.724","675.5694871273674"
"3","0.2","true","true","false","true","102","8.16","1032.5875696035107"
"4","0.3","true","true","false","true","118","8.472","814.8944861053498"
"9","0.8","true","true","false","true","132","8.984","359.2614071312454"
"6","0.5","true","true","false","true","124","9.004","538.5241515900681"
"8","0.7","true","true","false","true","122","8.692","413.54722386923316"
"7","0.6","true","true","false","true","119","9.372","453.77724918672527"
"2","0.1","true","true","false","true","115","7.452","1350.3331088593268"
"1","0","true","true","false","true","108","6.668","1541.9970707883583"
"5","0.4","true","true","false","true","129","8.724","675.5694871273663"
"4","0.3","true","true","false","true","119","8.5","813.9379962048604"
"9","0.8","true","true","false","true","133","8.984","359.26140713124556"
"6","0.5","true","true","false","true","125","9.004","538.5241515900677"
"3","0.2","true","true","false","true","103","8.252","1029.2009545800238"
"2","0.1","true","true","false","true","116","7.452","1348.9048574985177"
"7","0.6","true","true","false","true","120","9.372","453.77724918672493"
"5","0.4","true","true","false","true","130","8.724","675.5694871273674"
"8","0.7","true","true","false","true","123","8.692","413.54722386923294"
"1","0","true","true","false","true","109","6.568","1539.1402890178317"
"9","0.8","true","true","false","true","134","8.984","359.2614071312453"
"4","0.3","true","true","false","true","120","8.492","814.0379561212999"
"6","0.5","true","true","false","true","126","9.004","538.524151590068"
"2","0.1","true","true","false","true","117","7.444","1347.0762327744123"
"7","0.6","true","true","false","true","121","9.372","453.77724918672476"
"5","0.4","true","true","false","true","131","8.724","675.5694871273668"
"3","0.2","true","true","false","true","104","8.232","1027.2513550237263"
"9","0.8","true","true","false","true","135","8.984","359.2614071312456"
"6","0.5","true","true","false","true","127","9.004","538.524151590068"
"8","0.7","true","true","false","true","124","8.692","413.5472238692332"
"4","0.3","true","true","false","true","121","8.5","813.6483879001297"
"1","0","true","true","false","true","110","6.56","1542.3539466456505"
"2","0.1","true","true","false","true","118","7.464","1348.4249766242785"
"5","0.4","true","true","false","true","132","8.724","675.5694871273665"
"7","0.6","true","true","false","true","122","9.372","453.7772491867251"
"9","0.8","true","true","false","true","136","8.984","359.26140713124573"
"6","0.5","true","true","false","true","128","9.004","538.5241515900676"
"4","0.3","true","true","false","true","122","8.512","813.5374543384892"
"3","0.2","true","true","false","true","105","8.224","1025.9580773158177"
"8","0.7","true","true","false","true","125","8.692","413.54722386923277"
"1","0","true","true","false","true","111","6.664","1542.4788561575672"
"2","0.1","true","true","false","true","119","7.508","1356.5270295423095"
"5","0.4","true","true","false","true","133","8.724","675.5694871273662"
"9","0.8","true","true","false","true","137","8.984","359.26140713124545"
"7","0.6","true","true","false","true","123","9.372","453.77724918672516"
"4","0.3","true","true","false","true","123","8.516","812.7031632570387"
"6","0.5","true","true","false","true","129","9.004","538.5241515900681"
"8","0.7","true","true","false","true","126","8.692","413.54722386923294"
"3","0.2","true","true","false","true","106","8.18","1026.7169870374764"
"5","0.4","true","true","false","true","134","8.724","675.5694871273664"
"1","0","true","true","false","true","112","6.588","1540.8887689230564"
"9","0.8","true","true","false","true","138","8.984","359.2614071312455"
"2","0.1","true","true","false","true","120","7.48","1354.5985847524453"
"6","0.5","true","true","false","true","130","9.004","538.5241515900681"
"4","0.3","true","true","false","true","124","8.512","813.0369985730882"
"7","0.6","true","true","false","true","124","9.372","453.7772491867252"
"5","0.4","true","true","false","true","135","8.724","675.5694871273664"
"8","0.7","true","true","false","true","127","8.692","413.5472238692331"
"9","0.8","true","true","false","true","139","8.984","359.2614071312454"
"2","0.1","true","true","false","true","121","7.488","1352.1416409188816"
"3","0.2","true","true","false","true","107","8.168","1024.751822719424"
"1","0","true","true","false","true","113","6.572","1543.7565696625547"
"4","0.3","true","true","false","true","125","8.508","813.6914770697683"
"6","0.5","true","true","false","true","131","9.004","538.5241515900677"
"7","0.6","true","true","false","true","125","9.372","453.7772491867248"
"5","0.4","true","true","false","true","136","8.724","675.569487127367"
"9","0.8","true","true","false","true","140","8.984","359.2614071312453"
"8","0.7","true","true","false","true","128","8.692","413.5472238692331"
"2","0.1","true","true","false","true","122","7.52","1354.963541185657"
"6","0.5","true","true","false","true","132","9.004","538.5241515900681"
"1","0","true","true","false","true","114","6.624","1539.4177654794821"
"4","0.3","true","true","false","true","126","8.504","813.2350851604991"
"5","0.4","true","true","false","true","137","8.724","675.5694871273665"
"3","0.2","true","true","false","true","108","8.188","1022.3497052446653"
"9","0.8","true","true","false","true","141","8.984","359.26140713124556"
"7","0.6","true","true","false","true","126","9.372","453.7772491867248"
"8","0.7","true","true","false","true","129","8.692","413.5472238692333"
"6","0.5","true","true","false","true","133","9.004","538.524151590068"
"2","0.1","true","true","false","true","123","7.488","1357.9832707740222"
"5","0.4","true","true","false","true","138","8.724","675.569487127367"
"4","0.3","true","true","false","true","127","8.508","813.0673203120388"
"9","0.8","true","true","false","true","142","8.984","359.26140713124573"
"1","0","true","true","false","true","115","6.692","1534.8257449738555"
"7","0.6","true","true","false","true","127","9.372","453.7772491867249"
"3","0.2","true","true","false","true","109","8.18","1022.069969666135"
"2","0.1","true","true","false","true","124","7.48","1359.5734033535305"
"5","0.4","true","true","false","true","139","8.724","675.5694871273666"
"8","0.7","true","true","false","true","130","8.692","413.5472238692328"
"4","0.3","true","true","false","true","128","8.504","812.8341833471824"
"6","0.5","true","true","false","true","134","9.004","538.5241515900683"
"9","0.8","true","true","false","true","143","8.984","359.26140713124545"
"1","0","true","true","false","true","116","6.584","1531.5368046107653"
"7","0.6","true","true","false","true","128","9.372","453.77724918672476"
"5","0.4","true","true","false","true","140","8.724","675.5694871273665"
"2","0.1","true","true","false","true","125","7.516","1358.8081538278684"
"6","0.5","true","true","false","true","135","9.004","538.5241515900681"
"4","0.3","true","true","false","true","129","8.504","812.4764238668848"
"8","0.7","true","true","false","true","131","8.692","413.54722386923333"
"3","0.2","true","true","false","true","110","8.264","1021.2717520334961"
"9","0.8","true","true","false","true","144","8.984","359.26140713124545"
"5","0.4","true","true","false","true","141","8.724","675.5694871273672"
"1","0","true","true","false","true","117","6.7","1535.8620865994483"
"7","0.6","true","true","false","true","129","9.372","453.77724918672465"
"2","0.1","true","true","false","true","126","7.444","1357.881974624589"
"6","0.5","true","true","false","true","136","9.004","538.5241515900676"
"4","0.3","true","true","false","true","130","8.512","812.5093354669392"
"9","0.8","true","true","false","true","145","8.984","359.2614071312459"
"8","0.7","true","true","false","true","132","8.692","413.5472238692329"
"5","0.4","true","true","false","true","142","8.724","675.5694871273668"
"3","0.2","true","true","false","true","111","8.288","1021.2360305387945"
"1","0","true","true","false","true","118","6.552","1526.7007343878465"
"2","0.1","true","true","false","true","127","7.48","1358.4250366730812"
"6","0.5","true","true","false","true","137","9.004","538.5241515900681"
"9","0.8","true","true","false","true","146","8.984","359.2614071312456"
"4","0.3","true","true","false","true","131","8.508","812.191865797408"
"7","0.6","true","true","false","true","130","9.372","453.77724918672516"
"5","0.4","true","true","false","true","143","8.724","675.5694871273669"
"8","0.7","true","true","false","true","133","8.692","413.54722386923316"
"2","0.1","true","true","false","true","128","7.408","1355.144716748318"
"9","0.8","true","true","false","true","147","8.984","359.2614071312455"
"6","0.5","true","true","false","true","138","9.004","538.5241515900681"
"3","0.2","true","true","false","true","112","8.296","1021.9665260122515"
"4","0.3","true","true","false","true","132","8.496","812.3092435613285"
"1","0","true","true","false","true","119","6.696","1531.851691843387"
"5","0.4","true","true","false","true","144","8.724","675.569487127366"
"7","0.6","true","true","false","true","131","9.372","453.7772491867253"
"8","0.7","true","true","false","true","134","8.692","413.54722386923316"
"9","0.8","true","true","false","true","148","8.984","359.26140713124556"
"6","0.5","true","true","false","true","139","9.004","538.5241515900676"
"2","0.1","true","true","false","true","129","7.404","1355.795419624433"
"4","0.3","true","true","false","true","133","8.504","812.4282992944874"
"5","0.4","true","true","false","true","145","8.724","675.5694871273669"
"1","0","true","true","false","true","120","6.512","1524.5052523111683"
"3","0.2","true","true","false","true","113","8.296","1021.679632378833"
"7","0.6","true","true","false","true","132","9.372","453.7772491867249"
"9","0.8","true","true","false","true","149","8.984","359.2614071312455"
"8","0.7","true","true","false","true","135","8.692","413.5472238692332"
"6","0.5","true","true","false","true","140","9.004","538.5241515900684"
"5","0.4","true","true","false","true","146","8.724","675.569487127367"
"2","0.1","true","true","false","true","130","7.504","1357.7790713215152"
"4","0.3","true","true","false","true","134","8.512","812.4500742757891"
"1","0","true","true","false","true","121","6.596","1526.3799321397094"
"9","0.8","true","true","false","true","150","8.984","359.2614071312454"
"3","0.2","true","true","false","true","114","8.388","1020.3725825901489"
"6","0.5","true","true","false","true","141","9.004","538.5241515900682"
"5","0.4","true","true","false","true","147","8.724","675.5694871273665"
"7","0.6","true","true","false","true","133","9.372","453.77724918672493"
"2","0.1","true","true","false","true","131","7.392","1354.5535467997906"
"8","0.7","true","true","false","true","136","8.692","413.54722386923333"
"4","0.3","true","true","false","true","135","8.516","812.2801136755941"
"1","0","true","true","false","true","122","6.588","1536.7927229783177"
"9","0.8","true","true","false","true","151","8.984","359.2614071312454"
"5","0.4","true","true","false","true","148","8.724","675.5694871273669"
"6","0.5","true","true","false","true","142","9.004","538.5241515900676"
"2","0.1","true","true","false","true","132","7.404","1355.2110208304825"
"3","0.2","true","true","false","true","115","8.404","1017.5700374119359"
"7","0.6","true","true","false","true","134","9.372","453.77724918672476"
"4","0.3","true","true","false","true","136","8.508","812.6434724987778"
"8","0.7","true","true","false","true","137","8.692","413.5472238692333"
"9","0.8","true","true","false","true","152","8.984","359.26140713124556"
"1","0","true","true","false","true","123","6.596","1530.648922722142"
"5","0.4","true","true","false","true","149","8.724","675.5694871273668"
"6","0.5","true","true","false","true","143","9.004","538.524151590068"
"2","0.1","true","true","false","true","133","7.428","1358.9061350351012"
"4","0.3","true","true","false","true","137","8.512","812.3792583343841"
"8","0.7","true","true","false","true","138","8.692","413.54722386923305"
"7","0.6","true","true","false","true","135","9.372","453.777249186725"
"9","0.8","true","true","false","true","153","8.984","359.2614071312451"
"3","0.2","true","true","false","true","116","8.392","1019.6350407144624"
"5","0.4","true","true","false","true","150","8.724","675.5694871273668"
"1","0","true","true","false","true","124","6.632","1532.1352256106866"
"6","0.5","true","true","false","true","144","9.004","538.524151590068"
"2","0.1","true","true","false","true","134","7.404","1358.4872569830038"
"4","0.3","true","true","false","true","138","8.516","812.0851840071499"
"8","0.7","true","true","false","true","139","8.692","413.54722386923316"
"9","0.8","true","true","false","true","154","8.984","359.26140713124556"
"5","0.4","true","true","false","true","151","8.724","675.5694871273663"
"1","0","true","true","false","true","125","6.592","1529.1548479239214"
"7","0.6","true","true","false","true","136","9.372","453.7772491867249"
"6","0.5","true","true","false","true","145","9.004","538.5241515900676"
"3","0.2","true","true","false","true","117","8.416","1017.572345182336"
"2","0.1","true","true","false","true","135","7.456","1358.4279876745518"
"4","0.3","true","true","false","true","139","8.508","812.163396406009"
"5","0.4","true","true","false","true","152","8.724","675.5694871273671"
"8","0.7","true","true","false","true","140","8.692","413.5472238692331"
"9","0.8","true","true","false","true","155","8.984","359.26140713124545"
"6","0.5","true","true","false","true","146","9.004","538.524151590068"
"1","0","true","true","false","true","126","6.64","1532.6199375210451"
"7","0.6","true","true","false","true","137","9.372","453.777249186725"
"2","0.1","true","true","false","true","136","7.472","1356.497433383711"
"4","0.3","true","true","false","true","140","8.508","812.485186327799"
"5","0.4","true","true","false","true","153","8.724","675.5694871273663"
"3","0.2","true","true","false","true","118","8.432","1016.3154236524805"
"9","0.8","true","true","false","true","156","8.984","359.26140713124545"
"6","0.5","true","true","false","true","147","9.004","538.524151590068"
"8","0.7","true","true","false","true","141","8.692","413.54722386923316"
"5","0.4","true","true","false","true","154","8.724","675.5694871273671"
"7","0.6","true","true","false","true","138","9.372","453.7772491867247"
"1","0","true","true","false","true","127","6.612","1533.552947426246"
"4","0.3","true","true","false","true","141","8.512","812.495927461275"
"2","0.1","true","true","false","true","137","7.508","1354.2327118027902"
"9","0.8","true","true","false","true","157","8.984","359.2614071312453"
"6","0.5","true","true","false","true","148","9.004","538.5241515900674"
"3","0.2","true","true","false","true","119","8.372","1017.1188818230072"
"5","0.4","true","true","false","true","155","8.724","675.5694871273666"
"8","0.7","true","true","false","true","142","8.692","413.5472238692334"
"4","0.3","true","true","false","true","142","8.512","812.4959274612743"
"2","0.1","true","true","false","true","138","7.4","1350.7100303586772"
"9","0.8","true","true","false","true","158","8.984","359.2614071312458"
"1","0","true","true","false","true","128","6.628","1540.4834234756609"
"7","0.6","true","true","false","true","139","9.372","453.7772491867248"
"6","0.5","true","true","false","true","149","9.004","538.524151590068"
"5","0.4","true","true","false","true","156","8.724","675.5694871273671"
"8","0.7","true","true","false","true","143","8.692","413.5472238692332"
"9","0.8","true","true","false","true","159","8.984","359.2614071312453"
"2","0.1","true","true","false","true","139","7.468","1351.5622053640639"
"3","0.2","true","true","false","true","120","8.388","1016.8038134992454"
"4","0.3","true","true","false","true","143","8.512","812.4959274612744"
"6","0.5","true","true","false","true","150","9.004","538.5241515900678"
"7","0.6","true","true","false","true","140","9.372","453.7772491867249"
"5","0.4","true","true","false","true","157","8.724","675.5694871273662"
"1","0","true","true","false","true","129","6.56","1543.9917354149493"
"9","0.8","true","true","false","true","160","8.984","359.2614071312454"
"2","0.1","true","true","false","true","140","7.492","1350.4073651083763"
"8","0.7","true","true","false","true","144","8.692","413.5472238692334"
"4","0.3","true","true","false","true","144","8.512","812.4959274612739"
"6","0.5","true","true","false","true","151","9.004","538.5241515900678"
"5","0.4","true","true","false","true","158","8.724","675.5694871273669"
"3","0.2","true","true","false","true","121","8.388","1019.3427280484128"
"1","0","true","true","false","true","130","6.544","1549.1880426204466"
"7","0.6","true","true","false","true","141","9.372","453.7772491867248"
"9","0.8","true","true","false","true","161","8.984","359.2614071312454"
"2","0.1","true","true","false","true","141","7.5","1351.4044921448415"
"4","0.3","true","true","false","true","145","8.512","812.4959274612744"
"5","0.4","true","true","false","true","159","8.724","675.5694871273666"
"8","0.7","true","true","false","true","145","8.692","413.5472238692332"
"6","0.5","true","true","false","true","152","9.004","538.5241515900684"
"9","0.8","true","true","false","true","162","8.984","359.26140713124585"
"7","0.6","true","true","false","true","142","9.372","453.7772491867248"
"3","0.2","true","true","false","true","122","8.404","1017.6381874199558"
"1","0","true","true","false","true","131","6.472","1547.9653176456961"
"2","0.1","true","true","false","true","142","7.564","1347.8460235503062"
"5","0.4","true","true","false","true","160","8.724","675.569487127367"
"6","0.5","true","true","false","true","153","9.004","538.5241515900681"
"8","0.7","true","true","false","true","146","8.692","413.54722386923305"
"4","0.3","true","true","false","true","146","8.512","812.4959274612747"
"9","0.8","true","true","false","true","163","8.984","359.26140713124545"
"1","0","true","true","false","true","132","6.516","1544.0283937415136"
"2","0.1","true","true","false","true","143","7.548","1352.3499262905539"
"7","0.6","true","true","false","true","143","9.372","453.777249186725"
"5","0.4","true","true","false","true","161","8.724","675.5694871273674"
"6","0.5","true","true","false","true","154","9.004","538.5241515900678"
"3","0.2","true","true","false","true","123","8.416","1017.4409383649152"
"4","0.3","true","true","false","true","147","8.512","812.4959274612744"
"9","0.8","true","true","false","true","164","8.984","359.2614071312454"
"8","0.7","true","true","false","true","147","8.692","413.5472238692333"
"5","0.4","true","true","false","true","162","8.724","675.5694871273668"
"2","0.1","true","true","false","true","144","7.544","1352.241686998652"
"1","0","true","true","false","true","133","6.464","1539.5372184631997"
"6","0.5","true","true","false","true","155","9.004","538.524151590068"
"9","0.8","true","true","false","true","165","8.984","359.26140713124533"
"7","0.6","true","true","false","true","144","9.372","453.7772491867247"
"4","0.3","true","true","false","true","148","8.512","812.4959274612745"
"3","0.2","true","true","false","true","124","8.448","1016.9634035875964"
"8","0.7","true","true","false","true","148","8.692","413.5472238692328"
"5","0.4","true","true","false","true","163","8.724","675.5694871273672"
"1","0","true","true","false","true","134","6.588","1533.7040746267714"
"9","0.8","true","true","false","true","166","8.984","359.26140713124545"
"2","0.1","true","true","false","true","145","7.544","1354.4576663737898"
"6","0.5","true","true","false","true","156","9.004","538.5241515900685"
"4","0.3","true","true","false","true","149","8.512","812.4959274612746"
"5","0.4","true","true","false","true","164","8.724","675.5694871273665"
"7","0.6","true","true","false","true","145","9.372","453.7772491867249"
"8","0.7","true","true","false","true","149","8.692","413.5472238692334"
"3","0.2","true","true","false","true","125","8.484","1014.299753083125"
"9","0.8","true","true","false","true","167","8.984","359.2614071312456"
"1","0","true","true","false","true","135","6.58","1537.2998343897127"
"2","0.1","true","true","false","true","146","7.508","1354.3065296463908"
"6","0.5","true","true","false","true","157","9.004","538.5241515900678"
"5","0.4","true","true","false","true","165","8.724","675.5694871273671"
"4","0.3","true","true","false","true","150","8.512","812.4959274612738"
"8","0.7","true","true","false","true","150","8.692","413.54722386923333"
"7","0.6","true","true","false","true","146","9.372","453.77724918672516"
"9","0.8","true","true","false","true","168","8.984","359.2614071312454"
"2","0.1","true","true","false","true","147","7.448","1351.14890883106"
"5","0.4","true","true","false","true","166","8.724","675.5694871273666"
"3","0.2","true","true","false","true","126","8.436","1014.0843298565986"
"6","0.5","true","true","false","true","158","9.004","538.524151590068"
"1","0","true","true","false","true","136","6.552","1534.7765883001885"
"4","0.3","true","true","false","true","151","8.512","812.4959274612745"
"9","0.8","true","true","false","true","169","8.984","359.26140713124556"
"8","0.7","true","true","false","true","151","8.692","413.5472238692332"
"5","0.4","true","true","false","true","167","8.724","675.5694871273668"
"7","0.6","true","true","false","true","147","9.372","453.7772491867252"
"2","0.1","true","true","false","true","148","7.516","1351.5538764436628"
"4","0.3","true","true","false","true","152","8.512","812.4959274612746"
"6","0.5","true","true","false","true","159","9.004","538.5241515900676"
"1","0","true","true","false","true","137","6.496","1540.630528490557"
"3","0.2","true","true","false","true","127","8.436","1013.6087978460955"
"5","0.4","true","true","false","true","168","8.724","675.569487127367"
"9","0.8","true","true","false","true","170","8.984","359.26140713124516"
"8","0.7","true","true","false","true","152","8.692","413.5472238692332"
"2","0.1","true","true","false","true","149","7.576","1350.3063014955683"
"7","0.6","true","true","false","true","148","9.372","453.777249186725"
"4","0.3","true","true","false","true","153","8.512","812.495927461275"
"6","0.5","true","true","false","true","160","9.004","538.5241515900677"
"5","0.4","true","true","false","true","169","8.724","675.5694871273665"
"1","0","true","true","false","true","138","6.452","1540.8019582955556"
"9","0.8","true","true","false","true","171","8.984","359.26140713124556"
"3","0.2","true","true","false","true","128","8.444","1013.062869653782"
"8","0.7","true","true","false","true","153","8.692","413.5472238692332"
"2","0.1","true","true","false","true","150","7.556","1354.1500230009658"
"5","0.4","true","true","false","true","170","8.724","675.5694871273666"
"4","0.3","true","true","false","true","154","8.512","812.4959274612751"
"9","0.8","true","true","false","true","172","8.984","359.2614071312454"
"6","0.5","true","true","false","true","161","9.004","538.5241515900682"
"7","0.6","true","true","false","true","149","9.372","453.7772491867252"
"1","0","true","true","false","true","139","6.456","1539.78843478086"
"5","0.4","true","true","false","true","171","8.724","675.5694871273663"
"8","0.7","true","true","false","true","154","8.692","413.5472238692332"
"4","0.3","true","true","false","true","155","8.512","812.4959274612744"
"2","0.1","true","true","false","true","151","7.592","1353.3188534689882"
"3","0.2","true","true","false","true","129","8.432","1012.9910640341021"
"9","0.8","true","true","false","true","173","8.984","359.26140713124556"
"6","0.5","true","true","false","true","162","9.004","538.5241515900682"
"7","0.6","true","true","false","true","150","9.372","453.77724918672493"
"1","0","true","true","false","true","140","6.46","1542.2177107622501"
"5","0.4","true","true","false","true","172","8.724","675.5694871273672"
"4","0.3","true","true","false","true","156","8.512","812.4959274612746"
"9","0.8","true","true","false","true","174","8.984","359.2614071312454"
"2","0.1","true","true","false","true","152","7.552","1354.5455401067584"
"8","0.7","true","true","false","true","155","8.692","413.54722386923277"
"6","0.5","true","true","false","true","163","9.004","538.5241515900678"
"3","0.2","true","true","false","true","130","8.416","1012.5801576883734"
"5","0.4","true","true","false","true","173","8.724","675.5694871273665"
"7","0.6","true","true","false","true","151","9.372","453.777249186725"
"1","0","true","true","false","true","141","6.54","1542.6927248223203"
"9","0.8","true","true","false","true","175","8.984","359.2614071312459"
"4","0.3","true","true","false","true","157","8.512","812.4959274612747"
"2","0.1","true","true","false","true","153","7.584","1356.1061415980835"
"8","0.7","true","true","false","true","156","8.692","413.5472238692331"
"6","0.5","true","true","false","true","164","9.004","538.5241515900676"
"5","0.4","true","true","false","true","174","8.724","675.5694871273665"
"3","0.2","true","true","false","true","131","8.396","1011.9267454400799"
"9","0.8","true","true","false","true","176","8.984","359.2614071312457"
"4","0.3","true","true","false","true","158","8.512","812.4959274612737"
"1","0","true","true","false","true","142","6.504","1546.1562962512455"
"7","0.6","true","true","false","true","152","9.372","453.77724918672476"
"2","0.1","true","true","false","true","154","7.664","1359.460034014599"
"6","0.5","true","true","false","true","165","9.004","538.5241515900682"
"8","0.7","true","true","false","true","157","8.692","413.5472238692333"
"5","0.4","true","true","false","true","175","8.724","675.5694871273669"
"9","0.8","true","true","false","true","177","8.984","359.2614071312454"
"4","0.3","true","true","false","true","159","8.512","812.4959274612748"
"3","0.2","true","true","false","true","132","8.468","1012.213587621342"
"1","0","true","true","false","true","143","6.552","1548.8032895467218"
"2","0.1","true","true","false","true","155","7.58","1355.910707926576"
"5","0.4","true","true","false","true","176","8.724","675.5694871273671"
"6","0.5","true","true","false","true","166","9.004","538.5241515900683"
"8","0.7","true","true","false","true","158","8.692","413.54722386923305"
"7","0.6","true","true","false","true","153","9.372","453.77724918672516"
"9","0.8","true","true","false","true","178","8.984","359.2614071312458"
"4","0.3","true","true","false","true","160","8.512","812.495927461275"
"5","0.4","true","true","false","true","177","8.724","675.5694871273668"
"2","0.1","true","true","false","true","156","7.62","1353.03257013753"
"3","0.2","true","true","false","true","133","8.416","1011.618583862376"
"1","0","true","true","false","true","144","6.464","1555.3927242888406"
"6","0.5","true","true","false","true","167","9.004","538.5241515900678"
"8","0.7","true","true","false","true","159","8.692","413.5472238692332"
"9","0.8","true","true","false","true","179","8.984","359.2614071312454"
"4","0.3","true","true","false","true","161","8.512","812.4959274612744"
"5","0.4","true","true","false","true","178","8.724","675.5694871273669"
"7","0.6","true","true","false","true","154","9.372","453.7772491867253"
"6","0.5","true","true","false","true","168","9.004","538.5241515900674"
"2","0.1","true","true","false","true","157","7.612","1353.1926626813342"
"9","0.8","true","true","false","true","180","8.984","359.2614071312452"
"8","0.7","true","true","false","true","160","8.692","413.54722386923277"
"3","0.2","true","true","false","true","134","8.432","1011.3393846143694"
"1","0","true","true","false","true","145","6.42","1559.5518838619034"
"5","0.4","true","true","false","true","179","8.724","675.5694871273665"
"4","0.3","true","true","false","true","162","8.512","812.4959274612742"
"6","0.5","true","true","false","true","169","9.004","538.5241515900681"
"7","0.6","true","true","false","true","155","9.372","453.7772491867251"
"9","0.8","true","true","false","true","181","8.984","359.26140713124556"
"2","0.1","true","true","false","true","158","7.68","1352.9318727789212"
"8","0.7","true","true","false","true","161","8.692","413.5472238692332"
"5","0.4","true","true","false","true","180","8.724","675.5694871273669"
"4","0.3","true","true","false","true","163","8.512","812.4959274612746"
"1","0","true","true","false","true","146","6.388","1561.0094541056894"
"3","0.2","true","true","false","true","135","8.412","1011.6048769705629"
"9","0.8","true","true","false","true","182","8.984","359.26140713124556"
"7","0.6","true","true","false","true","156","9.372","453.7772491867248"
"2","0.1","true","true","false","true","159","7.628","1351.7461144878857"
"5","0.4","true","true","false","true","181","8.724","675.5694871273665"
"6","0.5","true","true","false","true","170","9.004","538.5241515900677"
"4","0.3","true","true","false","true","164","8.512","812.4959274612745"
"8","0.7","true","true","false","true","162","8.692","413.5472238692334"
"9","0.8","true","true","false","true","183","8.984","359.26140713124545"
"5","0.4","true","true","false","true","182","8.724","675.5694871273665"
"1","0","true","true","false","true","147","6.424","1563.7003578177148"
"3","0.2","true","true","false","true","136","8.432","1012.5738742503802"
"2","0.1","true","true","false","true","160","7.624","1350.783488148654"
"7","0.6","true","true","false","true","157","9.372","453.7772491867248"
"6","0.5","true","true","false","true","171","9.004","538.524151590068"
"4","0.3","true","true","false","true","165","8.512","812.4959274612745"
"5","0.4","true","true","false","true","183","8.724","675.5694871273666"
"9","0.8","true","true","false","true","184","8.984","359.2614071312458"
"8","0.7","true","true","false","true","163","8.692","413.54722386923345"
"1","0","true","true","false","true","148","6.536","1568.2485974594747"
"2","0.1","true","true","false","true","161","7.528","1353.5108879362203"
"4","0.3","true","true","false","true","166","8.512","812.4959274612744"
"7","0.6","true","true","false","true","158","9.372","453.777249186725"
"3","0.2","true","true","false","true","137","8.424","1011.8723865797563"
"6","0.5","true","true","false","true","172","9.004","538.5241515900682"
"5","0.4","true","true","false","true","184","8.724","675.5694871273671"
"9","0.8","true","true","false","true","185","8.984","359.26140713124556"
"8","0.7","true","true","false","true","164","8.692","413.54722386923305"
"2","0.1","true","true","false","true","162","7.496","1353.1482074527376"
"1","0","true","true","false","true","149","6.504","1569.0301440817877"
"5","0.4","true","true","false","true","185","8.724","675.5694871273668"
"4","0.3","true","true","false","true","167","8.512","812.495927461275"
"6","0.5","true","true","false","true","173","9.004","538.5241515900681"
"9","0.8","true","true","false","true","186","8.984","359.2614071312452"
"7","0.6","true","true","false","true","159","9.372","453.7772491867248"
"3","0.2","true","true","false","true","138","8.424","1011.600490495316"
"8","0.7","true","true","false","true","165","8.692","413.5472238692328"
"5","0.4","true","true","false","true","186","8.724","675.5694871273663"
"2","0.1","true","true","false","true","163","7.572","1351.8648839262637"
"1","0","true","true","false","true","150","6.62","1569.0570421632874"
"4","0.3","true","true","false","true","168","8.512","812.4959274612747"
"9","0.8","true","true","false","true","187","8.984","359.26140713124556"
"6","0.5","true","true","false","true","174","9.004","538.524151590068"
"5","0.4","true","true","false","true","187","8.724","675.5694871273664"
"7","0.6","true","true","false","true","160","9.372","453.7772491867248"
"3","0.2","true","true","false","true","139","8.444","1010.474197968617"
"2","0.1","true","true","false","true","164","7.54","1349.0094955275945"
"4","0.3","true","true","false","true","169","8.512","812.4959274612745"
"8","0.7","true","true","false","true","166","8.692","413.54722386923333"
"9","0.8","true","true","false","true","188","8.984","359.26140713124545"
"6","0.5","true","true","false","true","175","9.004","538.5241515900681"
"1","0","true","true","false","true","151","6.524","1570.064049737859"
"5","0.4","true","true","false","true","188","8.724","675.5694871273669"
"7","0.6","true","true","false","true","161","9.372","453.7772491867251"
"2","0.1","true","true","false","true","165","7.564","1347.4000609926052"
"9","0.8","true","true","false","true","189","8.984","359.26140713124533"
"4","0.3","true","true","false","true","170","8.512","812.4959274612751"
"8","0.7","true","true","false","true","167","8.692","413.5472238692334"
"6","0.5","true","true","false","true","176","9.004","538.5241515900677"
"3","0.2","true","true","false","true","140","8.452","1009.9443635074352"
"1","0","true","true","false","true","152","6.412","1571.5827053799571"
"5","0.4","true","true","false","true","189","8.724","675.5694871273664"
"9","0.8","true","true","false","true","190","8.984","359.26140713124545"
"2","0.1","true","true","false","true","166","7.576","1348.95135819221"
"7","0.6","true","true","false","true","162","9.372","453.7772491867252"
"4","0.3","true","true","false","true","171","8.512","812.4959274612746"
"6","0.5","true","true","false","true","177","9.004","538.524151590068"
"8","0.7","true","true","false","true","168","8.692","413.5472238692335"
"5","0.4","true","true","false","true","190","8.724","675.5694871273665"
"1","0","true","true","false","true","153","6.504","1569.4757348786798"
"3","0.2","true","true","false","true","141","8.456","1009.0908443091057"
"9","0.8","true","true","false","true","191","8.984","359.26140713124533"
"2","0.1","true","true","false","true","167","7.54","1353.0021697627783"
"4","0.3","true","true","false","true","172","8.512","812.4959274612745"
"5","0.4","true","true","false","true","191","8.724","675.5694871273669"
"7","0.6","true","true","false","true","163","9.372","453.7772491867249"
"6","0.5","true","true","false","true","178","9.004","538.5241515900676"
"8","0.7","true","true","false","true","169","8.692","413.54722386923316"
"1","0","true","true","false","true","154","6.536","1568.6788458460665"
"9","0.8","true","true","false","true","192","8.984","359.26140713124533"
"3","0.2","true","true","false","true","142","8.464","1008.5221696391711"
"4","0.3","true","true","false","true","173","8.512","812.4959274612745"
"5","0.4","true","true","false","true","192","8.724","675.5694871273672"
"2","0.1","true","true","false","true","168","7.564","1358.0165914368404"
"6","0.5","true","true","false","true","179","9.004","538.5241515900677"
"8","0.7","true","true","false","true","170","8.692","413.5472238692333"
"9","0.8","true","true","false","true","193","8.984","359.2614071312456"
"7","0.6","true","true","false","true","164","9.372","453.77724918672516"
"5","0.4","true","true","false","true","193","8.724","675.5694871273669"
"4","0.3","true","true","false","true","174","8.512","812.495927461275"
"1","0","true","true","false","true","155","6.492","1570.343240622743"
"2","0.1","true","true","false","true","169","7.588","1357.3117826252176"
"3","0.2","true","true","false","true","143","8.508","1007.6611663448708"
"6","0.5","true","true","false","true","180","9.004","538.5241515900681"
"8","0.7","true","true","false","true","171","8.692","413.54722386923305"
"9","0.8","true","true","false","true","194","8.984","359.26140713124545"
"5","0.4","true","true","false","true","194","8.724","675.5694871273665"
"4","0.3","true","true","false","true","175","8.512","812.4959274612745"
"7","0.6","true","true","false","true","165","9.372","453.77724918672516"
"1","0","true","true","false","true","156","6.524","1573.3953736371702"
"2","0.1","true","true","false","true","170","7.516","1357.0192999399424"
"5","0.4","true","true","false","true","195","8.724","675.5694871273664"
"6","0.5","true","true","false","true","181","9.004","538.5241515900676"
"9","0.8","true","true","false","true","195","8.984","359.2614071312457"
"8","0.7","true","true","false","true","172","8.692","413.54722386923305"
"4","0.3","true","true","false","true","176","8.512","812.4959274612744"
"3","0.2","true","true","false","true","144","8.512","1007.0706031946612"
"2","0.1","true","true","false","true","171","7.488","1356.6625901890081"
"5","0.4","true","true","false","true","196","8.724","675.5694871273664"
"1","0","true","true","false","true","157","6.404","1569.2789926744472"
"7","0.6","true","true","false","true","166","9.372","453.7772491867248"
"9","0.8","true","true","false","true","196","8.984","359.2614071312452"
"6","0.5","true","true","false","true","182","9.004","538.5241515900681"
"4","0.3","true","true","false","true","177","8.512","812.495927461274"
"8","0.7","true","true","false","true","173","8.692","413.54722386923345"
"5","0.4","true","true","false","true","197","8.724","675.5694871273669"
"3","0.2","true","true","false","true","145","8.512","1006.4219833927883"
"2","0.1","true","true","false","true","172","7.5","1355.1144580664443"
"9","0.8","true","true","false","true","197","8.984","359.26140713124533"
"1","0","true","true","false","true","158","6.456","1572.4902362029304"
"4","0.3","true","true","false","true","178","8.512","812.4959274612742"
"6","0.5","true","true","false","true","183","9.004","538.5241515900684"
"5","0.4","true","true","false","true","198","8.724","675.5694871273663"
"7","0.6","true","true","false","true","167","9.372","453.77724918672476"
"8","0.7","true","true","false","true","174","8.692","413.5472238692332"
"2","0.1","true","true","false","true","173","7.464","1353.8355780599295"
"9","0.8","true","true","false","true","198","8.984","359.2614071312454"
"3","0.2","true","true","false","true","146","8.512","1006.9840489702086"
"4","0.3","true","true","false","true","179","8.512","812.4959274612744"
"5","0.4","true","true","false","true","199","8.724","675.5694871273662"
"6","0.5","true","true","false","true","184","9.004","538.524151590068"
"1","0","true","true","false","true","159","6.48","1571.9014149909792"
"8","0.7","true","true","false","true","175","8.692","413.54722386923356"
"2","0.1","true","true","false","true","174","7.496","1355.7651663322863"
"7","0.6","true","true","false","true","168","9.372","453.777249186725"
"9","0.8","true","true","false","true","199","8.984","359.2614071312456"
"4","0.3","true","true","false","true","180","8.512","812.495927461274"
"5","0.4","true","true","false","true","200","8.724","675.5694871273668"
"3","0.2","true","true","false","true","147","8.508","1007.1610694113872"
"6","0.5","true","true","false","true","185","9.004","538.524151590068"
"8","0.7","true","true","false","true","176","8.692","413.54722386923305"
"9","0.8","true","true","false","true","200","8.984","359.26140713124533"
"1","0","true","true","false","true","160","6.416","1578.2932055762008"
"5","0.4","true","true","false","true","201","8.724","675.569487127366"
"2","0.1","true","true","false","true","175","7.464","1354.5320294644173"
"4","0.3","true","true","false","true","181","8.512","812.4959274612744"
"7","0.6","true","true","false","true","169","9.372","453.7772491867251"
"6","0.5","true","true","false","true","186","9.004","538.524151590068"
"9","0.8","true","true","false","true","201","8.984","359.26140713124556"
"3","0.2","true","true","false","true","148","8.48","1007.1663151502178"
"1","0","true","true","false","true","161","6.34","1576.5928563937102"
"8","0.7","true","true","false","true","177","8.692","413.5472238692333"
"5","0.4","true","true","false","true","202","8.724","675.5694871273665"
"2","0.1","true","true","false","true","176","7.536","1353.346470885353"
"4","0.3","true","true","false","true","182","8.512","812.4959274612742"
"7","0.6","true","true","false","true","170","9.372","453.7772491867249"
"9","0.8","true","true","false","true","202","8.984","359.26140713124585"
"5","0.4","true","true","false","true","203","8.724","675.5694871273666"
"6","0.5","true","true","false","true","187","9.004","538.5241515900675"
"1","0","true","true","false","true","162","6.352","1572.8638776596638"
"8","0.7","true","true","false","true","178","8.692","413.5472238692331"
"4","0.3","true","true","false","true","183","8.512","812.4959274612747"
"3","0.2","true","true","false","true","149","8.488","1006.2112501126992"
"2","0.1","true","true","false","true","177","7.488","1354.5883839713463"
"9","0.8","true","true","false","true","203","8.984","359.2614071312457"
"5","0.4","true","true","false","true","204","8.724","675.5694871273669"
"7","0.6","true","true","false","true","171","9.372","453.7772491867253"
"1","0","true","true","false","true","163","6.38","1573.1386472112742"
"6","0.5","true","true","false","true","188","9.004","538.524151590068"
"4","0.3","true","true","false","true","184","8.512","812.4959274612742"
"5","0.4","true","true","false","true","205","8.724","675.5694871273669"
"3","0.2","true","true","false","true","150","8.492","1006.4272480141057"
"8","0.7","true","true","false","true","179","8.692","413.54722386923316"
"9","0.8","true","true","false","true","204","8.984","359.2614071312455"
"2","0.1","true","true","false","true","178","7.568","1352.8707873341061"
"7","0.6","true","true","false","true","172","9.372","453.77724918672493"
"6","0.5","true","true","false","true","189","9.004","538.5241515900677"
"1","0","true","true","false","true","164","6.392","1571.1734432898343"
"5","0.4","true","true","false","true","206","8.724","675.5694871273669"
"4","0.3","true","true","false","true","185","8.512","812.4959274612748"
"2","0.1","true","true","false","true","179","7.524","1355.7536258774148"
"9","0.8","true","true","false","true","205","8.984","359.2614071312453"
"8","0.7","true","true","false","true","180","8.692","413.5472238692331"
"3","0.2","true","true","false","true","151","8.492","1005.38734273292"
"6","0.5","true","true","false","true","190","9.004","538.5241515900677"
"7","0.6","true","true","false","true","173","9.372","453.7772491867247"
"1","0","true","true","false","true","165","6.392","1573.573133633656"
"5","0.4","true","true","false","true","207","8.724","675.5694871273665"
"4","0.3","true","true","false","true","186","8.512","812.495927461274"
"2","0.1","true","true","false","true","180","7.556","1353.5805667822688"
"9","0.8","true","true","false","true","206","8.984","359.26140713124545"
"8","0.7","true","true","false","true","181","8.692","413.54722386923356"
"6","0.5","true","true","false","true","191","9.004","538.5241515900682"
"3","0.2","true","true","false","true","152","8.496","1005.1427110741643"
"1","0","true","true","false","true","166","6.376","1575.3348311323832"
"7","0.6","true","true","false","true","174","9.372","453.77724918672493"
"5","0.4","true","true","false","true","208","8.724","675.5694871273664"
"4","0.3","true","true","false","true","187","8.512","812.4959274612744"
"9","0.8","true","true","false","true","207","8.984","359.26140713124556"
"2","0.1","true","true","false","true","181","7.596","1351.0192905694046"
"8","0.7","true","true","false","true","182","8.692","413.54722386923305"
"6","0.5","true","true","false","true","192","9.004","538.5241515900681"
"3","0.2","true","true","false","true","153","8.5","1005.3180580468993"
"4","0.3","true","true","false","true","188","8.512","812.4959274612747"
"5","0.4","true","true","false","true","209","8.724","675.5694871273671"
"7","0.6","true","true","false","true","175","9.372","453.777249186725"
"9","0.8","true","true","false","true","208","8.984","359.26140713124556"
"1","0","true","true","false","true","167","6.416","1573.6288406141666"
"2","0.1","true","true","false","true","182","7.536","1350.802756046769"
"6","0.5","true","true","false","true","193","9.004","538.5241515900681"
"8","0.7","true","true","false","true","183","8.692","413.5472238692333"
"4","0.3","true","true","false","true","189","8.512","812.4959274612745"
"9","0.8","true","true","false","true","209","8.984","359.2614071312455"
"2","0.1","true","true","false","true","183","7.604","1350.36063640805"
"5","0.4","true","true","false","true","210","8.724","675.5694871273666"
"1","0","true","true","false","true","168","6.368","1565.3635621603457"
"6","0.5","true","true","false","true","194","9.004","538.5241515900681"
"7","0.6","true","true","false","true","176","9.372","453.7772491867247"
"3","0.2","true","true","false","true","154","8.496","1005.2077886880268"
"8","0.7","true","true","false","true","184","8.692","413.54722386923294"
"9","0.8","true","true","false","true","210","8.984","359.26140713124516"
"4","0.3","true","true","false","true","190","8.512","812.4959274612746"
"5","0.4","true","true","false","true","211","8.724","675.5694871273669"
"6","0.5","true","true","false","true","195","9.004","538.5241515900681"
"2","0.1","true","true","false","true","184","7.568","1347.3923735060723"
"3","0.2","true","true","false","true","155","8.5","1005.3528591218372"
"1","0","true","true","false","true","169","6.348","1564.825686481522"
"4","0.3","true","true","false","true","191","8.512","812.4959274612748"
"7","0.6","true","true","false","true","177","9.372","453.777249186725"
"9","0.8","true","true","false","true","211","8.984","359.26140713124545"
"8","0.7","true","true","false","true","185","8.692","413.54722386923356"
"5","0.4","true","true","false","true","212","8.724","675.5694871273668"
"6","0.5","true","true","false","true","196","9.004","538.524151590068"
"2","0.1","true","true","false","true","185","7.58","1347.0936331308358"
"1","0","true","true","false","true","170","6.316","1566.2589811596094"
"4","0.3","true","true","false","true","192","8.512","812.4959274612745"
"9","0.8","true","true","false","true","212","8.984","359.2614071312456"
"5","0.4","true","true","false","true","213","8.724","675.5694871273668"
"3","0.2","true","true","false","true","156","8.504","1006.7892865572758"
"6","0.5","true","true","false","true","197","9.004","538.524151590068"
"7","0.6","true","true","false","true","178","9.372","453.77724918672476"
"2","0.1","true","true","false","true","186","7.552","1345.845021238836"
"8","0.7","true","true","false","true","186","8.692","413.5472238692331"
"4","0.3","true","true","false","true","193","8.512","812.4959274612744"
"5","0.4","true","true","false","true","214","8.724","675.5694871273665"
"9","0.8","true","true","false","true","213","8.984","359.2614071312455"
"6","0.5","true","true","false","true","198","9.004","538.524151590068"
"1","0","true","true","false","true","171","6.356","1573.2264274110228"
"2","0.1","true","true","false","true","187","7.552","1348.28424947395"
"8","0.7","true","true","false","true","187","8.692","413.5472238692331"
"7","0.6","true","true","false","true","179","9.372","453.7772491867255"
"3","0.2","true","true","false","true","157","8.5","1006.9655224186985"
"9","0.8","true","true","false","true","214","8.984","359.2614071312455"
"5","0.4","true","true","false","true","215","8.724","675.5694871273671"
"1","0","true","true","false","true","172","6.476","1570.5332688606352"
"4","0.3","true","true","false","true","194","8.512","812.4959274612742"
"6","0.5","true","true","false","true","199","9.004","538.5241515900676"
"7","0.6","true","true","false","true","180","9.372","453.77724918672476"
"9","0.8","true","true","false","true","215","8.984","359.26140713124505"
"2","0.1","true","true","false","true","188","7.552","1345.9391082366394"
"8","0.7","true","true","false","true","188","8.692","413.5472238692335"
"3","0.2","true","true","false","true","158","8.496","1007.0104293324374"
"5","0.4","true","true","false","true","216","8.724","675.5694871273669"
"1","0","true","true","false","true","173","6.428","1569.0030081662444"
"6","0.5","true","true","false","true","200","9.004","538.5241515900683"
"4","0.3","true","true","false","true","195","8.512","812.4959274612746"
"9","0.8","true","true","false","true","216","8.984","359.26140713124556"
"2","0.1","true","true","false","true","189","7.52","1346.3269076486654"
"5","0.4","true","true","false","true","217","8.724","675.5694871273665"
"8","0.7","true","true","false","true","189","8.692","413.5472238692331"
"7","0.6","true","true","false","true","181","9.372","453.77724918672465"
"1","0","true","true","false","true","174","6.488","1572.2609747274312"
"6","0.5","true","true","false","true","201","9.004","538.524151590068"
"3","0.2","true","true","false","true","159","8.492","1008.15192743349"
"4","0.3","true","true","false","true","196","8.512","812.495927461275"
"9","0.8","true","true","false","true","217","8.984","359.26140713124545"
"2","0.1","true","true","false","true","190","7.56","1346.0389122277916"
"5","0.4","true","true","false","true","218","8.724","675.5694871273668"
"8","0.7","true","true","false","true","190","8.692","413.5472238692332"
"1","0","true","true","false","true","175","6.516","1576.2535523008446"
"6","0.5","true","true","false","true","202","9.004","538.5241515900681"
"4","0.3","true","true","false","true","197","8.512","812.4959274612747"
"9","0.8","true","true","false","true","218","8.984","359.26140713124556"
"3","0.2","true","true","false","true","160","8.496","1008.1170709528437"
"5","0.4","true","true","false","true","219","8.724","675.5694871273665"
"7","0.6","true","true","false","true","182","9.372","453.7772491867247"
"2","0.1","true","true","false","true","191","7.58","1345.968422813877"
"6","0.5","true","true","false","true","203","9.004","538.5241515900681"
"1","0","true","true","false","true","176","6.488","1572.6034758276464"
"9","0.8","true","true","false","true","219","8.984","359.2614071312455"
"8","0.7","true","true","false","true","191","8.692","413.54722386923356"
"5","0.4","true","true","false","true","220","8.724","675.5694871273669"
"4","0.3","true","true","false","true","198","8.512","812.4959274612746"
"2","0.1","true","true","false","true","192","7.584","1344.9594397727217"
"6","0.5","true","true","false","true","204","9.004","538.5241515900677"
"7","0.6","true","true","false","true","183","9.372","453.77724918672476"
"9","0.8","true","true","false","true","220","8.984","359.2614071312455"
"1","0","true","true","false","true","177","6.528","1570.3931959134572"
"3","0.2","true","true","false","true","161","8.496","1008.4977849140254"
"5","0.4","true","true","false","true","221","8.724","675.5694871273665"
"8","0.7","true","true","false","true","192","8.692","413.5472238692332"
"4","0.3","true","true","false","true","199","8.512","812.4959274612746"
"2","0.1","true","true","false","true","193","7.548","1344.680005805723"
"6","0.5","true","true","false","true","205","9.004","538.5241515900678"
"9","0.8","true","true","false","true","221","8.984","359.26140713124556"
"1","0","true","true","false","true","178","6.504","1567.7616165319698"
"4","0.3","true","true","false","true","200","8.512","812.4959274612742"
"5","0.4","true","true","false","true","222","8.724","675.5694871273671"
"8","0.7","true","true","false","true","193","8.692","413.54722386923333"
"7","0.6","true","true","false","true","184","9.372","453.7772491867248"
"3","0.2","true","true","false","true","162","8.496","1009.0676572580163"
"2","0.1","true","true","false","true","194","7.536","1345.2322920140311"
"6","0.5","true","true","false","true","206","9.004","538.5241515900681"
"9","0.8","true","true","false","true","222","8.984","359.26140713124556"
"5","0.4","true","true","false","true","223","8.724","675.5694871273672"
"1","0","true","true","false","true","179","6.5","1569.5030677733764"
"7","0.6","true","true","false","true","185","9.372","453.7772491867249"
"4","0.3","true","true","false","true","201","8.512","812.4959274612742"
"8","0.7","true","true","false","true","194","8.692","413.5472238692332"
"3","0.2","true","true","false","true","163","8.492","1009.1372431963078"
"2","0.1","true","true","false","true","195","7.552","1343.534732752898"
"5","0.4","true","true","false","true","224","8.724","675.569487127367"
"6","0.5","true","true","false","true","207","9.004","538.524151590068"
"9","0.8","true","true","false","true","223","8.984","359.26140713124556"
"1","0","true","true","false","true","180","6.484","1572.623216005383"
"7","0.6","true","true","false","true","186","9.372","453.77724918672493"
"4","0.3","true","true","false","true","202","8.512","812.4959274612747"
"5","0.4","true","true","false","true","225","8.724","675.5694871273666"
"9","0.8","true","true","false","true","224","8.984","359.26140713124545"
"6","0.5","true","true","false","true","208","9.004","538.5241515900675"
"8","0.7","true","true","false","true","195","8.692","413.54722386923316"
"2","0.1","true","true","false","true","196","7.58","1343.3225706002681"
"3","0.2","true","true","false","true","164","8.492","1008.5043863632476"
"7","0.6","true","true","false","true","187","9.372","453.7772491867249"
"4","0.3","true","true","false","true","203","8.512","812.4959274612755"
"1","0","true","true","false","true","181","6.58","1574.2512751637646"
"5","0.4","true","true","false","true","226","8.724","675.5694871273666"
"6","0.5","true","true","false","true","209","9.004","538.5241515900677"
"9","0.8","true","true","false","true","225","8.984","359.26140713124556"
"2","0.1","true","true","false","true","197","7.592","1343.2516126207045"
"8","0.7","true","true","false","true","196","8.692","413.5472238692331"
"3","0.2","true","true","false","true","165","8.52","1008.3234738026744"
"4","0.3","true","true","false","true","204","8.512","812.4959274612742"
"7","0.6","true","true","false","true","188","9.372","453.777249186725"
"5","0.4","true","true","false","true","227","8.724","675.5694871273665"
"1","0","true","true","false","true","182","6.536","1574.103535314602"
"6","0.5","true","true","false","true","210","9.004","538.5241515900681"
"2","0.1","true","true","false","true","198","7.612","1341.4145008021005"
"9","0.8","true","true","false","true","226","8.984","359.2614071312454"
"8","0.7","true","true","false","true","197","8.692","413.54722386923316"
"5","0.4","true","true","false","true","228","8.724","675.5694871273665"
"4","0.3","true","true","false","true","205","8.512","812.4959274612742"
"3","0.2","true","true","false","true","166","8.556","1007.4374217235156"
"7","0.6","true","true","false","true","189","9.372","453.77724918672493"
"6","0.5","true","true","false","true","211","9.004","538.5241515900681"
"1","0","true","true","false","true","183","6.552","1575.65006659219"
"2","0.1","true","true","false","true","199","7.572","1342.0594995744054"
"9","0.8","true","true","false","true","227","8.984","359.2614071312452"
"5","0.4","true","true","false","true","229","8.724","675.5694871273671"
"8","0.7","true","true","false","true","198","8.692","413.5472238692333"
"4","0.3","true","true","false","true","206","8.512","812.4959274612744"
"6","0.5","true","true","false","true","212","9.004","538.5241515900676"
"1","0","true","true","false","true","184","6.568","1577.7751522677518"
"7","0.6","true","true","false","true","190","9.372","453.7772491867245"
"9","0.8","true","true","false","true","228","8.984","359.2614071312454"
"5","0.4","true","true","false","true","230","8.724","675.5694871273668"
"3","0.2","true","true","false","true","167","8.548","1007.4301855187508"
"2","0.1","true","true","false","true","200","7.576","1341.6255485997829"
"8","0.7","true","true","false","true","199","8.692","413.5472238692335"
"4","0.3","true","true","false","true","207","8.512","812.4959274612742"
"6","0.5","true","true","false","true","213","9.004","538.5241515900682"
"1","0","true","true","false","true","185","6.604","1577.1090691006943"
"5","0.4","true","true","false","true","231","8.724","675.5694871273669"
"7","0.6","true","true","false","true","191","9.372","453.777249186725"
"9","0.8","true","true","false","true","229","8.984","359.26140713124533"
"2","0.1","true","true","false","true","201","7.572","1341.3769080846582"
"4","0.3","true","true","false","true","208","8.512","812.4959274612748"
"8","0.7","true","true","false","true","200","8.692","413.5472238692332"
"3","0.2","true","true","false","true","168","8.512","1007.8933138901974"
"1","0","true","true","false","true","186","6.544","1575.0723131029788"
"6","0.5","true","true","false","true","214","9.004","538.5241515900678"
"5","0.4","true","true","false","true","232","8.724","675.5694871273672"
"9","0.8","true","true","false","true","230","8.984","359.26140713124533"
"7","0.6","true","true","false","true","192","9.372","453.7772491867248"
"4","0.3","true","true","false","true","209","8.512","812.4959274612745"
"2","0.1","true","true","false","true","202","7.576","1340.7845508223002"
"8","0.7","true","true","false","true","201","8.692","413.54722386923305"
"6","0.5","true","true","false","true","215","9.004","538.5241515900675"
"5","0.4","true","true","false","true","233","8.724","675.5694871273665"
"1","0","true","true","false","true","187","6.596","1573.9542224770082"
"9","0.8","true","true","false","true","231","8.984","359.2614071312453"
"4","0.3","true","true","false","true","210","8.512","812.4959274612745"
"7","0.6","true","true","false","true","193","9.372","453.77724918672465"
"3","0.2","true","true","false","true","169","8.512","1007.9065195427027"
"2","0.1","true","true","false","true","203","7.628","1338.6971946087453"
"6","0.5","true","true","false","true","216","9.004","538.5241515900681"
"5","0.4","true","true","false","true","234","8.724","675.5694871273669"
"8","0.7","true","true","false","true","202","8.692","413.5472238692334"
"1","0","true","true","false","true","188","6.6","1570.4266318738505"
"4","0.3","true","true","false","true","211","8.512","812.4959274612745"
"9","0.8","true","true","false","true","232","8.984","359.26140713124556"
"7","0.6","true","true","false","true","194","9.372","453.777249186725"
"5","0.4","true","true","false","true","235","8.724","675.5694871273668"
"6","0.5","true","true","false","true","217","9.004","538.5241515900684"
"2","0.1","true","true","false","true","204","7.664","1337.2076270626558"
"8","0.7","true","true","false","true","203","8.692","413.5472238692333"
"3","0.2","true","true","false","true","170","8.528","1007.4197149458197"
"1","0","true","true","false","true","189","6.58","1573.5440306174487"
"4","0.3","true","true","false","true","212","8.512","812.4959274612745"
"6","0.5","true","true","false","true","218","9.004","538.5241515900681"
"5","0.4","true","true","false","true","236","8.724","675.5694871273666"
"9","0.8","true","true","false","true","233","8.984","359.26140713124556"
"2","0.1","true","true","false","true","205","7.672","1337.435015369515"
"7","0.6","true","true","false","true","195","9.372","453.77724918672493"
"8","0.7","true","true","false","true","204","8.692","413.54722386923316"
"1","0","true","true","false","true","190","6.552","1577.9383861913193"
"4","0.3","true","true","false","true","213","8.512","812.495927461275"
"3","0.2","true","true","false","true","171","8.584","1007.6543244883126"
"2","0.1","true","true","false","true","206","7.664","1340.0752031222592"
"9","0.8","true","true","false","true","234","8.984","359.2614071312453"
"6","0.5","true","true","false","true","219","9.004","538.5241515900675"
"5","0.4","true","true","false","true","237","8.724","675.5694871273672"
"1","0","true","true","false","true","191","6.608","1574.9266478428187"
"4","0.3","true","true","false","true","214","8.512","812.495927461275"
"8","0.7","true","true","false","true","205","8.692","413.5472238692331"
"7","0.6","true","true","false","true","196","9.372","453.77724918672493"
"2","0.1","true","true","false","true","207","7.632","1339.7542766932208"
"5","0.4","true","true","false","true","238","8.724","675.5694871273664"
"9","0.8","true","true","false","true","235","8.984","359.26140713124556"
"6","0.5","true","true","false","true","220","9.004","538.5241515900676"
"3","0.2","true","true","false","true","172","8.604","1007.6292362296804"
"4","0.3","true","true","false","true","215","8.512","812.4959274612745"
"7","0.6","true","true","false","true","197","9.372","453.777249186725"
"1","0","true","true","false","true","192","6.556","1574.6433845164242"
"8","0.7","true","true","false","true","206","8.692","413.5472238692333"
"5","0.4","true","true","false","true","239","8.724","675.5694871273665"
"2","0.1","true","true","false","true","208","7.66","1339.5607676714183"
"6","0.5","true","true","false","true","221","9.004","538.5241515900682"
"9","0.8","true","true","false","true","236","8.984","359.26140713124545"
"4","0.3","true","true","false","true","216","8.512","812.4959274612746"
"7","0.6","true","true","false","true","198","9.372","453.7772491867247"
"8","0.7","true","true","false","true","207","8.692","413.5472238692331"
"5","0.4","true","true","false","true","240","8.724","675.5694871273661"
"2","0.1","true","true","false","true","209","7.624","1338.7810236929988"
"9","0.8","true","true","false","true","237","8.984","359.2614071312452"
"3","0.2","true","true","false","true","173","8.548","1008.4723171957861"
"1","0","true","true","false","true","193","6.624","1576.187290072944"
"6","0.5","true","true","false","true","222","9.004","538.5241515900678"
"4","0.3","true","true","false","true","217","8.512","812.4959274612743"
"7","0.6","true","true","false","true","199","9.372","453.77724918672516"
"5","0.4","true","true","false","true","241","8.724","675.5694871273669"
"2","0.1","true","true","false","true","210","7.66","1337.5697891049956"
"1","0","true","true","false","true","194","6.544","1572.6032038958742"
"9","0.8","true","true","false","true","238","8.984","359.2614071312457"
"8","0.7","true","true","false","true","208","8.692","413.547223869233"
"4","0.3","true","true","false","true","218","8.512","812.4959274612746"
"6","0.5","true","true","false","true","223","9.004","538.5241515900675"
"3","0.2","true","true","false","true","174","8.584","1008.3899134014408"
"5","0.4","true","true","false","true","242","8.724","675.5694871273668"
"2","0.1","true","true","false","true","211","7.668","1335.9830819116862"
"1","0","true","true","false","true","195","6.54","1573.0148302457928"
"7","0.6","true","true","false","true","200","9.372","453.77724918672465"
"9","0.8","true","true","false","true","239","8.984","359.26140713124556"
"6","0.5","true","true","false","true","224","9.004","538.5241515900678"
"5","0.4","true","true","false","true","243","8.724","675.5694871273669"
"4","0.3","true","true","false","true","219","8.512","812.4959274612746"
"1","0","true","true","false","true","196","6.544","1571.3961225703006"
"8","0.7","true","true","false","true","209","8.692","413.54722386923333"
"2","0.1","true","true","false","true","212","7.644","1337.5622606151726"
"6","0.5","true","true","false","true","225","9.004","538.524151590068"
"3","0.2","true","true","false","true","175","8.58","1008.6528216333961"
"9","0.8","true","true","false","true","240","8.984","359.2614071312454"
"2","0.1","true","true","false","true","213","7.608","1338.8765417431084"
"7","0.6","true","true","false","true","201","9.372","453.777249186725"
"5","0.4","true","true","false","true","244","8.724","675.5694871273665"
"8","0.7","true","true","false","true","210","8.692","413.54722386923316"
"4","0.3","true","true","false","true","220","8.512","812.495927461275"
"9","0.8","true","true","false","true","241","8.984","359.2614071312454"
"1","0","true","true","false","true","197","6.516","1570.0492604203143"
"6","0.5","true","true","false","true","226","9.004","538.5241515900678"
"3","0.2","true","true","false","true","176","8.544","1007.8608285387489"
"8","0.7","true","true","false","true","211","8.692","413.54722386923333"
"2","0.1","true","true","false","true","214","7.62","1339.6081283926408"
"4","0.3","true","true","false","true","221","8.512","812.4959274612743"
"5","0.4","true","true","false","true","245","8.724","675.5694871273669"
"7","0.6","true","true","false","true","202","9.372","453.7772491867248"
"9","0.8","true","true","false","true","242","8.984","359.2614071312453"
"1","0","true","true","false","true","198","6.584","1572.748184044033"
"6","0.5","true","true","false","true","227","9.004","538.5241515900676"
"4","0.3","true","true","false","true","222","8.512","812.4959274612747"
"5","0.4","true","true","false","true","246","8.724","675.5694871273666"
"2","0.1","true","true","false","true","215","7.616","1338.2695793919725"
"3","0.2","true","true","false","true","177","8.544","1007.7900742627139"
"8","0.7","true","true","false","true","212","8.692","413.5472238692331"
"6","0.5","true","true","false","true","228","9.004","538.5241515900677"
"4","0.3","true","true","false","true","223","8.512","812.4959274612747"
"9","0.8","true","true","false","true","243","8.984","359.26140713124556"
"7","0.6","true","true","false","true","203","9.372","453.77724918672516"
"2","0.1","true","true","false","true","216","7.608","1337.6343386884641"
"5","0.4","true","true","false","true","247","8.724","675.5694871273669"
"1","0","true","true","false","true","199","6.648","1571.3270666926446"
"6","0.5","true","true","false","true","229","9.004","538.5241515900677"
"8","0.7","true","true","false","true","213","8.692","413.5472238692333"
"4","0.3","true","true","false","true","224","8.512","812.4959274612746"
"3","0.2","true","true","false","true","178","8.58","1007.4606563137523"
"9","0.8","true","true","false","true","244","8.984","359.2614071312458"
"5","0.4","true","true","false","true","248","8.724","675.5694871273666"
"1","0","true","true","false","true","200","6.684","1570.105827040127"
"7","0.6","true","true","false","true","204","9.372","453.777249186725"
"2","0.1","true","true","false","true","217","7.64","1336.826538621341"
"6","0.5","true","true","false","true","230","9.004","538.5241515900678"
"4","0.3","true","true","false","true","225","8.512","812.4959274612748"
"8","0.7","true","true","false","true","214","8.692","413.547223869233"
"9","0.8","true","true","false","true","245","8.984","359.26140713124545"
"5","0.4","true","true","false","true","249","8.724","675.5694871273665"
"1","0","true","true","false","true","201","6.628","1571.6830007634887"
"3","0.2","true","true","false","true","179","8.58","1007.1908877145007"
"2","0.1","true","true","false","true","218","7.628","1339.0821613195556"
"6","0.5","true","true","false","true","231","9.004","538.5241515900683"
"4","0.3","true","true","false","true","226","8.512","812.4959274612744"
"7","0.6","true","true","false","true","205","9.372","453.7772491867249"
"5","0.4","true","true","false","true","250","8.724","675.5694871273672"
"9","0.8","true","true","false","true","246","8.984","359.2614071312455"
"8","0.7","true","true","false","true","215","8.692","413.547223869233"
"6","0.5","true","true","false","true","232","9.004","538.5241515900682"
"2","0.1","true","true","false","true","219","7.612","1339.3013126386704"
"4","0.3","true","true","false","true","227","8.512","812.4959274612748"
"1","0","true","true","false","true","202","6.704","1570.227227798751"
"3","0.2","true","true","false","true","180","8.58","1007.3586050698168"
"9","0.8","true","true","false","true","247","8.984","359.26140713124545"
"5","0.4","true","true","false","true","251","8.724","675.5694871273668"
"8","0.7","true","true","false","true","216","8.692","413.5472238692331"
"6","0.5","true","true","false","true","233","9.004","538.5241515900678"
"7","0.6","true","true","false","true","206","9.372","453.77724918672527"
"4","0.3","true","true","false","true","228","8.512","812.4959274612746"
"5","0.4","true","true","false","true","252","8.724","675.5694871273668"
"6","0.5","true","true","false","true","234","9.004","538.5241515900684"
"9","0.8","true","true","false","true","248","8.984","359.26140713124556"
"2","0.1","true","true","false","true","220","7.616","1340.4679648889773"
"8","0.7","true","true","false","true","217","8.692","413.54722386923345"
"1","0","true","true","false","true","203","6.624","1568.566159386361"
"3","0.2","true","true","false","true","181","8.568","1006.9107795940928"
"5","0.4","true","true","false","true","253","8.724","675.5694871273665"
"4","0.3","true","true","false","true","229","8.512","812.4959274612751"
"7","0.6","true","true","false","true","207","9.372","453.7772491867249"
"6","0.5","true","true","false","true","235","9.004","538.5241515900674"
"9","0.8","true","true","false","true","249","8.984","359.2614071312454"
"2","0.1","true","true","false","true","221","7.584","1341.7829864541027"
"8","0.7","true","true","false","true","218","8.692","413.54722386923294"
"1","0","true","true","false","true","204","6.596","1565.421035820081"
"5","0.4","true","true","false","true","254","8.724","675.5694871273662"
"4","0.3","true","true","false","true","230","8.512","812.4959274612745"
"6","0.5","true","true","false","true","236","9.004","538.5241515900676"
"9","0.8","true","true","false","true","250","8.984","359.2614071312457"
"3","0.2","true","true","false","true","182","8.596","1006.8248129728897"
"7","0.6","true","true","false","true","208","9.372","453.77724918672493"
"2","0.1","true","true","false","true","222","7.62","1341.9759387731176"
"5","0.4","true","true","false","true","255","8.724","675.5694871273672"
"1","0","true","true","false","true","205","6.588","1563.5856386474654"
"4","0.3","true","true","false","true","231","8.512","812.4959274612745"
"8","0.7","true","true","false","true","219","8.692","413.547223869233"
"6","0.5","true","true","false","true","237","9.004","538.524151590068"
"9","0.8","true","true","false","true","251","8.984","359.2614071312454"
"2","0.1","true","true","false","true","223","7.604","1340.950591504662"
"7","0.6","true","true","false","true","209","9.372","453.7772491867251"
"3","0.2","true","true","false","true","183","8.58","1006.9043885881412"
"5","0.4","true","true","false","true","256","8.724","675.5694871273662"
"4","0.3","true","true","false","true","232","8.512","812.4959274612746"
"1","0","true","true","false","true","206","6.632","1565.3086557315855"
"8","0.7","true","true","false","true","220","8.692","413.54722386923305"
"6","0.5","true","true","false","true","238","9.004","538.524151590068"
"9","0.8","true","true","false","true","252","8.984","359.26140713124556"
"2","0.1","true","true","false","true","224","7.596","1340.8168482019967"
"5","0.4","true","true","false","true","257","8.724","675.5694871273669"
"4","0.3","true","true","false","true","233","8.512","812.4959274612747"
"7","0.6","true","true","false","true","210","9.372","453.7772491867249"
"1","0","true","true","false","true","207","6.672","1565.5456188845906"
"3","0.2","true","true","false","true","184","8.588","1006.0406231930643"
"9","0.8","true","true","false","true","253","8.984","359.2614071312457"
"6","0.5","true","true","false","true","239","9.004","538.5241515900681"
"8","0.7","true","true","false","true","221","8.692","413.54722386923305"
"5","0.4","true","true","false","true","258","8.724","675.5694871273666"
"2","0.1","true","true","false","true","225","7.596","1341.7429384007812"
"4","0.3","true","true","false","true","234","8.512","812.4959274612746"
"9","0.8","true","true","false","true","254","8.984","359.2614071312456"
"6","0.5","true","true","false","true","240","9.004","538.5241515900681"
"1","0","true","true","false","true","208","6.7","1562.9843574838599"
"7","0.6","true","true","false","true","211","9.372","453.7772491867246"
"8","0.7","true","true","false","true","222","8.692","413.54722386923305"
"3","0.2","true","true","false","true","185","8.608","1005.4919709849956"
"5","0.4","true","true","false","true","259","8.724","675.5694871273669"
"2","0.1","true","true","false","true","226","7.596","1340.017550119231"
"4","0.3","true","true","false","true","235","8.512","812.4959274612737"
"9","0.8","true","true","false","true","255","8.984","359.26140713124556"
"6","0.5","true","true","false","true","241","9.004","538.524151590068"
"1","0","true","true","false","true","209","6.624","1564.1099506814985"
"5","0.4","true","true","false","true","260","8.724","675.5694871273668"
"8","0.7","true","true","false","true","223","8.692","413.5472238692334"
"7","0.6","true","true","false","true","212","9.372","453.77724918672465"
"3","0.2","true","true","false","true","186","8.608","1005.4177396179032"
"4","0.3","true","true","false","true","236","8.512","812.4959274612751"
"2","0.1","true","true","false","true","227","7.628","1339.9458884161988"
"9","0.8","true","true","false","true","256","8.984","359.26140713124573"
"5","0.4","true","true","false","true","261","8.724","675.5694871273668"
"6","0.5","true","true","false","true","242","9.004","538.5241515900678"
"1","0","true","true","false","true","210","6.56","1570.8307640094783"
"8","0.7","true","true","false","true","224","8.692","413.54722386923305"
"4","0.3","true","true","false","true","237","8.512","812.495927461274"
"7","0.6","true","true","false","true","213","9.372","453.77724918672516"
"2","0.1","true","true","false","true","228","7.636","1338.110815370538"
"9","0.8","true","true","false","true","257","8.984","359.2614071312453"
"6","0.5","true","true","false","true","243","9.004","538.5241515900674"
"1","0","true","true","false","true","211","6.588","1576.5541575699633"
"5","0.4","true","true","false","true","262","8.724","675.5694871273669"
"3","0.2","true","true","false","true","187","8.584","1004.857468766751"
"4","0.3","true","true","false","true","238","8.512","812.495927461274"
"2","0.1","true","true","false","true","229","7.624","1337.7340946051136"
"7","0.6","true","true","false","true","214","9.372","453.777249186725"
"8","0.7","true","true","false","true","225","8.692","413.54722386923333"
"9","0.8","true","true","false","true","258","8.984","359.26140713124556"
"6","0.5","true","true","false","true","244","9.004","538.5241515900682"
"5","0.4","true","true","false","true","263","8.724","675.5694871273669"
"1","0","true","true","false","true","212","6.588","1582.5873673553142"
"4","0.3","true","true","false","true","239","8.512","812.495927461275"
"2","0.1","true","true","false","true","230","7.628","1338.2968175549288"
"6","0.5","true","true","false","true","245","9.004","538.524151590068"
"9","0.8","true","true","false","true","259","8.984","359.26140713124585"
"3","0.2","true","true","false","true","188","8.588","1005.125068345099"
"8","0.7","true","true","false","true","226","8.692","413.547223869233"
"7","0.6","true","true","false","true","215","9.372","453.7772491867253"
"5","0.4","true","true","false","true","264","8.724","675.5694871273671"
"4","0.3","true","true","false","true","240","8.512","812.4959274612748"
"1","0","true","true","false","true","213","6.6","1577.762189832009"
"6","0.5","true","true","false","true","246","9.004","538.5241515900677"
"9","0.8","true","true","false","true","260","8.984","359.26140713124545"
"2","0.1","true","true","false","true","231","7.652","1337.0146391079581"
"8","0.7","true","true","false","true","227","8.692","413.54722386923333"
"7","0.6","true","true","false","true","216","9.372","453.7772491867249"
"5","0.4","true","true","false","true","265","8.724","675.5694871273668"
"1","0","true","true","false","true","214","6.568","1577.5879684712618"
"4","0.3","true","true","false","true","241","8.512","812.4959274612745"
"3","0.2","true","true","false","true","189","8.596","1005.4541199915956"
"6","0.5","true","true","false","true","247","9.004","538.5241515900677"
"5","0.4","true","true","false","true","266","8.724","675.5694871273669"
"9","0.8","true","true","false","true","261","8.984","359.26140713124516"
"1","0","true","true","false","true","215","6.64","1575.0630162271104"
"2","0.1","true","true","false","true","232","7.7","1336.7501578202848"
"8","0.7","true","true","false","true","228","8.692","413.5472238692331"
"7","0.6","true","true","false","true","217","9.372","453.7772491867251"
"4","0.3","true","true","false","true","242","8.512","812.4959274612745"
"6","0.5","true","true","false","true","248","9.004","538.5241515900674"
"1","0","true","true","false","true","216","6.656","1574.6693340278737"
"5","0.4","true","true","false","true","267","8.724","675.569487127367"
"3","0.2","true","true","false","true","190","8.592","1005.1042604570214"
"4","0.3","true","true","false","true","243","8.512","812.4959274612745"
"8","0.7","true","true","false","true","229","8.692","413.54722386923305"
"9","0.8","true","true","false","true","262","8.984","359.2614071312454"
"2","0.1","true","true","false","true","233","7.704","1336.3720483213892"
"6","0.5","true","true","false","true","249","9.004","538.524151590068"
"7","0.6","true","true","false","true","218","9.372","453.7772491867248"
"5","0.4","true","true","false","true","268","8.724","675.5694871273668"
"1","0","true","true","false","true","217","6.62","1578.3428925507014"
"4","0.3","true","true","false","true","244","8.512","812.4959274612748"
"6","0.5","true","true","false","true","250","9.004","538.5241515900676"
"9","0.8","true","true","false","true","263","8.984","359.26140713124516"
"2","0.1","true","true","false","true","234","7.748","1334.2510474023481"
"3","0.2","true","true","false","true","191","8.572","1004.4866469877594"
"8","0.7","true","true","false","true","230","8.692","413.5472238692331"
"5","0.4","true","true","false","true","269","8.724","675.5694871273658"
"7","0.6","true","true","false","true","219","9.372","453.777249186725"
"1","0","true","true","false","true","218","6.584","1573.5692277690725"
"4","0.3","true","true","false","true","245","8.512","812.4959274612747"
"9","0.8","true","true","false","true","264","8.984","359.26140713124556"
"6","0.5","true","true","false","true","251","9.004","538.5241515900677"
"2","0.1","true","true","false","true","235","7.7","1335.2205961393197"
"5","0.4","true","true","false","true","270","8.724","675.5694871273671"
"8","0.7","true","true","false","true","231","8.692","413.5472238692333"
"3","0.2","true","true","false","true","192","8.564","1004.8995747383218"
"7","0.6","true","true","false","true","220","9.372","453.77724918672453"
"9","0.8","true","true","false","true","265","8.984","359.26140713124545"
"4","0.3","true","true","false","true","246","8.512","812.4959274612743"
"6","0.5","true","true","false","true","252","9.004","538.5241515900681"
"1","0","true","true","false","true","219","6.552","1575.413111658108"
"2","0.1","true","true","false","true","236","7.72","1335.1181645884205"
"5","0.4","true","true","false","true","271","8.724","675.5694871273674"
"8","0.7","true","true","false","true","232","8.692","413.547223869233"
"9","0.8","true","true","false","true","266","8.984","359.2614071312454"
"3","0.2","true","true","false","true","193","8.556","1005.126647422574"
"6","0.5","true","true","false","true","253","9.004","538.5241515900677"
"7","0.6","true","true","false","true","221","9.372","453.7772491867249"
"4","0.3","true","true","false","true","247","8.512","812.4959274612751"
"1","0","true","true","false","true","220","6.612","1571.7361381006351"
"5","0.4","true","true","false","true","272","8.724","675.5694871273665"
"2","0.1","true","true","false","true","237","7.74","1332.7411068448785"
"9","0.8","true","true","false","true","267","8.984","359.26140713124505"
"6","0.5","true","true","false","true","254","9.004","538.524151590068"
"8","0.7","true","true","false","true","233","8.692","413.54722386923356"
"7","0.6","true","true","false","true","222","9.372","453.77724918672516"
"5","0.4","true","true","false","true","273","8.724","675.5694871273669"
"4","0.3","true","true","false","true","248","8.512","812.4959274612742"
"2","0.1","true","true","false","true","238","7.76","1332.3285023533742"
"3","0.2","true","true","false","true","194","8.596","1004.7921073813885"
"1","0","true","true","false","true","221","6.62","1567.701326940289"
"9","0.8","true","true","false","true","268","8.984","359.2614071312453"
"6","0.5","true","true","false","true","255","9.004","538.5241515900682"
"4","0.3","true","true","false","true","249","8.512","812.4959274612748"
"5","0.4","true","true","false","true","274","8.724","675.5694871273669"
"7","0.6","true","true","false","true","223","9.372","453.7772491867247"
"2","0.1","true","true","false","true","239","7.728","1333.2846340973051"
"8","0.7","true","true","false","true","234","8.692","413.5472238692331"
"1","0","true","true","false","true","222","6.56","1566.2516607413475"
"9","0.8","true","true","false","true","269","8.984","359.26140713124556"
"3","0.2","true","true","false","true","195","8.564","1004.8504430977076"
"5","0.4","true","true","false","true","275","8.724","675.5694871273668"
"6","0.5","true","true","false","true","256","9.004","538.524151590068"
"4","0.3","true","true","false","true","250","8.512","812.4959274612746"
"2","0.1","true","true","false","true","240","7.748","1333.469108935219"
"7","0.6","true","true","false","true","224","9.372","453.7772491867251"
"8","0.7","true","true","false","true","235","8.692","413.54722386923305"
"9","0.8","true","true","false","true","270","8.984","359.26140713124556"
"1","0","true","true","false","true","223","6.536","1567.8087667639772"
"5","0.4","true","true","false","true","276","8.724","675.5694871273665"
"6","0.5","true","true","false","true","257","9.004","538.5241515900678"
"4","0.3","true","true","false","true","251","8.512","812.495927461274"
"3","0.2","true","true","false","true","196","8.556","1004.4659400108437"
"2","0.1","true","true","false","true","241","7.728","1332.735900655896"
"9","0.8","true","true","false","true","271","8.984","359.26140713124533"
"7","0.6","true","true","false","true","225","9.372","453.7772491867251"
"8","0.7","true","true","false","true","236","8.692","413.54722386923305"
"1","0","true","true","false","true","224","6.576","1563.7897559062003"
"5","0.4","true","true","false","true","277","8.724","675.5694871273672"
"6","0.5","true","true","false","true","258","9.004","538.5241515900681"
"4","0.3","true","true","false","true","252","8.512","812.4959274612751"
"2","0.1","true","true","false","true","242","7.748","1332.9322932009259"
"9","0.8","true","true","false","true","272","8.984","359.26140713124545"
"3","0.2","true","true","false","true","197","8.58","1004.515248882843"
"5","0.4","true","true","false","true","278","8.724","675.5694871273664"
"1","0","true","true","false","true","225","6.644","1567.9742831736687"
"7","0.6","true","true","false","true","226","9.372","453.7772491867254"
"6","0.5","true","true","false","true","259","9.004","538.5241515900674"
"8","0.7","true","true","false","true","237","8.692","413.54722386923305"
"4","0.3","true","true","false","true","253","8.512","812.4959274612742"
"2","0.1","true","true","false","true","243","7.728","1333.81664992304"
"9","0.8","true","true","false","true","273","8.984","359.2614071312457"
"5","0.4","true","true","false","true","279","8.724","675.5694871273665"
"6","0.5","true","true","false","true","260","9.004","538.5241515900682"
"4","0.3","true","true","false","true","254","8.512","812.4959274612743"
"1","0","true","true","false","true","226","6.596","1570.2478686012737"
"7","0.6","true","true","false","true","227","9.372","453.77724918672516"
"8","0.7","true","true","false","true","238","8.692","413.54722386923333"
"2","0.1","true","true","false","true","244","7.72","1333.7464403953456"
"3","0.2","true","true","false","true","198","8.592","1004.5317854740614"
"9","0.8","true","true","false","true","274","8.984","359.2614071312457"
"5","0.4","true","true","false","true","280","8.724","675.5694871273669"
"6","0.5","true","true","false","true","261","9.004","538.5241515900677"
"4","0.3","true","true","false","true","255","8.512","812.4959274612744"
"2","0.1","true","true","false","true","245","7.756","1334.0119436177433"
"1","0","true","true","false","true","227","6.576","1571.413016146553"
"9","0.8","true","true","false","true","275","8.984","359.26140713124573"
"7","0.6","true","true","false","true","228","9.372","453.7772491867247"
"5","0.4","true","true","false","true","281","8.724","675.5694871273668"
"8","0.7","true","true","false","true","239","8.692","413.54722386923294"
"3","0.2","true","true","false","true","199","8.612","1004.247857865094"
"6","0.5","true","true","false","true","262","9.004","538.5241515900681"
"4","0.3","true","true","false","true","256","8.512","812.4959274612742"
"2","0.1","true","true","false","true","246","7.744","1335.6977147326327"
"9","0.8","true","true","false","true","276","8.984","359.2614071312458"
"1","0","true","true","false","true","228","6.6","1570.6978220510525"
"5","0.4","true","true","false","true","282","8.724","675.5694871273665"
"7","0.6","true","true","false","true","229","9.372","453.7772491867248"
"8","0.7","true","true","false","true","240","8.692","413.54722386923333"
"4","0.3","true","true","false","true","257","8.512","812.4959274612742"
"6","0.5","true","true","false","true","263","9.004","538.5241515900677"
"3","0.2","true","true","false","true","200","8.616","1003.9569092007725"
"9","0.8","true","true","false","true","277","8.984","359.26140713124556"
"2","0.1","true","true","false","true","247","7.728","1336.396407185787"
"5","0.4","true","true","false","true","283","8.724","675.5694871273665"
"1","0","true","true","false","true","229","6.588","1568.8444231610574"
"7","0.6","true","true","false","true","230","9.372","453.7772491867249"
"6","0.5","true","true","false","true","264","9.004","538.5241515900681"
"4","0.3","true","true","false","true","258","8.512","812.495927461274"
"8","0.7","true","true","false","true","241","8.692","413.54722386923345"
"9","0.8","true","true","false","true","278","8.984","359.26140713124585"
"5","0.4","true","true","false","true","284","8.724","675.5694871273662"
"2","0.1","true","true","false","true","248","7.744","1336.8263045258043"
"3","0.2","true","true","false","true","201","8.616","1003.6599757426303"
"1","0","true","true","false","true","230","6.636","1570.6569801807088"
"6","0.5","true","true","false","true","265","9.004","538.5241515900676"
"7","0.6","true","true","false","true","231","9.372","453.7772491867252"
"4","0.3","true","true","false","true","259","8.512","812.4959274612751"
"9","0.8","true","true","false","true","279","8.984","359.26140713124533"
"5","0.4","true","true","false","true","285","8.724","675.5694871273666"
"8","0.7","true","true","false","true","242","8.692","413.5472238692331"
"2","0.1","true","true","false","true","249","7.736","1336.4435055459767"
"1","0","true","true","false","true","231","6.648","1566.926244579467"
"9","0.8","true","true","false","true","280","8.984","359.2614071312455"
"6","0.5","true","true","false","true","266","9.004","538.524151590068"
"4","0.3","true","true","false","true","260","8.512","812.4959274612751"
"5","0.4","true","true","false","true","286","8.724","675.5694871273664"
"3","0.2","true","true","false","true","202","8.632","1003.5954022825975"
"7","0.6","true","true","false","true","232","9.372","453.7772491867246"
"8","0.7","true","true","false","true","243","8.692","413.547223869233"
"2","0.1","true","true","false","true","250","7.724","1336.5870666102921"
"6","0.5","true","true","false","true","267","9.004","538.5241515900681"
"4","0.3","true","true","false","true","261","8.512","812.4959274612745"
"9","0.8","true","true","false","true","281","8.984","359.26140713124556"
"5","0.4","true","true","false","true","287","8.724","675.5694871273666"
"1","0","true","true","false","true","232","6.64","1565.7275126542966"
"7","0.6","true","true","false","true","233","9.372","453.777249186725"
"3","0.2","true","true","false","true","203","8.636","1003.357921961165"
"2","0.1","true","true","false","true","251","7.74","1336.1503137140598"
"8","0.7","true","true","false","true","244","8.692","413.54722386923305"
"5","0.4","true","true","false","true","288","8.724","675.5694871273665"
"9","0.8","true","true","false","true","282","8.984","359.26140713124556"
"4","0.3","true","true","false","true","262","8.512","812.4959274612742"
"6","0.5","true","true","false","true","268","9.004","538.5241515900676"
"1","0","true","true","false","true","233","6.592","1564.8967997593281"
"2","0.1","true","true","false","true","252","7.74","1335.872083913718"
"7","0.6","true","true","false","true","234","9.372","453.7772491867247"
"5","0.4","true","true","false","true","289","8.724","675.5694871273669"
"8","0.7","true","true","false","true","245","8.692","413.5472238692334"
"9","0.8","true","true","false","true","283","8.984","359.2614071312454"
"6","0.5","true","true","false","true","269","9.004","538.5241515900678"
"3","0.2","true","true","false","true","204","8.632","1003.0514709957923"
"4","0.3","true","true","false","true","263","8.512","812.4959274612747"
"1","0","true","true","false","true","234","6.688","1563.4498902350674"
"2","0.1","true","true","false","true","253","7.74","1336.8927161371346"
"5","0.4","true","true","false","true","290","8.724","675.5694871273664"
"9","0.8","true","true","false","true","284","8.984","359.26140713124545"
"6","0.5","true","true","false","true","270","9.004","538.5241515900683"
"7","0.6","true","true","false","true","235","9.372","453.77724918672493"
"4","0.3","true","true","false","true","264","8.512","812.4959274612744"
"8","0.7","true","true","false","true","246","8.692","413.54722386923294"
"3","0.2","true","true","false","true","205","8.604","1002.8812948126907"
"5","0.4","true","true","false","true","291","8.724","675.5694871273669"
"1","0","true","true","false","true","235","6.616","1563.058320615714"
"2","0.1","true","true","false","true","254","7.732","1336.7788047861716"
"9","0.8","true","true","false","true","285","8.984","359.2614071312457"
"6","0.5","true","true","false","true","271","9.004","538.5241515900682"
"4","0.3","true","true","false","true","265","8.512","812.4959274612738"
"7","0.6","true","true","false","true","236","9.372","453.77724918672465"
"5","0.4","true","true","false","true","292","8.724","675.5694871273669"
"8","0.7","true","true","false","true","247","8.692","413.5472238692332"
"2","0.1","true","true","false","true","255","7.756","1335.4910275697437"
"1","0","true","true","false","true","236","6.54","1565.4707061530078"
"3","0.2","true","true","false","true","206","8.628","1002.8152828141176"
"9","0.8","true","true","false","true","286","8.984","359.2614071312458"
"6","0.5","true","true","false","true","272","9.004","538.524151590068"
"4","0.3","true","true","false","true","266","8.512","812.4959274612745"
"5","0.4","true","true","false","true","293","8.724","675.5694871273664"
"7","0.6","true","true","false","true","237","9.372","453.7772491867249"
"8","0.7","true","true","false","true","248","8.692","413.5472238692333"
"2","0.1","true","true","false","true","256","7.764","1335.8276040038784"
"9","0.8","true","true","false","true","287","8.984","359.26140713124556"
"1","0","true","true","false","true","237","6.536","1564.4882890597878"
"6","0.5","true","true","false","true","273","9.004","538.524151590068"
"4","0.3","true","true","false","true","267","8.512","812.4959274612743"
"5","0.4","true","true","false","true","294","8.724","675.5694871273669"
"3","0.2","true","true","false","true","207","8.612","1002.578498446093"
"7","0.6","true","true","false","true","238","9.372","453.7772491867251"
"2","0.1","true","true","false","true","257","7.736","1337.555899681999"
"9","0.8","true","true","false","true","288","8.984","359.2614071312452"
"8","0.7","true","true","false","true","249","8.692","413.5472238692331"
"6","0.5","true","true","false","true","274","9.004","538.5241515900676"
"1","0","true","true","false","true","238","6.528","1561.939856884205"
"5","0.4","true","true","false","true","295","8.724","675.569487127367"
"4","0.3","true","true","false","true","268","8.512","812.4959274612742"
"2","0.1","true","true","false","true","258","7.756","1337.4401055793865"
"9","0.8","true","true","false","true","289","8.984","359.2614071312457"
"3","0.2","true","true","false","true","208","8.604","1002.6422837189976"
"7","0.6","true","true","false","true","239","9.372","453.7772491867251"
"6","0.5","true","true","false","true","275","9.004","538.5241515900673"
"5","0.4","true","true","false","true","296","8.724","675.5694871273672"
"8","0.7","true","true","false","true","250","8.692","413.5472238692333"
"1","0","true","true","false","true","239","6.596","1560.6593603297192"
"4","0.3","true","true","false","true","269","8.512","812.4959274612742"
"9","0.8","true","true","false","true","290","8.984","359.2614071312454"
"2","0.1","true","true","false","true","259","7.78","1337.4073115117567"
"5","0.4","true","true","false","true","297","8.724","675.5694871273668"
"6","0.5","true","true","false","true","276","9.004","538.5241515900681"
"7","0.6","true","true","false","true","240","9.372","453.777249186725"
"3","0.2","true","true","false","true","209","8.628","1002.8152828141174"
"4","0.3","true","true","false","true","270","8.512","812.4959274612742"
"1","0","true","true","false","true","240","6.612","1561.5337594455284"
"8","0.7","true","true","false","true","251","8.692","413.5472238692335"
"9","0.8","true","true","false","true","291","8.984","359.26140713124556"
"2","0.1","true","true","false","true","260","7.776","1337.5831986838607"
"5","0.4","true","true","false","true","298","8.724","675.5694871273665"
"6","0.5","true","true","false","true","277","9.004","538.5241515900678"
"4","0.3","true","true","false","true","271","8.512","812.4959274612743"
"7","0.6","true","true","false","true","241","9.372","453.7772491867248"
"1","0","true","true","false","true","241","6.676","1560.3693778635727"
"3","0.2","true","true","false","true","210","8.612","1002.5068963670564"
"9","0.8","true","true","false","true","292","8.984","359.2614071312452"
"8","0.7","true","true","false","true","252","8.692","413.5472238692334"
"5","0.4","true","true","false","true","299","8.724","675.5694871273665"
"2","0.1","true","true","false","true","261","7.788","1336.9056808138125"
"6","0.5","true","true","false","true","278","9.004","538.5241515900677"
"4","0.3","true","true","false","true","272","8.512","812.4959274612747"
"1","0","true","true","false","true","242","6.66","1557.5276090801083"
"5","0.4","true","true","false","true","300","8.724","675.5694871273672"
"9","0.8","true","true","false","true","293","8.984","359.2614071312454"
"7","0.6","true","true","false","true","242","9.372","453.77724918672493"
"2","0.1","true","true","false","true","262","7.788","1337.097945950441"
"3","0.2","true","true","false","true","211","8.604","1002.3411865171971"
"8","0.7","true","true","false","true","253","8.692","413.54722386923333"
"6","0.5","true","true","false","true","279","9.004","538.524151590068"
"4","0.3","true","true","false","true","273","8.512","812.4959274612748"
"5","0.4","true","true","false","true","301","8.724","675.569487127366"
"9","0.8","true","true","false","true","294","8.984","359.2614071312454"
"7","0.6","true","true","false","true","243","9.372","453.77724918672476"
"2","0.1","true","true","false","true","263","7.772","1336.9281645569736"
"1","0","true","true","false","true","243","6.644","1557.6677777865102"
"6","0.5","true","true","false","true","280","9.004","538.5241515900676"
"8","0.7","true","true","false","true","254","8.692","413.54722386923305"
"4","0.3","true","true","false","true","274","8.512","812.495927461275"
"3","0.2","true","true","false","true","212","8.612","1002.1034073046125"
"5","0.4","true","true","false","true","302","8.724","675.5694871273668"
"9","0.8","true","true","false","true","295","8.984","359.26140713124556"
"2","0.1","true","true","false","true","264","7.768","1339.3339641209311"
"7","0.6","true","true","false","true","244","9.372","453.7772491867247"
"1","0","true","true","false","true","244","6.608","1560.260500351581"
"6","0.5","true","true","false","true","281","9.004","538.5241515900678"
"4","0.3","true","true","false","true","275","8.512","812.4959274612751"
"5","0.4","true","true","false","true","303","8.724","675.5694871273668"
"8","0.7","true","true","false","true","255","8.692","413.5472238692334"
"9","0.8","true","true","false","true","296","8.984","359.2614071312456"
"3","0.2","true","true","false","true","213","8.612","1001.9229834941318"
"2","0.1","true","true","false","true","265","7.74","1338.3400644115825"
"1","0","true","true","false","true","245","6.62","1560.2027290298356"
"7","0.6","true","true","false","true","245","9.372","453.777249186725"
"6","0.5","true","true","false","true","282","9.004","538.524151590068"
"4","0.3","true","true","false","true","276","8.512","812.4959274612737"
"5","0.4","true","true","false","true","304","8.724","675.5694871273669"
"9","0.8","true","true","false","true","297","8.984","359.2614071312456"
"8","0.7","true","true","false","true","256","8.692","413.54722386923333"
"2","0.1","true","true","false","true","266","7.788","1339.2146478633458"
"3","0.2","true","true","false","true","214","8.608","1002.159163616118"
"6","0.5","true","true","false","true","283","9.004","538.5241515900678"
"5","0.4","true","true","false","true","305","8.724","675.5694871273664"
"1","0","true","true","false","true","246","6.624","1565.4404629424564"
"4","0.3","true","true","false","true","277","8.512","812.4959274612744"
"7","0.6","true","true","false","true","246","9.372","453.777249186725"
"9","0.8","true","true","false","true","298","8.984","359.2614071312453"
"2","0.1","true","true","false","true","267","7.748","1338.432156761129"
"8","0.7","true","true","false","true","257","8.692","413.5472238692333"
"5","0.4","true","true","false","true","306","8.724","675.5694871273665"
"6","0.5","true","true","false","true","284","9.004","538.5241515900676"
"4","0.3","true","true","false","true","278","8.512","812.4959274612744"
"1","0","true","true","false","true","247","6.572","1568.7270977620708"
"9","0.8","true","true","false","true","299","8.984","359.26140713124585"
"3","0.2","true","true","false","true","215","8.612","1002.2263044602798"
"7","0.6","true","true","false","true","247","9.372","453.777249186725"
"2","0.1","true","true","false","true","268","7.74","1337.9391191138557"
"5","0.4","true","true","false","true","307","8.724","675.5694871273666"
"6","0.5","true","true","false","true","285","9.004","538.5241515900674"
"4","0.3","true","true","false","true","279","8.512","812.4959274612751"
"8","0.7","true","true","false","true","258","8.692","413.54722386923316"
"1","0","true","true","false","true","248","6.56","1565.2279892391693"
"9","0.8","true","true","false","true","300","8.984","359.2614071312455"
"3","0.2","true","true","false","true","216","8.604","1002.4641128339149"
"7","0.6","true","true","false","true","248","9.372","453.7772491867248"
"5","0.4","true","true","false","true","308","8.724","675.5694871273676"
"2","0.1","true","true","false","true","269","7.744","1338.320517916868"
"4","0.3","true","true","false","true","280","8.512","812.4959274612746"
"6","0.5","true","true","false","true","286","9.004","538.5241515900682"
"9","0.8","true","true","false","true","301","8.984","359.26140713124556"
"1","0","true","true","false","true","249","6.56","1565.6201077839607"
"8","0.7","true","true","false","true","259","8.692","413.547223869233"
"5","0.4","true","true","false","true","309","8.724","675.5694871273669"
"2","0.1","true","true","false","true","270","7.74","1337.3959634931446"
"7","0.6","true","true","false","true","249","9.372","453.7772491867249"
"4","0.3","true","true","false","true","281","8.512","812.4959274612752"
"6","0.5","true","true","false","true","287","9.004","538.5241515900682"
"9","0.8","true","true","false","true","302","8.984","359.2614071312458"
"3","0.2","true","true","false","true","217","8.616","1002.3948048889364"
"1","0","true","true","false","true","250","6.532","1563.7109047773733"
"5","0.4","true","true","false","true","310","8.724","675.5694871273661"
"8","0.7","true","true","false","true","260","8.692","413.54722386923305"
"2","0.1","true","true","false","true","271","7.752","1336.773829377804"
"6","0.5","true","true","false","true","288","9.004","538.5241515900678"
"4","0.3","true","true","false","true","282","8.512","812.4959274612752"
"9","0.8","true","true","false","true","303","8.984","359.2614071312454"
"7","0.6","true","true","false","true","250","9.372","453.7772491867247"
"1","0","true","true","false","true","251","6.568","1568.397392112884"
"5","0.4","true","true","false","true","311","8.724","675.5694871273671"
"3","0.2","true","true","false","true","218","8.616","1002.3181061478772"
"2","0.1","true","true","false","true","272","7.764","1337.743988283628"
"9","0.8","true","true","false","true","304","8.984","359.2614071312456"
"4","0.3","true","true","false","true","283","8.512","812.4959274612743"
"8","0.7","true","true","false","true","261","8.692","413.5472238692331"
"6","0.5","true","true","false","true","289","9.004","538.5241515900681"
"5","0.4","true","true","false","true","312","8.724","675.5694871273671"
"7","0.6","true","true","false","true","251","9.372","453.7772491867249"
"1","0","true","true","false","true","252","6.532","1567.160218908091"
"2","0.1","true","true","false","true","273","7.768","1338.062455855773"
"3","0.2","true","true","false","true","219","8.616","1002.3181061478774"
"4","0.3","true","true","false","true","284","8.512","812.495927461275"
"9","0.8","true","true","false","true","305","8.984","359.2614071312456"
"6","0.5","true","true","false","true","290","9.004","538.5241515900683"
"5","0.4","true","true","false","true","313","8.724","675.5694871273669"
"8","0.7","true","true","false","true","262","8.692","413.54722386923305"
"7","0.6","true","true","false","true","252","9.372","453.77724918672516"
"1","0","true","true","false","true","253","6.604","1566.0161798830782"
"2","0.1","true","true","false","true","274","7.716","1338.7430552369917"
"5","0.4","true","true","false","true","314","8.724","675.5694871273664"
"9","0.8","true","true","false","true","306","8.984","359.2614071312453"
"6","0.5","true","true","false","true","291","9.004","538.524151590068"
"4","0.3","true","true","false","true","285","8.512","812.4959274612744"
"3","0.2","true","true","false","true","220","8.616","1002.3181061478774"
"8","0.7","true","true","false","true","263","8.692","413.5472238692334"
"7","0.6","true","true","false","true","253","9.372","453.7772491867249"
"1","0","true","true","false","true","254","6.544","1562.2117876468872"
"5","0.4","true","true","false","true","315","8.724","675.5694871273669"
"2","0.1","true","true","false","true","275","7.72","1338.8425860741543"
"9","0.8","true","true","false","true","307","8.984","359.2614071312453"
"6","0.5","true","true","false","true","292","9.004","538.524151590068"
"4","0.3","true","true","false","true","286","8.512","812.4959274612742"
"5","0.4","true","true","false","true","316","8.724","675.5694871273665"
"3","0.2","true","true","false","true","221","8.616","1002.3181061478772"
"8","0.7","true","true","false","true","264","8.692","413.5472238692334"
"2","0.1","true","true","false","true","276","7.696","1338.0535813041438"
"1","0","true","true","false","true","255","6.588","1560.6473847143914"
"9","0.8","true","true","false","true","308","8.984","359.26140713124573"
"7","0.6","true","true","false","true","254","9.372","453.7772491867246"
"4","0.3","true","true","false","true","287","8.512","812.4959274612744"
"6","0.5","true","true","false","true","293","9.004","538.5241515900681"
"5","0.4","true","true","false","true","317","8.724","675.5694871273668"
"2","0.1","true","true","false","true","277","7.712","1337.7150801226037"
"9","0.8","true","true","false","true","309","8.984","359.2614071312457"
"1","0","true","true","false","true","256","6.56","1558.9285512365047"
"7","0.6","true","true","false","true","255","9.372","453.77724918672453"
"4","0.3","true","true","false","true","288","8.512","812.4959274612746"
"8","0.7","true","true","false","true","265","8.692","413.5472238692335"
"3","0.2","true","true","false","true","222","8.616","1002.3181061478772"
"6","0.5","true","true","false","true","294","9.004","538.5241515900681"
"5","0.4","true","true","false","true","318","8.724","675.5694871273669"
"9","0.8","true","true","false","true","310","8.984","359.2614071312458"
"2","0.1","true","true","false","true","278","7.712","1336.9557412880274"
"4","0.3","true","true","false","true","289","8.512","812.4959274612743"
"1","0","true","true","false","true","257","6.568","1555.2490879443403"
"7","0.6","true","true","false","true","256","9.372","453.77724918672465"
"6","0.5","true","true","false","true","295","9.004","538.5241515900681"
"8","0.7","true","true","false","true","266","8.692","413.54722386923356"
"5","0.4","true","true","false","true","319","8.724","675.5694871273671"
"3","0.2","true","true","false","true","223","8.616","1002.3181061478779"
"9","0.8","true","true","false","true","311","8.984","359.26140713124545"
"2","0.1","true","true","false","true","279","7.684","1338.6563178916856"
"4","0.3","true","true","false","true","290","8.512","812.4959274612738"
"1","0","true","true","false","true","258","6.584","1550.4506393189745"
"6","0.5","true","true","false","true","296","9.004","538.5241515900681"
"7","0.6","true","true","false","true","257","9.372","453.777249186725"
"5","0.4","true","true","false","true","320","8.724","675.5694871273661"
"8","0.7","true","true","false","true","267","8.692","413.5472238692332"
"9","0.8","true","true","false","true","312","8.984","359.2614071312457"
"2","0.1","true","true","false","true","280","7.708","1337.1799178763679"
"3","0.2","true","true","false","true","224","8.616","1002.3181061478774"
"4","0.3","true","true","false","true","291","8.512","812.4959274612745"
"1","0","true","true","false","true","259","6.64","1547.3719522151187"
"5","0.4","true","true","false","true","321","8.724","675.5694871273672"
"6","0.5","true","true","false","true","297","9.004","538.5241515900678"
"7","0.6","true","true","false","true","258","9.372","453.77724918672476"
"9","0.8","true","true","false","true","313","8.984","359.26140713124556"
"2","0.1","true","true","false","true","281","7.712","1337.3986778560206"
"8","0.7","true","true","false","true","268","8.692","413.5472238692331"
"5","0.4","true","true","false","true","322","8.724","675.5694871273666"
"4","0.3","true","true","false","true","292","8.512","812.4959274612745"
"1","0","true","true","false","true","260","6.692","1546.3423328601568"
"6","0.5","true","true","false","true","298","9.004","538.524151590068"
"3","0.2","true","true","false","true","225","8.616","1002.3181061478781"
"9","0.8","true","true","false","true","314","8.984","359.2614071312456"
"2","0.1","true","true","false","true","282","7.74","1337.4199511680656"
"7","0.6","true","true","false","true","259","9.372","453.77724918672493"
"8","0.7","true","true","false","true","269","8.692","413.54722386923316"
"4","0.3","true","true","false","true","293","8.512","812.4959274612738"
"5","0.4","true","true","false","true","323","8.724","675.5694871273661"
"6","0.5","true","true","false","true","299","9.004","538.524151590068"
"9","0.8","true","true","false","true","315","8.984","359.26140713124516"
"1","0","true","true","false","true","261","6.632","1544.1266882615205"
"2","0.1","true","true","false","true","283","7.728","1338.022081575011"
"3","0.2","true","true","false","true","226","8.616","1002.3181061478771"
"5","0.4","true","true","false","true","324","8.724","675.5694871273671"
"7","0.6","true","true","false","true","260","9.372","453.7772491867252"
"8","0.7","true","true","false","true","270","8.692","413.54722386923316"
"4","0.3","true","true","false","true","294","8.512","812.4959274612742"
"6","0.5","true","true","false","true","300","9.004","538.5241515900682"
"9","0.8","true","true","false","true","316","8.984","359.26140713124556"
"1","0","true","true","false","true","262","6.62","1547.0948848162686"
"2","0.1","true","true","false","true","284","7.736","1338.3561990122732"
"5","0.4","true","true","false","true","325","8.724","675.5694871273662"
"3","0.2","true","true","false","true","227","8.616","1002.3181061478774"
"7","0.6","true","true","false","true","261","9.372","453.7772491867249"
"4","0.3","true","true","false","true","295","8.512","812.4959274612742"
"6","0.5","true","true","false","true","301","9.004","538.5241515900678"
"8","0.7","true","true","false","true","271","8.692","413.54722386923333"
"9","0.8","true","true","false","true","317","8.984","359.26140713124545"
"2","0.1","true","true","false","true","285","7.724","1336.780753135975"
"1","0","true","true","false","true","263","6.608","1546.4106421998822"
"5","0.4","true","true","false","true","326","8.724","675.5694871273669"
"4","0.3","true","true","false","true","296","8.512","812.4959274612744"
"6","0.5","true","true","false","true","302","9.004","538.5241515900681"
"7","0.6","true","true","false","true","262","9.372","453.777249186725"
"9","0.8","true","true","false","true","318","8.984","359.26140713124545"
"3","0.2","true","true","false","true","228","8.616","1002.3181061478771"
"8","0.7","true","true","false","true","272","8.692","413.54722386923316"
"2","0.1","true","true","false","true","286","7.744","1334.975551874707"
"5","0.4","true","true","false","true","327","8.724","675.5694871273665"
"1","0","true","true","false","true","264","6.608","1541.114715851834"
"6","0.5","true","true","false","true","303","9.004","538.5241515900681"
"4","0.3","true","true","false","true","297","8.512","812.4959274612742"
"9","0.8","true","true","false","true","319","8.984","359.2614071312456"
"7","0.6","true","true","false","true","263","9.372","453.77724918672493"
"2","0.1","true","true","false","true","287","7.744","1336.3599323156302"
"5","0.4","true","true","false","true","328","8.724","675.5694871273663"
"8","0.7","true","true","false","true","273","8.692","413.5472238692332"
"3","0.2","true","true","false","true","229","8.616","1002.3181061478774"
"1","0","true","true","false","true","265","6.596","1542.4230959444446"
"6","0.5","true","true","false","true","304","9.004","538.5241515900675"
"4","0.3","true","true","false","true","298","8.512","812.495927461275"
"9","0.8","true","true","false","true","320","8.984","359.26140713124545"
"5","0.4","true","true","false","true","329","8.724","675.5694871273666"
"7","0.6","true","true","false","true","264","9.372","453.77724918672476"
"2","0.1","true","true","false","true","288","7.76","1335.3467563126433"
"1","0","true","true","false","true","266","6.648","1542.253850646138"
"6","0.5","true","true","false","true","305","9.004","538.5241515900684"
"8","0.7","true","true","false","true","274","8.692","413.5472238692338"
"4","0.3","true","true","false","true","299","8.512","812.4959274612746"
"9","0.8","true","true","false","true","321","8.984","359.26140713124556"
"5","0.4","true","true","false","true","330","8.724","675.569487127367"
"3","0.2","true","true","false","true","230","8.616","1002.3181061478779"
"2","0.1","true","true","false","true","289","7.764","1334.352759927337"
"7","0.6","true","true","false","true","265","9.372","453.7772491867251"
"1","0","true","true","false","true","267","6.592","1542.1220271737818"
"6","0.5","true","true","false","true","306","9.004","538.5241515900677"
"4","0.3","true","true","false","true","300","8.512","812.4959274612746"
"9","0.8","true","true","false","true","322","8.984","359.2614071312452"
"5","0.4","true","true","false","true","331","8.724","675.5694871273664"
"8","0.7","true","true","false","true","275","8.692","413.547223869233"
"2","0.1","true","true","false","true","290","7.752","1335.478488934056"
"3","0.2","true","true","false","true","231","8.616","1002.3181061478768"
"1","0","true","true","false","true","268","6.656","1543.4042349282333"
"6","0.5","true","true","false","true","307","9.004","538.5241515900682"
"7","0.6","true","true","false","true","266","9.372","453.77724918672544"
"5","0.4","true","true","false","true","332","8.724","675.5694871273665"
"9","0.8","true","true","false","true","323","8.984","359.26140713124545"
"4","0.3","true","true","false","true","301","8.512","812.4959274612748"
"8","0.7","true","true","false","true","276","8.692","413.54722386923356"
"2","0.1","true","true","false","true","291","7.744","1335.6393908828313"
"1","0","true","true","false","true","269","6.604","1547.3643909644056"
"6","0.5","true","true","false","true","308","9.004","538.5241515900681"
"5","0.4","true","true","false","true","333","8.724","675.5694871273663"
"4","0.3","true","true","false","true","302","8.512","812.4959274612747"
"9","0.8","true","true","false","true","324","8.984","359.2614071312458"
"3","0.2","true","true","false","true","232","8.616","1002.3181061478783"
"7","0.6","true","true","false","true","267","9.372","453.777249186725"
"8","0.7","true","true","false","true","277","8.692","413.5472238692333"
"2","0.1","true","true","false","true","292","7.728","1336.990587497198"
"5","0.4","true","true","false","true","334","8.724","675.5694871273672"
"1","0","true","true","false","true","270","6.64","1548.9198642948932"
"6","0.5","true","true","false","true","309","9.004","538.5241515900676"
"9","0.8","true","true","false","true","325","8.984","359.2614071312454"
"4","0.3","true","true","false","true","303","8.512","812.4959274612742"
"7","0.6","true","true","false","true","268","9.372","453.7772491867251"
"2","0.1","true","true","false","true","293","7.696","1337.6753893056703"
"3","0.2","true","true","false","true","233","8.616","1002.3181061478776"
"5","0.4","true","true","false","true","335","8.724","675.5694871273669"
"8","0.7","true","true","false","true","278","8.692","413.54722386923294"
"1","0","true","true","false","true","271","6.624","1546.945395613155"
"6","0.5","true","true","false","true","310","9.004","538.5241515900677"
"4","0.3","true","true","false","true","304","8.512","812.4959274612742"
"9","0.8","true","true","false","true","326","8.984","359.2614071312456"
"7","0.6","true","true","false","true","269","9.372","453.77724918672465"
"2","0.1","true","true","false","true","294","7.716","1336.247652968428"
"5","0.4","true","true","false","true","336","8.724","675.5694871273669"
"6","0.5","true","true","false","true","311","9.004","538.5241515900677"
"9","0.8","true","true","false","true","327","8.984","359.26140713124573"
"8","0.7","true","true","false","true","279","8.692","413.54722386923316"
"1","0","true","true","false","true","272","6.648","1549.3149376706094"
"4","0.3","true","true","false","true","305","8.512","812.4959274612743"
"3","0.2","true","true","false","true","234","8.616","1002.3181061478774"
"2","0.1","true","true","false","true","295","7.74","1335.617306712885"
"7","0.6","true","true","false","true","270","9.372","453.7772491867249"
"9","0.8","true","true","false","true","328","8.984","359.2614071312457"
"5","0.4","true","true","false","true","337","8.724","675.5694871273669"
"6","0.5","true","true","false","true","312","9.004","538.524151590068"
"8","0.7","true","true","false","true","280","8.692","413.54722386923345"
"4","0.3","true","true","false","true","306","8.512","812.4959274612744"
"1","0","true","true","false","true","273","6.616","1545.624868034245"
"9","0.8","true","true","false","true","329","8.984","359.26140713124573"
"6","0.5","true","true","false","true","313","9.004","538.5241515900682"
"5","0.4","true","true","false","true","338","8.724","675.5694871273672"
"3","0.2","true","true","false","true","235","8.616","1002.3181061478776"
"2","0.1","true","true","false","true","296","7.736","1334.1106126650716"
"7","0.6","true","true","false","true","271","9.372","453.77724918672516"
"1","0","true","true","false","true","274","6.584","1545.938861618733"
"9","0.8","true","true","false","true","330","8.984","359.26140713124545"
"4","0.3","true","true","false","true","307","8.512","812.4959274612742"
"8","0.7","true","true","false","true","281","8.692","413.5472238692334"
"5","0.4","true","true","false","true","339","8.724","675.5694871273665"
"6","0.5","true","true","false","true","314","9.004","538.5241515900682"
"2","0.1","true","true","false","true","297","7.74","1333.2123669576113"
"3","0.2","true","true","false","true","236","8.616","1002.3181061478771"
"9","0.8","true","true","false","true","331","8.984","359.26140713124556"
"7","0.6","true","true","false","true","272","9.372","453.777249186725"
"1","0","true","true","false","true","275","6.632","1543.514458410255"
"4","0.3","true","true","false","true","308","8.512","812.4959274612742"
"5","0.4","true","true","false","true","340","8.724","675.5694871273669"
"8","0.7","true","true","false","true","282","8.692","413.54722386923305"
"6","0.5","true","true","false","true","315","9.004","538.5241515900678"
"9","0.8","true","true","false","true","332","8.984","359.2614071312454"
"2","0.1","true","true","false","true","298","7.768","1333.8566467713665"
"7","0.6","true","true","false","true","273","9.372","453.77724918672476"
"3","0.2","true","true","false","true","237","8.616","1002.3181061478774"
"5","0.4","true","true","false","true","341","8.724","675.5694871273669"
"4","0.3","true","true","false","true","309","8.512","812.4959274612739"
"6","0.5","true","true","false","true","316","9.004","538.5241515900683"
"9","0.8","true","true","false","true","333","8.984","359.26140713124556"
"2","0.1","true","true","false","true","299","7.752","1335.237459255083"
"1","0","true","true","false","true","276","6.612","1541.3915157504184"
"8","0.7","true","true","false","true","283","8.692","413.54722386923316"
"5","0.4","true","true","false","true","342","8.724","675.5694871273665"
"4","0.3","true","true","false","true","310","8.512","812.4959274612743"
"7","0.6","true","true","false","true","274","9.372","453.7772491867248"
"9","0.8","true","true","false","true","334","8.984","359.2614071312455"
"6","0.5","true","true","false","true","317","9.004","538.5241515900677"
"2","0.1","true","true","false","true","300","7.736","1335.4047223313019"
"3","0.2","true","true","false","true","238","8.616","1002.3181061478774"
"1","0","true","true","false","true","277","6.548","1546.012830207307"
"8","0.7","true","true","false","true","284","8.692","413.54722386923316"
"5","0.4","true","true","false","true","343","8.724","675.5694871273665"
"7","0.6","true","true","false","true","275","9.372","453.77724918672465"
"4","0.3","true","true","false","true","311","8.512","812.4959274612743"
"9","0.8","true","true","false","true","335","8.984","359.2614071312454"
"6","0.5","true","true","false","true","318","9.004","538.5241515900676"
"2","0.1","true","true","false","true","301","7.728","1335.2026021356146"
"3","0.2","true","true","false","true","239","8.616","1002.3181061478774"
"1","0","true","true","false","true","278","6.468","1542.8225906018397"
"5","0.4","true","true","false","true","344","8.724","675.5694871273672"
"9","0.8","true","true","false","true","336","8.984","359.2614071312457"
"4","0.3","true","true","false","true","312","8.512","812.4959274612746"
"7","0.6","true","true","false","true","276","9.372","453.77724918672493"
"8","0.7","true","true","false","true","285","8.692","413.5472238692334"
"2","0.1","true","true","false","true","302","7.724","1334.6314393649513"
"6","0.5","true","true","false","true","319","9.004","538.5241515900676"
"5","0.4","true","true","false","true","345","8.724","675.5694871273668"
"9","0.8","true","true","false","true","337","8.984","359.2614071312456"
"4","0.3","true","true","false","true","313","8.512","812.4959274612739"
"1","0","true","true","false","true","279","6.512","1542.1075064260383"
"2","0.1","true","true","false","true","303","7.764","1334.0942061645237"
"3","0.2","true","true","false","true","240","8.616","1002.3181061478774"
"6","0.5","true","true","false","true","320","9.004","538.5241515900674"
"7","0.6","true","true","false","true","277","9.372","453.7772491867244"
"8","0.7","true","true","false","true","286","8.692","413.5472238692332"
"5","0.4","true","true","false","true","346","8.724","675.5694871273669"
"9","0.8","true","true","false","true","338","8.984","359.2614071312457"
"4","0.3","true","true","false","true","314","8.512","812.4959274612742"
"2","0.1","true","true","false","true","304","7.74","1334.6784077573343"
"1","0","true","true","false","true","280","6.564","1541.9021991059838"
"6","0.5","true","true","false","true","321","9.004","538.5241515900681"
"7","0.6","true","true","false","true","278","9.372","453.77724918672527"
"5","0.4","true","true","false","true","347","8.724","675.5694871273671"
"8","0.7","true","true","false","true","287","8.692","413.5472238692331"
"9","0.8","true","true","false","true","339","8.984","359.2614071312454"
"4","0.3","true","true","false","true","315","8.512","812.4959274612751"
"3","0.2","true","true","false","true","241","8.616","1002.3181061478779"
"2","0.1","true","true","false","true","305","7.768","1333.9801789553294"
"6","0.5","true","true","false","true","322","9.004","538.5241515900681"
"5","0.4","true","true","false","true","348","8.724","675.5694871273664"
"4","0.3","true","true","false","true","316","8.512","812.4959274612747"
"1","0","true","true","false","true","281","6.504","1540.4634756442442"
"7","0.6","true","true","false","true","279","9.372","453.7772491867249"
"9","0.8","true","true","false","true","340","8.984","359.2614071312452"
"3","0.2","true","true","false","true","242","8.616","1002.3181061478781"
"8","0.7","true","true","false","true","288","8.692","413.54722386923316"
"2","0.1","true","true","false","true","306","7.788","1333.5729616075416"
"6","0.5","true","true","false","true","323","9.004","538.5241515900682"
"4","0.3","true","true","false","true","317","8.512","812.4959274612744"
"5","0.4","true","true","false","true","349","8.724","675.5694871273668"
"7","0.6","true","true","false","true","280","9.372","453.777249186725"
"1","0","true","true","false","true","282","6.536","1541.0627065483243"
"9","0.8","true","true","false","true","341","8.984","359.2614071312453"
"2","0.1","true","true","false","true","307","7.744","1334.2204401260103"
"8","0.7","true","true","false","true","289","8.692","413.54722386923305"
"6","0.5","true","true","false","true","324","9.004","538.5241515900682"
"3","0.2","true","true","false","true","243","8.616","1002.3181061478771"
"5","0.4","true","true","false","true","350","8.724","675.569487127367"
"4","0.3","true","true","false","true","318","8.512","812.4959274612748"
"9","0.8","true","true","false","true","342","8.984","359.26140713124533"
"7","0.6","true","true","false","true","281","9.372","453.77724918672453"
"1","0","true","true","false","true","283","6.508","1543.064302100822"
"2","0.1","true","true","false","true","308","7.764","1334.4668591447994"
"8","0.7","true","true","false","true","290","8.692","413.5472238692331"
"6","0.5","true","true","false","true","325","9.004","538.524151590068"
"5","0.4","true","true","false","true","351","8.724","675.5694871273664"
"9","0.8","true","true","false","true","343","8.984","359.2614071312458"
"4","0.3","true","true","false","true","319","8.512","812.4959274612751"
"1","0","true","true","false","true","284","6.54","1542.7332138621473"
"7","0.6","true","true","false","true","282","9.372","453.7772491867251"
"3","0.2","true","true","false","true","244","8.616","1002.3181061478772"
"2","0.1","true","true","false","true","309","7.728","1334.9452301163258"
"6","0.5","true","true","false","true","326","9.004","538.5241515900676"
"5","0.4","true","true","false","true","352","8.724","675.5694871273665"
"8","0.7","true","true","false","true","291","8.692","413.54722386923305"
"9","0.8","true","true","false","true","344","8.984","359.2614071312454"
"1","0","true","true","false","true","285","6.528","1542.3388597904893"
"4","0.3","true","true","false","true","320","8.512","812.4959274612748"
"7","0.6","true","true","false","true","283","9.372","453.7772491867245"
"5","0.4","true","true","false","true","353","8.724","675.5694871273669"
"2","0.1","true","true","false","true","310","7.76","1334.9078031262816"
"3","0.2","true","true","false","true","245","8.616","1002.3181061478772"
"6","0.5","true","true","false","true","327","9.004","538.5241515900681"
"9","0.8","true","true","false","true","345","8.984","359.2614071312456"
"1","0","true","true","false","true","286","6.476","1545.9133501461315"
"4","0.3","true","true","false","true","321","8.512","812.4959274612746"
"8","0.7","true","true","false","true","292","8.692","413.5472238692332"
"6","0.5","true","true","false","true","328","9.004","538.5241515900675"
"7","0.6","true","true","false","true","284","9.372","453.7772491867246"
"9","0.8","true","true","false","true","346","8.984","359.2614071312452"
"5","0.4","true","true","false","true","354","8.724","675.5694871273664"
"2","0.1","true","true","false","true","311","7.784","1335.2060602354832"
"4","0.3","true","true","false","true","322","8.512","812.4959274612743"
"1","0","true","true","false","true","287","6.528","1546.421807636885"
"3","0.2","true","true","false","true","246","8.616","1002.3181061478776"
"6","0.5","true","true","false","true","329","9.004","538.5241515900676"
"8","0.7","true","true","false","true","293","8.692","413.5472238692331"
"5","0.4","true","true","false","true","355","8.724","675.5694871273666"
"9","0.8","true","true","false","true","347","8.984","359.2614071312456"
"7","0.6","true","true","false","true","285","9.372","453.777249186725"
"2","0.1","true","true","false","true","312","7.768","1334.53670346229"
"4","0.3","true","true","false","true","323","8.512","812.4959274612742"
"6","0.5","true","true","false","true","330","9.004","538.5241515900682"
"1","0","true","true","false","true","288","6.568","1547.0478306836899"
"5","0.4","true","true","false","true","356","8.724","675.5694871273666"
"8","0.7","true","true","false","true","294","8.692","413.54722386923305"
"9","0.8","true","true","false","true","348","8.984","359.26140713124556"
"3","0.2","true","true","false","true","247","8.616","1002.3181061478774"
"7","0.6","true","true","false","true","286","9.372","453.7772491867253"
"6","0.5","true","true","false","true","331","9.004","538.5241515900681"
"2","0.1","true","true","false","true","313","7.768","1334.8359489266907"
"4","0.3","true","true","false","true","324","8.512","812.4959274612745"
"1","0","true","true","false","true","289","6.488","1548.1724944105954"
"5","0.4","true","true","false","true","357","8.724","675.5694871273672"
"9","0.8","true","true","false","true","349","8.984","359.2614071312455"
"8","0.7","true","true","false","true","295","8.692","413.5472238692334"
"7","0.6","true","true","false","true","287","9.372","453.77724918672465"
"2","0.1","true","true","false","true","314","7.792","1334.2131346035933"
"4","0.3","true","true","false","true","325","8.512","812.4959274612744"
"3","0.2","true","true","false","true","248","8.616","1002.3181061478768"
"6","0.5","true","true","false","true","332","9.004","538.5241515900678"
"1","0","true","true","false","true","290","6.532","1547.2699744306287"
"9","0.8","true","true","false","true","350","8.984","359.26140713124516"
"5","0.4","true","true","false","true","358","8.724","675.569487127367"
"7","0.6","true","true","false","true","288","9.372","453.7772491867252"
"2","0.1","true","true","false","true","315","7.796","1334.3079214313273"
"4","0.3","true","true","false","true","326","8.512","812.4959274612738"
"8","0.7","true","true","false","true","296","8.692","413.5472238692331"
"6","0.5","true","true","false","true","333","9.004","538.5241515900681"
"9","0.8","true","true","false","true","351","8.984","359.2614071312452"
"1","0","true","true","false","true","291","6.532","1547.4677929113657"
"3","0.2","true","true","false","true","249","8.616","1002.3181061478781"
"5","0.4","true","true","false","true","359","8.724","675.5694871273668"
"2","0.1","true","true","false","true","316","7.792","1334.9804061169664"
"4","0.3","true","true","false","true","327","8.512","812.4959274612756"
"9","0.8","true","true","false","true","352","8.984","359.2614071312458"
"1","0","true","true","false","true","292","6.556","1548.296713461764"
"7","0.6","true","true","false","true","289","9.372","453.77724918672516"
"6","0.5","true","true","false","true","334","9.004","538.5241515900681"
"8","0.7","true","true","false","true","297","8.692","413.5472238692334"
"5","0.4","true","true","false","true","360","8.724","675.5694871273666"
"2","0.1","true","true","false","true","317","7.788","1334.568048950307"
"3","0.2","true","true","false","true","250","8.616","1002.3181061478781"
"9","0.8","true","true","false","true","353","8.984","359.2614071312456"
"4","0.3","true","true","false","true","328","8.512","812.4959274612742"
"1","0","true","true","false","true","293","6.584","1546.5211794362544"
"6","0.5","true","true","false","true","335","9.004","538.524151590068"
"5","0.4","true","true","false","true","361","8.724","675.5694871273664"
"7","0.6","true","true","false","true","290","9.372","453.7772491867252"
"8","0.7","true","true","false","true","298","8.692","413.5472238692333"
"2","0.1","true","true","false","true","318","7.788","1334.745708533947"
"9","0.8","true","true","false","true","354","8.984","359.26140713124556"
"4","0.3","true","true","false","true","329","8.512","812.4959274612737"
"5","0.4","true","true","false","true","362","8.724","675.5694871273663"
"6","0.5","true","true","false","true","336","9.004","538.5241515900682"
"1","0","true","true","false","true","294","6.608","1549.8697924986495"
"3","0.2","true","true","false","true","251","8.616","1002.3181061478768"
"7","0.6","true","true","false","true","291","9.372","453.7772491867248"
"2","0.1","true","true","false","true","319","7.816","1334.9716643823808"
"8","0.7","true","true","false","true","299","8.692","413.5472238692332"
"9","0.8","true","true","false","true","355","8.984","359.2614071312456"
"5","0.4","true","true","false","true","363","8.724","675.5694871273665"
"4","0.3","true","true","false","true","330","8.512","812.4959274612745"
"6","0.5","true","true","false","true","337","9.004","538.524151590068"
"1","0","true","true","false","true","295","6.572","1548.3648321739447"
"2","0.1","true","true","false","true","320","7.8","1335.8470377198864"
"5","0.4","true","true","false","true","364","8.724","675.5694871273669"
"7","0.6","true","true","false","true","292","9.372","453.77724918672493"
"3","0.2","true","true","false","true","252","8.616","1002.3181061478774"
"9","0.8","true","true","false","true","356","8.984","359.2614071312453"
"4","0.3","true","true","false","true","331","8.512","812.4959274612744"
"8","0.7","true","true","false","true","300","8.692","413.5472238692335"
"6","0.5","true","true","false","true","338","9.004","538.5241515900676"
"1","0","true","true","false","true","296","6.584","1549.1997416619615"
"5","0.4","true","true","false","true","365","8.724","675.5694871273672"
"2","0.1","true","true","false","true","321","7.8","1335.9755509557144"
"9","0.8","true","true","false","true","357","8.984","359.26140713124556"
"7","0.6","true","true","false","true","293","9.372","453.7772491867247"
"4","0.3","true","true","false","true","332","8.512","812.4959274612746"
"6","0.5","true","true","false","true","339","9.004","538.5241515900676"
"8","0.7","true","true","false","true","301","8.692","413.54722386923356"
"3","0.2","true","true","false","true","253","8.616","1002.3181061478772"
"1","0","true","true","false","true","297","6.572","1549.1439282353674"
"5","0.4","true","true","false","true","366","8.724","675.5694871273665"
"2","0.1","true","true","false","true","322","7.812","1335.2262765817788"
"9","0.8","true","true","false","true","358","8.984","359.2614071312454"
"4","0.3","true","true","false","true","333","8.512","812.4959274612737"
"6","0.5","true","true","false","true","340","9.004","538.5241515900678"
"7","0.6","true","true","false","true","294","9.372","453.7772491867255"
"8","0.7","true","true","false","true","302","8.692","413.5472238692332"
"3","0.2","true","true","false","true","254","8.616","1002.3181061478779"
"1","0","true","true","false","true","298","6.536","1548.913118244438"
"5","0.4","true","true","false","true","367","8.724","675.5694871273666"
"2","0.1","true","true","false","true","323","7.824","1334.2043995243478"
"9","0.8","true","true","false","true","359","8.984","359.2614071312456"
"6","0.5","true","true","false","true","341","9.004","538.5241515900681"
"4","0.3","true","true","false","true","334","8.512","812.495927461274"
"7","0.6","true","true","false","true","295","9.372","453.77724918672516"
"1","0","true","true","false","true","299","6.56","1549.1327342162426"
"5","0.4","true","true","false","true","368","8.724","675.5694871273674"
"2","0.1","true","true","false","true","324","7.804","1333.9520856548204"
"8","0.7","true","true","false","true","303","8.692","413.54722386923333"
"6","0.5","true","true","false","true","342","9.004","538.5241515900682"
"4","0.3","true","true","false","true","335","8.512","812.4959274612738"
"9","0.8","true","true","false","true","360","8.984","359.2614071312455"
"3","0.2","true","true","false","true","255","8.616","1002.3181061478771"
"5","0.4","true","true","false","true","369","8.724","675.5694871273668"
"7","0.6","true","true","false","true","296","9.372","453.7772491867248"
"1","0","true","true","false","true","300","6.528","1550.9271123593244"
"2","0.1","true","true","false","true","325","7.8","1333.6666265439167"
"4","0.3","true","true","false","true","336","8.512","812.4959274612744"
"6","0.5","true","true","false","true","343","9.004","538.524151590068"
"9","0.8","true","true","false","true","361","8.984","359.2614071312457"
"8","0.7","true","true","false","true","304","8.692","413.54722386923345"
"5","0.4","true","true","false","true","370","8.724","675.569487127367"
"3","0.2","true","true","false","true","256","8.616","1002.3181061478779"
"1","0","true","true","false","true","301","6.536","1552.3424612807964"
"7","0.6","true","true","false","true","297","9.372","453.7772491867247"
"4","0.3","true","true","false","true","337","8.512","812.4959274612744"
"2","0.1","true","true","false","true","326","7.82","1333.8818768660228"
"9","0.8","true","true","false","true","362","8.984","359.2614071312455"
"6","0.5","true","true","false","true","344","9.004","538.5241515900683"
"5","0.4","true","true","false","true","371","8.724","675.5694871273665"
"8","0.7","true","true","false","true","305","8.692","413.5472238692332"
"1","0","true","true","false","true","302","6.576","1553.6266691882302"
"4","0.3","true","true","false","true","338","8.512","812.4959274612747"
"3","0.2","true","true","false","true","257","8.616","1002.3181061478776"
"2","0.1","true","true","false","true","327","7.812","1333.7778692947252"
"9","0.8","true","true","false","true","363","8.984","359.26140713124573"
"6","0.5","true","true","false","true","345","9.004","538.5241515900681"
"7","0.6","true","true","false","true","298","9.372","453.77724918672465"
"5","0.4","true","true","false","true","372","8.724","675.5694871273666"
"1","0","true","true","false","true","303","6.544","1552.5427725881102"
"4","0.3","true","true","false","true","339","8.512","812.4959274612746"
"8","0.7","true","true","false","true","306","8.692","413.54722386923333"
"2","0.1","true","true","false","true","328","7.828","1333.2387117370217"
"9","0.8","true","true","false","true","364","8.984","359.26140713124556"
"5","0.4","true","true","false","true","373","8.724","675.5694871273665"
"6","0.5","true","true","false","true","346","9.004","538.5241515900676"
"7","0.6","true","true","false","true","299","9.372","453.7772491867252"
"3","0.2","true","true","false","true","258","8.616","1002.3181061478772"
"4","0.3","true","true","false","true","340","8.512","812.4959274612743"
"1","0","true","true","false","true","304","6.524","1551.7887588598487"
"9","0.8","true","true","false","true","365","8.984","359.2614071312454"
"2","0.1","true","true","false","true","329","7.804","1333.398685423487"
"5","0.4","true","true","false","true","374","8.724","675.569487127367"
"6","0.5","true","true","false","true","347","9.004","538.5241515900676"
"8","0.7","true","true","false","true","307","8.692","413.54722386923333"
"3","0.2","true","true","false","true","259","8.616","1002.3181061478771"
"7","0.6","true","true","false","true","300","9.372","453.7772491867248"
"4","0.3","true","true","false","true","341","8.512","812.495927461275"
"5","0.4","true","true","false","true","375","8.724","675.5694871273666"
"9","0.8","true","true","false","true","366","8.984","359.26140713124573"
"1","0","true","true","false","true","305","6.508","1549.3987672966546"
"2","0.1","true","true","false","true","330","7.812","1332.7754683771582"
"6","0.5","true","true","false","true","348","9.004","538.5241515900676"
"8","0.7","true","true","false","true","308","8.692","413.5472238692328"
"7","0.6","true","true","false","true","301","9.372","453.77724918672465"
"5","0.4","true","true","false","true","376","8.724","675.5694871273669"
"4","0.3","true","true","false","true","342","8.512","812.4959274612744"
"9","0.8","true","true","false","true","367","8.984","359.26140713124556"
"3","0.2","true","true","false","true","260","8.616","1002.3181061478774"
"1","0","true","true","false","true","306","6.496","1549.905685053885"
"2","0.1","true","true","false","true","331","7.804","1333.1423191333488"
"6","0.5","true","true","false","true","349","9.004","538.5241515900676"
"8","0.7","true","true","false","true","309","8.692","413.54722386923333"
"5","0.4","true","true","false","true","377","8.724","675.5694871273665"
"7","0.6","true","true","false","true","302","9.372","453.77724918672527"
"4","0.3","true","true","false","true","343","8.512","812.4959274612747"
"9","0.8","true","true","false","true","368","8.984","359.2614071312458"
"2","0.1","true","true","false","true","332","7.78","1332.6474535092887"
"6","0.5","true","true","false","true","350","9.004","538.524151590068"
"1","0","true","true","false","true","307","6.544","1547.9677028015578"
"5","0.4","true","true","false","true","378","8.724","675.5694871273669"
"3","0.2","true","true","false","true","261","8.616","1002.3181061478779"
"8","0.7","true","true","false","true","310","8.692","413.54722386923316"
"9","0.8","true","true","false","true","369","8.984","359.26140713124545"
"4","0.3","true","true","false","true","344","8.512","812.4959274612745"
"7","0.6","true","true","false","true","303","9.372","453.7772491867251"
"2","0.1","true","true","false","true","333","7.812","1332.6877282406613"
"5","0.4","true","true","false","true","379","8.724","675.5694871273665"
"6","0.5","true","true","false","true","351","9.004","538.5241515900676"
"1","0","true","true","false","true","308","6.504","1544.6017625911145"
"9","0.8","true","true","false","true","370","8.984","359.2614071312458"
"4","0.3","true","true","false","true","345","8.512","812.4959274612745"
"8","0.7","true","true","false","true","311","8.692","413.54722386923345"
"5","0.4","true","true","false","true","380","8.724","675.5694871273665"
"3","0.2","true","true","false","true","262","8.616","1002.3181061478774"
"2","0.1","true","true","false","true","334","7.812","1333.2206573915491"
"7","0.6","true","true","false","true","304","9.372","453.7772491867247"
"6","0.5","true","true","false","true","352","9.004","538.5241515900683"
"1","0","true","true","false","true","309","6.528","1546.289387129578"
"5","0.4","true","true","false","true","381","8.724","675.5694871273665"
"4","0.3","true","true","false","true","346","8.512","812.4959274612742"
"9","0.8","true","true","false","true","371","8.984","359.26140713124533"
"8","0.7","true","true","false","true","312","8.692","413.54722386923305"
"2","0.1","true","true","false","true","335","7.8","1333.012502612549"
"6","0.5","true","true","false","true","353","9.004","538.5241515900682"
"3","0.2","true","true","false","true","263","8.616","1002.3181061478781"
"9","0.8","true","true","false","true","372","8.984","359.2614071312454"
"5","0.4","true","true","false","true","382","8.724","675.5694871273669"
"7","0.6","true","true","false","true","305","9.372","453.7772491867249"
"1","0","true","true","false","true","310","6.588","1545.1468094434456"
"4","0.3","true","true","false","true","347","8.512","812.4959274612739"
"9","0.8","true","true","false","true","373","8.984","359.26140713124556"
"2","0.1","true","true","false","true","336","7.796","1331.8107744005595"
"8","0.7","true","true","false","true","313","8.692","413.5472238692335"
"6","0.5","true","true","false","true","354","9.004","538.5241515900677"
"5","0.4","true","true","false","true","383","8.724","675.5694871273663"
"1","0","true","true","false","true","311","6.576","1545.1011779944936"
"7","0.6","true","true","false","true","306","9.372","453.7772491867249"
"4","0.3","true","true","false","true","348","8.512","812.4959274612738"
"3","0.2","true","true","false","true","264","8.616","1002.3181061478774"
"2","0.1","true","true","false","true","337","7.808","1330.9503168007766"
"9","0.8","true","true","false","true","374","8.984","359.2614071312454"
"5","0.4","true","true","false","true","384","8.724","675.5694871273668"
"6","0.5","true","true","false","true","355","9.004","538.5241515900682"
"8","0.7","true","true","false","true","314","8.692","413.5472238692333"
"4","0.3","true","true","false","true","349","8.512","812.4959274612747"
"1","0","true","true","false","true","312","6.588","1544.8729600762185"
"2","0.1","true","true","false","true","338","7.816","1331.3928065269595"
"7","0.6","true","true","false","true","307","9.372","453.77724918672493"
"9","0.8","true","true","false","true","375","8.984","359.2614071312453"
"5","0.4","true","true","false","true","385","8.724","675.5694871273668"
"6","0.5","true","true","false","true","356","9.004","538.5241515900681"
"1","0","true","true","false","true","313","6.592","1546.943853606975"
"3","0.2","true","true","false","true","265","8.616","1002.3181061478776"
"8","0.7","true","true","false","true","315","8.692","413.54722386923345"
"4","0.3","true","true","false","true","350","8.512","812.495927461275"
"5","0.4","true","true","false","true","386","8.724","675.5694871273668"
"2","0.1","true","true","false","true","339","7.828","1330.7084082893616"
"9","0.8","true","true","false","true","376","8.984","359.26140713124545"
"6","0.5","true","true","false","true","357","9.004","538.5241515900676"
"7","0.6","true","true","false","true","308","9.372","453.77724918672465"
"1","0","true","true","false","true","314","6.568","1547.9291628636513"
"4","0.3","true","true","false","true","351","8.512","812.4959274612745"
"5","0.4","true","true","false","true","387","8.724","675.5694871273672"
"8","0.7","true","true","false","true","316","8.692","413.54722386923305"
"2","0.1","true","true","false","true","340","7.852","1330.8414261047221"
"3","0.2","true","true","false","true","266","8.616","1002.3181061478772"
"6","0.5","true","true","false","true","358","9.004","538.5241515900676"
"9","0.8","true","true","false","true","377","8.984","359.26140713124573"
"7","0.6","true","true","false","true","309","9.372","453.7772491867249"
"1","0","true","true","false","true","315","6.612","1548.4662356350482"
"5","0.4","true","true","false","true","388","8.724","675.5694871273669"
"4","0.3","true","true","false","true","352","8.512","812.4959274612738"
"2","0.1","true","true","false","true","341","7.816","1331.0483325270932"
"6","0.5","true","true","false","true","359","9.004","538.5241515900678"
"9","0.8","true","true","false","true","378","8.984","359.2614071312453"
"8","0.7","true","true","false","true","317","8.692","413.54722386923316"
"3","0.2","true","true","false","true","267","8.616","1002.3181061478779"
"1","0","true","true","false","true","316","6.608","1548.0280146666817"
"4","0.3","true","true","false","true","353","8.512","812.495927461275"
"7","0.6","true","true","false","true","310","9.372","453.7772491867251"
"5","0.4","true","true","false","true","389","8.724","675.5694871273669"
"9","0.8","true","true","false","true","379","8.984","359.2614071312454"
"2","0.1","true","true","false","true","342","7.84","1331.7921775506825"
"6","0.5","true","true","false","true","360","9.004","538.5241515900678"
"5","0.4","true","true","false","true","390","8.724","675.5694871273664"
"8","0.7","true","true","false","true","318","8.692","413.5472238692333"
"4","0.3","true","true","false","true","354","8.512","812.4959274612742"
"3","0.2","true","true","false","true","268","8.616","1002.3181061478779"
"1","0","true","true","false","true","317","6.6","1549.5258081236548"
"2","0.1","true","true","false","true","343","7.844","1332.3597775861795"
"7","0.6","true","true","false","true","311","9.372","453.77724918672493"
"9","0.8","true","true","false","true","380","8.984","359.26140713124545"
"6","0.5","true","true","false","true","361","9.004","538.5241515900683"
"5","0.4","true","true","false","true","391","8.724","675.5694871273668"
"4","0.3","true","true","false","true","355","8.512","812.4959274612744"
"8","0.7","true","true","false","true","319","8.692","413.5472238692334"
"2","0.1","true","true","false","true","344","7.84","1334.0227359416021"
"1","0","true","true","false","true","318","6.56","1550.3202068977182"
"9","0.8","true","true","false","true","381","8.984","359.26140713124556"
"7","0.6","true","true","false","true","312","9.372","453.7772491867251"
"5","0.4","true","true","false","true","392","8.724","675.5694871273665"
"3","0.2","true","true","false","true","269","8.616","1002.3181061478779"
"6","0.5","true","true","false","true","362","9.004","538.524151590068"
"4","0.3","true","true","false","true","356","8.512","812.4959274612743"
"5","0.4","true","true","false","true","393","8.724","675.5694871273666"
"9","0.8","true","true","false","true","382","8.984","359.26140713124533"
"2","0.1","true","true","false","true","345","7.816","1334.8024452645527"
"6","0.5","true","true","false","true","363","9.004","538.5241515900676"
"8","0.7","true","true","false","true","320","8.692","413.54722386923333"
"1","0","true","true","false","true","319","6.536","1551.923840449906"
"7","0.6","true","true","false","true","313","9.372","453.7772491867248"
"4","0.3","true","true","false","true","357","8.512","812.4959274612742"
"3","0.2","true","true","false","true","270","8.616","1002.3181061478772"
"9","0.8","true","true","false","true","383","8.984","359.2614071312456"
"5","0.4","true","true","false","true","394","8.724","675.5694871273669"
"6","0.5","true","true","false","true","364","9.004","538.524151590068"
"2","0.1","true","true","false","true","346","7.832","1334.9375167487442"
"8","0.7","true","true","false","true","321","8.692","413.54722386923356"
"1","0","true","true","false","true","320","6.584","1550.0677368054687"
"9","0.8","true","true","false","true","384","8.984","359.26140713124533"
"4","0.3","true","true","false","true","358","8.512","812.4959274612744"
"5","0.4","true","true","false","true","395","8.724","675.5694871273663"
"7","0.6","true","true","false","true","314","9.372","453.77724918672527"
"3","0.2","true","true","false","true","271","8.616","1002.3181061478786"
"2","0.1","true","true","false","true","347","7.852","1335.1273929493289"
"6","0.5","true","true","false","true","365","9.004","538.524151590068"
"1","0","true","true","false","true","321","6.636","1550.1254072712763"
"9","0.8","true","true","false","true","385","8.984","359.2614071312455"
"5","0.4","true","true","false","true","396","8.724","675.5694871273669"
"8","0.7","true","true","false","true","322","8.692","413.54722386923333"
"4","0.3","true","true","false","true","359","8.512","812.4959274612745"
"6","0.5","true","true","false","true","366","9.004","538.524151590068"
"7","0.6","true","true","false","true","315","9.372","453.77724918672516"
"2","0.1","true","true","false","true","348","7.856","1335.0966385600154"
"5","0.4","true","true","false","true","397","8.724","675.5694871273668"
"1","0","true","true","false","true","322","6.524","1547.4633834520594"
"4","0.3","true","true","false","true","360","8.512","812.4959274612744"
"9","0.8","true","true","false","true","386","8.984","359.26140713124556"
"3","0.2","true","true","false","true","272","8.616","1002.3181061478772"
"8","0.7","true","true","false","true","323","8.692","413.547223869233"
"6","0.5","true","true","false","true","367","9.004","538.5241515900678"
"2","0.1","true","true","false","true","349","7.852","1334.6349450178166"
"5","0.4","true","true","false","true","398","8.724","675.5694871273669"
"4","0.3","true","true","false","true","361","8.512","812.4959274612744"
"7","0.6","true","true","false","true","316","9.372","453.77724918672527"
"1","0","true","true","false","true","323","6.616","1548.8589476868049"
"9","0.8","true","true","false","true","387","8.984","359.2614071312458"
"6","0.5","true","true","false","true","368","9.004","538.524151590068"
"3","0.2","true","true","false","true","273","8.616","1002.3181061478774"
"8","0.7","true","true","false","true","324","8.692","413.5472238692333"
"2","0.1","true","true","false","true","350","7.84","1333.2655701306705"
"4","0.3","true","true","false","true","362","8.512","812.4959274612751"
"1","0","true","true","false","true","324","6.608","1549.0293743962588"
"5","0.4","true","true","false","true","399","8.724","675.5694871273666"
"9","0.8","true","true","false","true","388","8.984","359.2614071312458"
"7","0.6","true","true","false","true","317","9.372","453.777249186725"
"5","0.4","true","true","false","true","400","8.724","675.5694871273672"
"6","0.5","true","true","false","true","369","9.004","538.5241515900677"
"2","0.1","true","true","false","true","351","7.836","1331.869556954661"
"4","0.3","true","true","false","true","363","8.512","812.4959274612743"
"8","0.7","true","true","false","true","325","8.692","413.54722386923316"
"1","0","true","true","false","true","325","6.568","1547.398478611195"
"9","0.8","true","true","false","true","389","8.984","359.2614071312457"
"3","0.2","true","true","false","true","274","8.616","1002.3181061478771"
"5","0.4","true","true","false","true","401","8.724","675.5694871273665"
"7","0.6","true","true","false","true","318","9.372","453.77724918672516"
"6","0.5","true","true","false","true","370","9.004","538.5241515900677"
"2","0.1","true","true","false","true","352","7.836","1331.422056152109"
"4","0.3","true","true","false","true","364","8.512","812.4959274612748"
"8","0.7","true","true","false","true","326","8.692","413.54722386923316"
"9","0.8","true","true","false","true","390","8.984","359.26140713124585"
"1","0","true","true","false","true","326","6.584","1544.509585771362"
"5","0.4","true","true","false","true","402","8.724","675.569487127367"
"6","0.5","true","true","false","true","371","9.004","538.5241515900681"
"3","0.2","true","true","false","true","275","8.616","1002.3181061478772"
"1","0","true","true","false","true","327","6.528","1543.797046586551"
"2","0.1","true","true","false","true","353","7.856","1330.7103939891288"
"4","0.3","true","true","false","true","365","8.512","812.4959274612744"
"9","0.8","true","true","false","true","391","8.984","359.26140713124516"
"5","0.4","true","true","false","true","403","8.724","675.5694871273669"
"7","0.6","true","true","false","true","319","9.372","453.77724918672453"
"8","0.7","true","true","false","true","327","8.692","413.5472238692331"
"6","0.5","true","true","false","true","372","9.004","538.5241515900681"
"4","0.3","true","true","false","true","366","8.512","812.495927461275"
"9","0.8","true","true","false","true","392","8.984","359.2614071312458"
"5","0.4","true","true","false","true","404","8.724","675.5694871273673"
"2","0.1","true","true","false","true","354","7.832","1329.5910459546765"
"1","0","true","true","false","true","328","6.56","1546.9103430447224"
"3","0.2","true","true","false","true","276","8.616","1002.3181061478774"
"7","0.6","true","true","false","true","320","9.372","453.7772491867252"
"5","0.4","true","true","false","true","405","8.724","675.5694871273669"
"6","0.5","true","true","false","true","373","9.004","538.524151590068"
"8","0.7","true","true","false","true","328","8.692","413.54722386923316"
"4","0.3","true","true","false","true","367","8.512","812.4959274612743"
"9","0.8","true","true","false","true","393","8.984","359.26140713124556"
"2","0.1","true","true","false","true","355","7.84","1328.8265640109937"
"1","0","true","true","false","true","329","6.544","1546.617796473966"
"3","0.2","true","true","false","true","277","8.616","1002.3181061478776"
"5","0.4","true","true","false","true","406","8.724","675.5694871273665"
"4","0.3","true","true","false","true","368","8.512","812.4959274612746"
"6","0.5","true","true","false","true","374","9.004","538.524151590068"
"7","0.6","true","true","false","true","321","9.372","453.7772491867248"
"2","0.1","true","true","false","true","356","7.836","1329.2773484422396"
"9","0.8","true","true","false","true","394","8.984","359.26140713124556"
"8","0.7","true","true","false","true","329","8.692","413.54722386923333"
"1","0","true","true","false","true","330","6.488","1550.6439894385164"
"6","0.5","true","true","false","true","375","9.004","538.5241515900676"
"4","0.3","true","true","false","true","369","8.512","812.4959274612751"
"5","0.4","true","true","false","true","407","8.724","675.5694871273665"
"2","0.1","true","true","false","true","357","7.84","1329.0742699522107"
"9","0.8","true","true","false","true","395","8.984","359.2614071312457"
"3","0.2","true","true","false","true","278","8.616","1002.3181061478779"
"7","0.6","true","true","false","true","322","9.372","453.77724918672493"
"1","0","true","true","false","true","331","6.58","1548.60047418763"
"8","0.7","true","true","false","true","330","8.692","413.54722386923333"
"4","0.3","true","true","false","true","370","8.512","812.495927461275"
"6","0.5","true","true","false","true","376","9.004","538.5241515900681"
"2","0.1","true","true","false","true","358","7.84","1329.3735027118937"
"5","0.4","true","true","false","true","408","8.724","675.5694871273668"
"9","0.8","true","true","false","true","396","8.984","359.2614071312454"
"1","0","true","true","false","true","332","6.596","1545.537673822481"
"3","0.2","true","true","false","true","279","8.616","1002.3181061478776"
"7","0.6","true","true","false","true","323","9.372","453.7772491867249"
"6","0.5","true","true","false","true","377","9.004","538.524151590068"
"5","0.4","true","true","false","true","409","8.724","675.5694871273671"
"4","0.3","true","true","false","true","371","8.512","812.4959274612752"
"2","0.1","true","true","false","true","359","7.848","1329.8708473457648"
"8","0.7","true","true","false","true","331","8.692","413.54722386923345"
"9","0.8","true","true","false","true","397","8.984","359.26140713124556"
"6","0.5","true","true","false","true","378","9.004","538.5241515900674"
"5","0.4","true","true","false","true","410","8.724","675.5694871273665"
"1","0","true","true","false","true","333","6.548","1542.1061996226927"
"2","0.1","true","true","false","true","360","7.868","1331.070981988789"
"4","0.3","true","true","false","true","372","8.512","812.495927461274"
"3","0.2","true","true","false","true","280","8.616","1002.3181061478772"
"8","0.7","true","true","false","true","332","8.692","413.54722386923333"
"7","0.6","true","true","false","true","324","9.372","453.77724918672493"
"9","0.8","true","true","false","true","398","8.984","359.2614071312452"
"5","0.4","true","true","false","true","411","8.724","675.5694871273669"
"6","0.5","true","true","false","true","379","9.004","538.5241515900677"
"1","0","true","true","false","true","334","6.604","1538.285049604432"
"4","0.3","true","true","false","true","373","8.512","812.4959274612748"
"2","0.1","true","true","false","true","361","7.864","1331.6364128023495"
"9","0.8","true","true","false","true","399","8.984","359.2614071312454"
"8","0.7","true","true","false","true","333","8.692","413.5472238692332"
"7","0.6","true","true","false","true","325","9.372","453.7772491867248"
"3","0.2","true","true","false","true","281","8.616","1002.3181061478776"
"5","0.4","true","true","false","true","412","8.724","675.5694871273666"
"6","0.5","true","true","false","true","380","9.004","538.5241515900681"
"1","0","true","true","false","true","335","6.616","1539.7689838663925"
"4","0.3","true","true","false","true","374","8.512","812.4959274612744"
"9","0.8","true","true","false","true","400","8.984","359.26140713124556"
"2","0.1","true","true","false","true","362","7.872","1331.4903109843933"
"8","0.7","true","true","false","true","334","8.692","413.5472238692334"
"7","0.6","true","true","false","true","326","9.372","453.7772491867247"
"5","0.4","true","true","false","true","413","8.724","675.5694871273662"
"6","0.5","true","true","false","true","381","9.004","538.5241515900681"
"1","0","true","true","false","true","336","6.584","1540.1081583740927"
"3","0.2","true","true","false","true","282","8.616","1002.3181061478774"
"9","0.8","true","true","false","true","401","8.984","359.2614071312454"
"4","0.3","true","true","false","true","375","8.512","812.4959274612746"
"2","0.1","true","true","false","true","363","7.876","1332.0800622285196"
"5","0.4","true","true","false","true","414","8.724","675.5694871273664"
"6","0.5","true","true","false","true","382","9.004","538.5241515900676"
"8","0.7","true","true","false","true","335","8.692","413.54722386923316"
"7","0.6","true","true","false","true","327","9.372","453.777249186725"
"9","0.8","true","true","false","true","402","8.984","359.26140713124556"
"1","0","true","true","false","true","337","6.564","1541.6769049222385"
"4","0.3","true","true","false","true","376","8.512","812.4959274612742"
"5","0.4","true","true","false","true","415","8.724","675.5694871273663"
"2","0.1","true","true","false","true","364","7.876","1332.75078184697"
"3","0.2","true","true","false","true","283","8.616","1002.3181061478771"
"6","0.5","true","true","false","true","383","9.004","538.5241515900678"
"9","0.8","true","true","false","true","403","8.984","359.2614071312457"
"1","0","true","true","false","true","338","6.54","1544.8334313174141"
"7","0.6","true","true","false","true","328","9.372","453.777249186725"
"8","0.7","true","true","false","true","336","8.692","413.547223869233"
"4","0.3","true","true","false","true","377","8.512","812.4959274612747"
"2","0.1","true","true","false","true","365","7.9","1332.7473384671612"
"6","0.5","true","true","false","true","384","9.004","538.524151590068"
"5","0.4","true","true","false","true","416","8.724","675.5694871273665"
"3","0.2","true","true","false","true","284","8.616","1002.3181061478774"
"9","0.8","true","true","false","true","404","8.984","359.2614071312455"
"1","0","true","true","false","true","339","6.592","1544.3369802324312"
"4","0.3","true","true","false","true","378","8.512","812.4959274612742"
"5","0.4","true","true","false","true","417","8.724","675.5694871273669"
"8","0.7","true","true","false","true","337","8.692","413.54722386923333"
"2","0.1","true","true","false","true","366","7.904","1333.5547265674836"
"6","0.5","true","true","false","true","385","9.004","538.5241515900675"
"7","0.6","true","true","false","true","329","9.372","453.77724918672493"
"9","0.8","true","true","false","true","405","8.984","359.2614071312454"
"5","0.4","true","true","false","true","418","8.724","675.5694871273666"
"1","0","true","true","false","true","340","6.58","1541.701140930253"
"4","0.3","true","true","false","true","379","8.512","812.4959274612739"
"3","0.2","true","true","false","true","285","8.616","1002.3181061478772"
"8","0.7","true","true","false","true","338","8.692","413.54722386923333"
"2","0.1","true","true","false","true","367","7.872","1333.053252897673"
"9","0.8","true","true","false","true","406","8.984","359.26140713124533"
"6","0.5","true","true","false","true","386","9.004","538.5241515900677"
"7","0.6","true","true","false","true","330","9.372","453.77724918672476"
"5","0.4","true","true","false","true","419","8.724","675.5694871273665"
"4","0.3","true","true","false","true","380","8.512","812.4959274612747"
"1","0","true","true","false","true","341","6.588","1545.561030248132"
"2","0.1","true","true","false","true","368","7.904","1333.3431918999127"
"9","0.8","true","true","false","true","407","8.984","359.2614071312454"
"6","0.5","true","true","false","true","387","9.004","538.5241515900681"
"3","0.2","true","true","false","true","286","8.616","1002.3181061478776"
"8","0.7","true","true","false","true","339","8.692","413.5472238692335"
"7","0.6","true","true","false","true","331","9.372","453.7772491867249"
"4","0.3","true","true","false","true","381","8.512","812.4959274612747"
"9","0.8","true","true","false","true","408","8.984","359.2614071312457"
"5","0.4","true","true","false","true","420","8.724","675.569487127366"
"6","0.5","true","true","false","true","388","9.004","538.5241515900681"
"2","0.1","true","true","false","true","369","7.9","1333.0774067685095"
"1","0","true","true","false","true","342","6.552","1546.934950544874"
"8","0.7","true","true","false","true","340","8.692","413.54722386923294"
"4","0.3","true","true","false","true","382","8.512","812.4959274612742"
"3","0.2","true","true","false","true","287","8.616","1002.3181061478772"
"7","0.6","true","true","false","true","332","9.372","453.7772491867251"
"5","0.4","true","true","false","true","421","8.724","675.569487127367"
"9","0.8","true","true","false","true","409","8.984","359.26140713124573"
"6","0.5","true","true","false","true","389","9.004","538.5241515900676"
"2","0.1","true","true","false","true","370","7.876","1333.3323182001545"
"1","0","true","true","false","true","343","6.604","1546.0698309246206"
"4","0.3","true","true","false","true","383","8.512","812.4959274612739"
"8","0.7","true","true","false","true","341","8.692","413.547223869233"
"5","0.4","true","true","false","true","422","8.724","675.5694871273665"
"9","0.8","true","true","false","true","410","8.984","359.2614071312455"
"6","0.5","true","true","false","true","390","9.004","538.5241515900678"
"7","0.6","true","true","false","true","333","9.372","453.7772491867249"
"3","0.2","true","true","false","true","288","8.616","1002.3181061478774"
"2","0.1","true","true","false","true","371","7.9","1333.3975462110727"
"1","0","true","true","false","true","344","6.6","1542.9372141235049"
"4","0.3","true","true","false","true","384","8.512","812.4959274612742"
"5","0.4","true","true","false","true","423","8.724","675.5694871273666"
"9","0.8","true","true","false","true","411","8.984","359.2614071312454"
"6","0.5","true","true","false","true","391","9.004","538.5241515900678"
"8","0.7","true","true","false","true","342","8.692","413.54722386923305"
"2","0.1","true","true","false","true","372","7.868","1333.241171612025"
"7","0.6","true","true","false","true","334","9.372","453.7772491867251"
"3","0.2","true","true","false","true","289","8.616","1002.3181061478774"
"4","0.3","true","true","false","true","385","8.512","812.4959274612744"
"5","0.4","true","true","false","true","424","8.724","675.5694871273669"
"1","0","true","true","false","true","345","6.576","1542.4284287786822"
"9","0.8","true","true","false","true","412","8.984","359.2614071312454"
"6","0.5","true","true","false","true","392","9.004","538.5241515900682"
"8","0.7","true","true","false","true","343","8.692","413.54722386923305"
"2","0.1","true","true","false","true","373","7.868","1333.3614945832785"
"5","0.4","true","true","false","true","425","8.724","675.5694871273669"
"4","0.3","true","true","false","true","386","8.512","812.4959274612743"
"7","0.6","true","true","false","true","335","9.372","453.7772491867251"
"9","0.8","true","true","false","true","413","8.984","359.2614071312454"
"6","0.5","true","true","false","true","393","9.004","538.5241515900681"
"1","0","true","true","false","true","346","6.584","1541.3876377015733"
"3","0.2","true","true","false","true","290","8.616","1002.3181061478772"
"8","0.7","true","true","false","true","344","8.692","413.5472238692331"
"5","0.4","true","true","false","true","426","8.724","675.5694871273668"
"2","0.1","true","true","false","true","374","7.864","1333.5154697993685"
"4","0.3","true","true","false","true","387","8.512","812.4959274612752"
"9","0.8","true","true","false","true","414","8.984","359.2614071312456"
"6","0.5","true","true","false","true","394","9.004","538.5241515900683"
"7","0.6","true","true","false","true","336","9.372","453.777249186725"
"1","0","true","true","false","true","347","6.6","1536.8027187314076"
"5","0.4","true","true","false","true","427","8.724","675.5694871273665"
"8","0.7","true","true","false","true","345","8.692","413.5472238692331"
"4","0.3","true","true","false","true","388","8.512","812.4959274612743"
"2","0.1","true","true","false","true","375","7.864","1332.6880869625772"
"3","0.2","true","true","false","true","291","8.616","1002.3181061478774"
"9","0.8","true","true","false","true","415","8.984","359.2614071312454"
"6","0.5","true","true","false","true","395","9.004","538.5241515900681"
"7","0.6","true","true","false","true","337","9.372","453.7772491867249"
"5","0.4","true","true","false","true","428","8.724","675.5694871273663"
"1","0","true","true","false","true","348","6.604","1536.6257915077695"
"4","0.3","true","true","false","true","389","8.512","812.4959274612747"
"2","0.1","true","true","false","true","376","7.868","1331.9775355612117"
"9","0.8","true","true","false","true","416","8.984","359.26140713124556"
"8","0.7","true","true","false","true","346","8.692","413.5472238692331"
"6","0.5","true","true","false","true","396","9.004","538.5241515900674"
"5","0.4","true","true","false","true","429","8.724","675.569487127367"
"3","0.2","true","true","false","true","292","8.616","1002.3181061478776"
"7","0.6","true","true","false","true","338","9.372","453.77724918672493"
"6","0.5","true","true","false","true","397","9.004","538.5241515900677"
"4","0.3","true","true","false","true","390","8.512","812.4959274612745"
"1","0","true","true","false","true","349","6.596","1535.9562046066862"
"9","0.8","true","true","false","true","417","8.984","359.2614071312454"
"2","0.1","true","true","false","true","377","7.848","1332.0579823451217"
"5","0.4","true","true","false","true","430","8.724","675.5694871273671"
"8","0.7","true","true","false","true","347","8.692","413.54722386923305"
"6","0.5","true","true","false","true","398","9.004","538.5241515900681"
"7","0.6","true","true","false","true","339","9.372","453.77724918672516"
"1","0","true","true","false","true","350","6.604","1542.9668966580978"
"4","0.3","true","true","false","true","391","8.512","812.4959274612745"
"2","0.1","true","true","false","true","378","7.848","1332.1954791987332"
"3","0.2","true","true","false","true","293","8.616","1002.3181061478776"
"9","0.8","true","true","false","true","418","8.984","359.2614071312457"
"5","0.4","true","true","false","true","431","8.724","675.5694871273673"
"8","0.7","true","true","false","true","348","8.692","413.5472238692331"
"1","0","true","true","false","true","351","6.584","1542.4177230608514"
"6","0.5","true","true","false","true","399","9.004","538.5241515900678"
"2","0.1","true","true","false","true","379","7.852","1332.600727920494"
"4","0.3","true","true","false","true","392","8.512","812.4959274612744"
"7","0.6","true","true","false","true","340","9.372","453.7772491867248"
"5","0.4","true","true","false","true","432","8.724","675.5694871273665"
"3","0.2","true","true","false","true","294","8.616","1002.3181061478776"
"9","0.8","true","true","false","true","419","8.984","359.26140713124556"
"1","0","true","true","false","true","352","6.56","1543.7285771674947"
"2","0.1","true","true","false","true","380","7.856","1332.6745710923121"
"6","0.5","true","true","false","true","400","9.004","538.524151590068"
"8","0.7","true","true","false","true","349","8.692","413.54722386923345"
"4","0.3","true","true","false","true","393","8.512","812.4959274612738"
"7","0.6","true","true","false","true","341","9.372","453.7772491867249"
"5","0.4","true","true","false","true","433","8.724","675.5694871273669"
"9","0.8","true","true","false","true","420","8.984","359.2614071312455"
"1","0","true","true","false","true","353","6.572","1543.8804880966081"
"6","0.5","true","true","false","true","401","9.004","538.5241515900682"
"2","0.1","true","true","false","true","381","7.856","1333.0379015745518"
"4","0.3","true","true","false","true","394","8.512","812.4959274612745"
"9","0.8","true","true","false","true","421","8.984","359.26140713124533"
"3","0.2","true","true","false","true","295","8.616","1002.3181061478776"
"5","0.4","true","true","false","true","434","8.724","675.5694871273669"
"8","0.7","true","true","false","true","350","8.692","413.5472238692332"
"7","0.6","true","true","false","true","342","9.372","453.7772491867249"
"2","0.1","true","true","false","true","382","7.86","1333.0788865068687"
"6","0.5","true","true","false","true","402","9.004","538.5241515900683"
"1","0","true","true","false","true","354","6.548","1544.3321153609356"
"9","0.8","true","true","false","true","422","8.984","359.26140713124573"
"4","0.3","true","true","false","true","395","8.512","812.4959274612745"
"5","0.4","true","true","false","true","435","8.724","675.5694871273669"
"2","0.1","true","true","false","true","383","7.864","1332.5835892186726"
"8","0.7","true","true","false","true","351","8.692","413.5472238692333"
"7","0.6","true","true","false","true","343","9.372","453.77724918672493"
"6","0.5","true","true","false","true","403","9.004","538.524151590068"
"3","0.2","true","true","false","true","296","8.616","1002.3181061478766"
"1","0","true","true","false","true","355","6.56","1544.6838847048743"
"9","0.8","true","true","false","true","423","8.984","359.2614071312454"
"4","0.3","true","true","false","true","396","8.512","812.4959274612745"
"5","0.4","true","true","false","true","436","8.724","675.5694871273669"
"2","0.1","true","true","false","true","384","7.856","1333.2498885630982"
"6","0.5","true","true","false","true","404","9.004","538.5241515900674"
"8","0.7","true","true","false","true","352","8.692","413.5472238692335"
"7","0.6","true","true","false","true","344","9.372","453.77724918672465"
"9","0.8","true","true","false","true","424","8.984","359.26140713124556"
"1","0","true","true","false","true","356","6.544","1544.106151217034"
"4","0.3","true","true","false","true","397","8.512","812.4959274612747"
"3","0.2","true","true","false","true","297","8.616","1002.3181061478779"
"5","0.4","true","true","false","true","437","8.724","675.5694871273665"
"2","0.1","true","true","false","true","385","7.86","1333.3596823212004"
"6","0.5","true","true","false","true","405","9.004","538.5241515900676"
"9","0.8","true","true","false","true","425","8.984","359.2614071312457"
"5","0.4","true","true","false","true","438","8.724","675.5694871273665"
"8","0.7","true","true","false","true","353","8.692","413.54722386923316"
"1","0","true","true","false","true","357","6.552","1546.8384431057827"
"4","0.3","true","true","false","true","398","8.512","812.4959274612736"
"7","0.6","true","true","false","true","345","9.372","453.7772491867247"
"6","0.5","true","true","false","true","406","9.004","538.5241515900676"
"2","0.1","true","true","false","true","386","7.86","1333.7810050300354"
"3","0.2","true","true","false","true","298","8.616","1002.3181061478774"
"9","0.8","true","true","false","true","426","8.984","359.2614071312454"
"5","0.4","true","true","false","true","439","8.724","675.5694871273669"
"8","0.7","true","true","false","true","354","8.692","413.5472238692333"
"1","0","true","true","false","true","358","6.528","1545.3073066033628"
"4","0.3","true","true","false","true","399","8.512","812.4959274612742"
"6","0.5","true","true","false","true","407","9.004","538.524151590068"
"2","0.1","true","true","false","true","387","7.86","1333.4549077605311"
"7","0.6","true","true","false","true","346","9.372","453.7772491867245"
"5","0.4","true","true","false","true","440","8.724","675.5694871273666"
"9","0.8","true","true","false","true","427","8.984","359.2614071312455"
"3","0.2","true","true","false","true","299","8.616","1002.3181061478781"
"1","0","true","true","false","true","359","6.584","1543.9593323027152"
"4","0.3","true","true","false","true","400","8.512","812.4959274612745"
"8","0.7","true","true","false","true","355","8.692","413.5472238692333"
"6","0.5","true","true","false","true","408","9.004","538.5241515900676"
"5","0.4","true","true","false","true","441","8.724","675.5694871273664"
"2","0.1","true","true","false","true","388","7.86","1333.3596823212001"
"9","0.8","true","true","false","true","428","8.984","359.26140713124545"
"7","0.6","true","true","false","true","347","9.372","453.77724918672493"
"4","0.3","true","true","false","true","401","8.512","812.4959274612746"
"3","0.2","true","true","false","true","300","8.616","1002.3181061478774"
"6","0.5","true","true","false","true","409","9.004","538.5241515900681"
"8","0.7","true","true","false","true","356","8.692","413.54722386923333"
"5","0.4","true","true","false","true","442","8.724","675.5694871273669"
"2","0.1","true","true","false","true","389","7.86","1333.6826139815846"
"1","0","true","true","false","true","360","6.572","1542.8205617969136"
"9","0.8","true","true","false","true","429","8.984","359.2614071312454"
"5","0.4","true","true","false","true","443","8.724","675.5694871273672"
"4","0.3","true","true","false","true","402","8.512","812.4959274612739"
"6","0.5","true","true","false","true","410","9.004","538.5241515900681"
"7","0.6","true","true","false","true","348","9.372","453.77724918672453"
"2","0.1","true","true","false","true","390","7.86","1333.2543028252435"
"9","0.8","true","true","false","true","430","8.984","359.26140713124556"
"1","0","true","true","false","true","361","6.512","1543.9283897338973"
"3","0.2","true","true","false","true","301","8.616","1002.3181061478776"
"8","0.7","true","true","false","true","357","8.692","413.547223869233"
"5","0.4","true","true","false","true","444","8.724","675.5694871273669"
"6","0.5","true","true","false","true","411","9.004","538.5241515900676"
"4","0.3","true","true","false","true","403","8.512","812.4959274612742"
"9","0.8","true","true","false","true","431","8.984","359.26140713124556"
"2","0.1","true","true","false","true","391","7.868","1332.948940259115"
"7","0.6","true","true","false","true","349","9.372","453.77724918672493"
"1","0","true","true","false","true","362","6.568","1546.7343511011866"
"8","0.7","true","true","false","true","358","8.692","413.5472238692335"
"6","0.5","true","true","false","true","412","9.004","538.5241515900678"
"5","0.4","true","true","false","true","445","8.724","675.5694871273665"
"3","0.2","true","true","false","true","302","8.616","1002.3181061478774"
"4","0.3","true","true","false","true","404","8.512","812.4959274612745"
"9","0.8","true","true","false","true","432","8.984","359.2614071312454"
"2","0.1","true","true","false","true","392","7.86","1332.757635369764"
"1","0","true","true","false","true","363","6.52","1545.334949082908"
"7","0.6","true","true","false","true","350","9.372","453.77724918672527"
"8","0.7","true","true","false","true","359","8.692","413.5472238692335"
"5","0.4","true","true","false","true","446","8.724","675.5694871273664"
"9","0.8","true","true","false","true","433","8.984","359.2614071312455"
"6","0.5","true","true","false","true","413","9.004","538.5241515900675"
"4","0.3","true","true","false","true","405","8.512","812.4959274612742"
"2","0.1","true","true","false","true","393","7.868","1333.075851516876"
"3","0.2","true","true","false","true","303","8.616","1002.3181061478776"
"5","0.4","true","true","false","true","447","8.724","675.5694871273663"
"1","0","true","true","false","true","364","6.556","1544.8988390125737"
"8","0.7","true","true","false","true","360","8.692","413.54722386923305"
"9","0.8","true","true","false","true","434","8.984","359.2614071312456"
"7","0.6","true","true","false","true","351","9.372","453.7772491867249"
"6","0.5","true","true","false","true","414","9.004","538.5241515900681"
"4","0.3","true","true","false","true","406","8.512","812.4959274612747"
"2","0.1","true","true","false","true","394","7.856","1332.8661307931113"
"3","0.2","true","true","false","true","304","8.616","1002.3181061478774"
"5","0.4","true","true","false","true","448","8.724","675.569487127367"
"9","0.8","true","true","false","true","435","8.984","359.26140713124556"
"1","0","true","true","false","true","365","6.544","1543.5384260602425"
"6","0.5","true","true","false","true","415","9.004","538.524151590068"
"7","0.6","true","true","false","true","352","9.372","453.7772491867246"
"8","0.7","true","true","false","true","361","8.692","413.5472238692334"
"4","0.3","true","true","false","true","407","8.512","812.4959274612751"
"9","0.8","true","true","false","true","436","8.984","359.26140713124545"
"2","0.1","true","true","false","true","395","7.844","1332.6400282086283"
"5","0.4","true","true","false","true","449","8.724","675.5694871273669"
"6","0.5","true","true","false","true","416","9.004","538.5241515900685"
"3","0.2","true","true","false","true","305","8.616","1002.3181061478772"
"1","0","true","true","false","true","366","6.552","1544.3208283651177"
"9","0.8","true","true","false","true","437","8.984","359.26140713124533"
"4","0.3","true","true","false","true","408","8.512","812.4959274612742"
"2","0.1","true","true","false","true","396","7.844","1332.543810026784"
"8","0.7","true","true","false","true","362","8.692","413.5472238692333"
"5","0.4","true","true","false","true","450","8.724","675.5694871273668"
"7","0.6","true","true","false","true","353","9.372","453.77724918672465"
"9","0.8","true","true","false","true","438","8.984","359.2614071312457"
"6","0.5","true","true","false","true","417","9.004","538.5241515900676"
"4","0.3","true","true","false","true","409","8.512","812.4959274612737"
"1","0","true","true","false","true","367","6.56","1546.114478827106"
"2","0.1","true","true","false","true","397","7.86","1332.757635369764"
"5","0.4","true","true","false","true","451","8.724","675.5694871273664"
"3","0.2","true","true","false","true","306","8.616","1002.3181061478772"
"8","0.7","true","true","false","true","363","8.692","413.5472238692332"
"9","0.8","true","true","false","true","439","8.984","359.2614071312453"
"7","0.6","true","true","false","true","354","9.372","453.777249186725"
"4","0.3","true","true","false","true","410","8.512","812.495927461274"
"6","0.5","true","true","false","true","418","9.004","538.5241515900681"
"5","0.4","true","true","false","true","452","8.724","675.5694871273665"
"2","0.1","true","true","false","true","398","7.856","1332.866130793111"
"9","0.8","true","true","false","true","440","8.984","359.2614071312457"
"1","0","true","true","false","true","368","6.592","1542.756724382602"
"8","0.7","true","true","false","true","364","8.692","413.5472238692333"
"3","0.2","true","true","false","true","307","8.616","1002.3181061478772"
"4","0.3","true","true","false","true","411","8.512","812.4959274612739"
"5","0.4","true","true","false","true","453","8.724","675.5694871273668"
"7","0.6","true","true","false","true","355","9.372","453.7772491867251"
"6","0.5","true","true","false","true","419","9.004","538.5241515900681"
"9","0.8","true","true","false","true","441","8.984","359.2614071312454"
"2","0.1","true","true","false","true","399","7.844","1332.6400282086279"
"1","0","true","true","false","true","369","6.568","1543.23210390663"
"5","0.4","true","true","false","true","454","8.724","675.5694871273662"
"4","0.3","true","true","false","true","412","8.512","812.4959274612746"
"9","0.8","true","true","false","true","442","8.984","359.2614071312458"
"8","0.7","true","true","false","true","365","8.692","413.54722386923305"
"6","0.5","true","true","false","true","420","9.004","538.5241515900677"
"2","0.1","true","true","false","true","400","7.832","1332.3142314260458"
"3","0.2","true","true","false","true","308","8.616","1002.3181061478774"
"7","0.6","true","true","false","true","356","9.372","453.7772491867249"
"9","0.8","true","true","false","true","443","8.984","359.2614071312455"
"5","0.4","true","true","false","true","455","8.724","675.569487127367"
"4","0.3","true","true","false","true","413","8.512","812.4959274612737"
"1","0","true","true","false","true","370","6.528","1547.9398316470076"
"8","0.7","true","true","false","true","366","8.692","413.54722386923345"
"6","0.5","true","true","false","true","421","9.004","538.5241515900683"
"2","0.1","true","true","false","true","401","7.844","1332.726833689767"
"9","0.8","true","true","false","true","444","8.984","359.2614071312454"
"5","0.4","true","true","false","true","456","8.724","675.5694871273669"
"3","0.2","true","true","false","true","309","8.616","1002.3181061478774"
"4","0.3","true","true","false","true","414","8.512","812.4959274612746"
"7","0.6","true","true","false","true","357","9.372","453.77724918672476"
"1","0","true","true","false","true","371","6.588","1545.2918662461511"
"6","0.5","true","true","false","true","422","9.004","538.5241515900681"
"8","0.7","true","true","false","true","367","8.692","413.5472238692335"
"9","0.8","true","true","false","true","445","8.984","359.2614071312455"
"2","0.1","true","true","false","true","402","7.832","1332.3142314260451"
"5","0.4","true","true","false","true","457","8.724","675.5694871273672"
"4","0.3","true","true","false","true","415","8.512","812.4959274612742"
"9","0.8","true","true","false","true","446","8.984","359.2614071312457"
"7","0.6","true","true","false","true","358","9.372","453.77724918672476"
"3","0.2","true","true","false","true","310","8.616","1002.3181061478776"
"6","0.5","true","true","false","true","423","9.004","538.5241515900676"
"2","0.1","true","true","false","true","403","7.832","1332.3985315709115"
"1","0","true","true","false","true","372","6.572","1545.135586883651"
"5","0.4","true","true","false","true","458","8.724","675.5694871273665"
"8","0.7","true","true","false","true","368","8.692","413.54722386923305"
"4","0.3","true","true","false","true","416","8.512","812.4959274612751"
"9","0.8","true","true","false","true","447","8.984","359.26140713124556"
"2","0.1","true","true","false","true","404","7.852","1331.9879096421619"
"6","0.5","true","true","false","true","424","9.004","538.5241515900682"
"7","0.6","true","true","false","true","359","9.372","453.7772491867245"
"5","0.4","true","true","false","true","459","8.724","675.5694871273669"
"1","0","true","true","false","true","373","6.596","1545.5327888085621"
"3","0.2","true","true","false","true","311","8.616","1002.3181061478776"
"8","0.7","true","true","false","true","369","8.692","413.5472238692331"
"9","0.8","true","true","false","true","448","8.984","359.26140713124556"
"4","0.3","true","true","false","true","417","8.512","812.4959274612743"
"2","0.1","true","true","false","true","405","7.832","1332.0698384252912"
"6","0.5","true","true","false","true","425","9.004","538.524151590068"
"5","0.4","true","true","false","true","460","8.724","675.5694871273665"
"7","0.6","true","true","false","true","360","9.372","453.7772491867247"
"1","0","true","true","false","true","374","6.592","1546.1455741095042"
"9","0.8","true","true","false","true","449","8.984","359.2614071312453"
"4","0.3","true","true","false","true","418","8.512","812.4959274612747"
"3","0.2","true","true","false","true","312","8.616","1002.3181061478774"
"8","0.7","true","true","false","true","370","8.692","413.54722386923316"
"5","0.4","true","true","false","true","461","8.724","675.5694871273664"
"2","0.1","true","true","false","true","406","7.852","1331.6611185757326"
"6","0.5","true","true","false","true","426","9.004","538.5241515900681"
"9","0.8","true","true","false","true","450","8.984","359.26140713124556"
"4","0.3","true","true","false","true","419","8.512","812.4959274612744"
"1","0","true","true","false","true","375","6.572","1546.3387563365993"
"7","0.6","true","true","false","true","361","9.372","453.7772491867248"
"5","0.4","true","true","false","true","462","8.724","675.5694871273665"
"2","0.1","true","true","false","true","407","7.832","1332.0698384252912"
"8","0.7","true","true","false","true","371","8.692","413.54722386923316"
"9","0.8","true","true","false","true","451","8.984","359.2614071312458"
"6","0.5","true","true","false","true","427","9.004","538.524151590068"
"3","0.2","true","true","false","true","313","8.616","1002.3181061478771"
"4","0.3","true","true","false","true","420","8.512","812.4959274612747"
"5","0.4","true","true","false","true","463","8.724","675.5694871273668"
"1","0","true","true","false","true","376","6.572","1548.9683505581295"
"7","0.6","true","true","false","true","362","9.372","453.777249186725"
"9","0.8","true","true","false","true","452","8.984","359.2614071312456"
"2","0.1","true","true","false","true","408","7.852","1331.9879096421623"
"8","0.7","true","true","false","true","372","8.692","413.54722386923305"
"6","0.5","true","true","false","true","428","9.004","538.5241515900676"
"4","0.3","true","true","false","true","421","8.512","812.4959274612744"
"5","0.4","true","true","false","true","464","8.724","675.5694871273672"
"3","0.2","true","true","false","true","314","8.616","1002.3181061478786"
"9","0.8","true","true","false","true","453","8.984","359.2614071312454"
"1","0","true","true","false","true","377","6.608","1548.8868626417068"
"2","0.1","true","true","false","true","409","7.832","1332.3985315709099"
"8","0.7","true","true","false","true","373","8.692","413.5472238692333"
"6","0.5","true","true","false","true","429","9.004","538.5241515900684"
"7","0.6","true","true","false","true","363","9.372","453.77724918672476"
"5","0.4","true","true","false","true","465","8.724","675.5694871273664"
"4","0.3","true","true","false","true","422","8.512","812.4959274612742"
"9","0.8","true","true","false","true","454","8.984","359.26140713124545"
"2","0.1","true","true","false","true","410","7.832","1332.142612294336"
"3","0.2","true","true","false","true","315","8.616","1002.3181061478774"
"1","0","true","true","false","true","378","6.556","1553.00598786931"
"6","0.5","true","true","false","true","430","9.004","538.524151590068"
"5","0.4","true","true","false","true","466","8.724","675.5694871273668"
"8","0.7","true","true","false","true","374","8.692","413.54722386923333"
"4","0.3","true","true","false","true","423","8.512","812.4959274612747"
"9","0.8","true","true","false","true","455","8.984","359.2614071312454"
"7","0.6","true","true","false","true","364","9.372","453.77724918672476"
"2","0.1","true","true","false","true","411","7.828","1332.2060567011576"
"6","0.5","true","true","false","true","431","9.004","538.5241515900682"
"1","0","true","true","false","true","379","6.628","1552.0647252053352"
"5","0.4","true","true","false","true","467","8.724","675.5694871273671"
"9","0.8","true","true","false","true","456","8.984","359.2614071312456"
"4","0.3","true","true","false","true","424","8.512","812.4959274612751"
"8","0.7","true","true","false","true","375","8.692","413.547223869233"
"3","0.2","true","true","false","true","316","8.616","1002.3181061478768"
"7","0.6","true","true","false","true","365","9.372","453.77724918672493"
"2","0.1","true","true","false","true","412","7.848","1331.925644140542"
"1","0","true","true","false","true","380","6.636","1552.3622025075715"
"6","0.5","true","true","false","true","432","9.004","538.5241515900678"
"9","0.8","true","true","false","true","457","8.984","359.2614071312457"
"5","0.4","true","true","false","true","468","8.724","675.5694871273666"
"4","0.3","true","true","false","true","425","8.512","812.4959274612739"
"8","0.7","true","true","false","true","376","8.692","413.54722386923333"
"3","0.2","true","true","false","true","317","8.616","1002.3181061478781"
"2","0.1","true","true","false","true","413","7.848","1331.873214905533"
"9","0.8","true","true","false","true","458","8.984","359.2614071312452"
"7","0.6","true","true","false","true","366","9.372","453.7772491867251"
"6","0.5","true","true","false","true","433","9.004","538.5241515900684"
"1","0","true","true","false","true","381","6.54","1550.7537740928665"
"5","0.4","true","true","false","true","469","8.724","675.5694871273669"
"4","0.3","true","true","false","true","426","8.512","812.4959274612745"
"9","0.8","true","true","false","true","459","8.984","359.2614071312455"
"6","0.5","true","true","false","true","434","9.004","538.524151590068"
"2","0.1","true","true","false","true","414","7.848","1331.925644140542"
"5","0.4","true","true","false","true","470","8.724","675.5694871273661"
"8","0.7","true","true","false","true","377","8.692","413.5472238692333"
"1","0","true","true","false","true","382","6.584","1554.831107018449"
"4","0.3","true","true","false","true","427","8.512","812.4959274612745"
"7","0.6","true","true","false","true","367","9.372","453.7772491867251"
"3","0.2","true","true","false","true","318","8.616","1002.3181061478774"
"9","0.8","true","true","false","true","460","8.984","359.26140713124545"
"2","0.1","true","true","false","true","415","7.828","1332.3043548368769"
"6","0.5","true","true","false","true","435","9.004","538.524151590068"
"5","0.4","true","true","false","true","471","8.724","675.5694871273666"
"1","0","true","true","false","true","383","6.576","1554.9240582693462"
"8","0.7","true","true","false","true","378","8.692","413.5472238692333"
"9","0.8","true","true","false","true","461","8.984","359.26140713124556"
"7","0.6","true","true","false","true","368","9.372","453.7772491867245"
"4","0.3","true","true","false","true","428","8.512","812.4959274612748"
"5","0.4","true","true","false","true","472","8.724","675.5694871273665"
"3","0.2","true","true","false","true","319","8.616","1002.3181061478776"
"2","0.1","true","true","false","true","416","7.828","1332.5943471818832"
"6","0.5","true","true","false","true","436","9.004","538.5241515900674"
"1","0","true","true","false","true","384","6.608","1554.2797005969196"
"9","0.8","true","true","false","true","462","8.984","359.2614071312454"
"4","0.3","true","true","false","true","429","8.512","812.4959274612737"
"8","0.7","true","true","false","true","379","8.692","413.5472238692333"
"6","0.5","true","true","false","true","437","9.004","538.5241515900681"
"5","0.4","true","true","false","true","473","8.724","675.5694871273662"
"2","0.1","true","true","false","true","417","7.828","1332.260015921392"
"7","0.6","true","true","false","true","369","9.372","453.77724918672527"
"1","0","true","true","false","true","385","6.604","1555.4626212652963"
"9","0.8","true","true","false","true","463","8.984","359.26140713124556"
"3","0.2","true","true","false","true","320","8.616","1002.3181061478771"
"5","0.4","true","true","false","true","474","8.724","675.5694871273668"
"4","0.3","true","true","false","true","430","8.512","812.495927461275"
"6","0.5","true","true","false","true","438","9.004","538.5241515900678"
"2","0.1","true","true","false","true","418","7.828","1332.2060567011576"
"9","0.8","true","true","false","true","464","8.984","359.2614071312454"
"8","0.7","true","true","false","true","380","8.692","413.54722386923305"
"7","0.6","true","true","false","true","370","9.372","453.7772491867246"
"1","0","true","true","false","true","386","6.624","1553.3438998388847"
"5","0.4","true","true","false","true","475","8.724","675.5694871273672"
"6","0.5","true","true","false","true","439","9.004","538.524151590068"
"4","0.3","true","true","false","true","431","8.512","812.4959274612746"
"9","0.8","true","true","false","true","465","8.984","359.2614071312457"
"2","0.1","true","true","false","true","419","7.844","1332.473440576699"
"3","0.2","true","true","false","true","321","8.616","1002.3181061478774"
"8","0.7","true","true","false","true","381","8.692","413.5472238692328"
"5","0.4","true","true","false","true","476","8.724","675.5694871273665"
"1","0","true","true","false","true","387","6.608","1554.2951485715128"
"7","0.6","true","true","false","true","371","9.372","453.777249186725"
"9","0.8","true","true","false","true","466","8.984","359.26140713124556"
"2","0.1","true","true","false","true","420","7.844","1332.8040011498397"
"4","0.3","true","true","false","true","432","8.512","812.4959274612738"
"6","0.5","true","true","false","true","440","9.004","538.5241515900677"
"3","0.2","true","true","false","true","322","8.616","1002.3181061478772"
"5","0.4","true","true","false","true","477","8.724","675.5694871273669"
"9","0.8","true","true","false","true","467","8.984","359.26140713124556"
"8","0.7","true","true","false","true","382","8.692","413.54722386923316"
"1","0","true","true","false","true","388","6.624","1554.8858080372424"
"2","0.1","true","true","false","true","421","7.832","1332.3985315709106"
"4","0.3","true","true","false","true","433","8.512","812.4959274612742"
"7","0.6","true","true","false","true","372","9.372","453.7772491867248"
"6","0.5","true","true","false","true","441","9.004","538.5241515900676"
"9","0.8","true","true","false","true","468","8.984","359.2614071312454"
"5","0.4","true","true","false","true","478","8.724","675.5694871273664"
"3","0.2","true","true","false","true","323","8.616","1002.3181061478772"
"8","0.7","true","true","false","true","383","8.692","413.54722386923333"
"2","0.1","true","true","false","true","422","7.844","1332.7268336897675"
"4","0.3","true","true","false","true","434","8.512","812.495927461275"
"9","0.8","true","true","false","true","469","8.984","359.26140713124573"
"1","0","true","true","false","true","389","6.596","1551.5450224697918"
"6","0.5","true","true","false","true","442","9.004","538.5241515900678"
"5","0.4","true","true","false","true","479","8.724","675.5694871273669"
"7","0.6","true","true","false","true","373","9.372","453.7772491867254"
"9","0.8","true","true","false","true","470","8.984","359.2614071312454"
"2","0.1","true","true","false","true","423","7.844","1332.4734405766983"
"4","0.3","true","true","false","true","435","8.512","812.4959274612743"
"1","0","true","true","false","true","390","6.616","1553.5219451639941"
"8","0.7","true","true","false","true","384","8.692","413.5472238692332"
"6","0.5","true","true","false","true","443","9.004","538.524151590068"
"5","0.4","true","true","false","true","480","8.724","675.569487127367"
"3","0.2","true","true","false","true","324","8.616","1002.3181061478774"
"9","0.8","true","true","false","true","471","8.984","359.2614071312456"
"7","0.6","true","true","false","true","374","9.372","453.7772491867254"
"2","0.1","true","true","false","true","424","7.828","1332.2060567011572"
"4","0.3","true","true","false","true","436","8.512","812.4959274612744"
"5","0.4","true","true","false","true","481","8.724","675.5694871273665"
"6","0.5","true","true","false","true","444","9.004","538.5241515900678"
"1","0","true","true","false","true","391","6.576","1553.213797773176"
"8","0.7","true","true","false","true","385","8.692","413.5472238692332"
"9","0.8","true","true","false","true","472","8.984","359.26140713124545"
"3","0.2","true","true","false","true","325","8.616","1002.3181061478772"
"2","0.1","true","true","false","true","425","7.828","1332.538768908158"
"5","0.4","true","true","false","true","482","8.724","675.5694871273669"
"4","0.3","true","true","false","true","437","8.512","812.4959274612746"
"7","0.6","true","true","false","true","375","9.372","453.77724918672493"
"6","0.5","true","true","false","true","445","9.004","538.5241515900676"
"9","0.8","true","true","false","true","473","8.984","359.2614071312455"
"1","0","true","true","false","true","392","6.592","1551.7456463885708"
"8","0.7","true","true","false","true","386","8.692","413.54722386923316"
"5","0.4","true","true","false","true","483","8.724","675.5694871273665"
"2","0.1","true","true","false","true","426","7.828","1332.5943471818837"
"3","0.2","true","true","false","true","326","8.616","1002.3181061478776"
"4","0.3","true","true","false","true","438","8.512","812.4959274612742"
"9","0.8","true","true","false","true","474","8.984","359.2614071312455"
"6","0.5","true","true","false","true","446","9.004","538.5241515900677"
"7","0.6","true","true","false","true","376","9.372","453.77724918672516"
"1","0","true","true","false","true","393","6.632","1551.040986451799"
"8","0.7","true","true","false","true","387","8.692","413.5472238692331"
"5","0.4","true","true","false","true","484","8.724","675.5694871273665"
"2","0.1","true","true","false","true","427","7.828","1332.5387689081579"
"4","0.3","true","true","false","true","439","8.512","812.4959274612742"
"6","0.5","true","true","false","true","447","9.004","538.5241515900678"
"9","0.8","true","true","false","true","475","8.984","359.2614071312457"
"3","0.2","true","true","false","true","327","8.616","1002.3181061478772"
"5","0.4","true","true","false","true","485","8.724","675.5694871273669"
"1","0","true","true","false","true","394","6.608","1551.8957241711457"
"2","0.1","true","true","false","true","428","7.832","1332.1426122943346"
"7","0.6","true","true","false","true","377","9.372","453.77724918672465"
"8","0.7","true","true","false","true","388","8.692","413.54722386923294"
"4","0.3","true","true","false","true","440","8.512","812.4959274612739"
"6","0.5","true","true","false","true","448","9.004","538.5241515900678"
"9","0.8","true","true","false","true","476","8.984","359.2614071312453"
"5","0.4","true","true","false","true","486","8.724","675.5694871273669"
"1","0","true","true","false","true","395","6.556","1553.4962642450907"
"2","0.1","true","true","false","true","429","7.828","1332.5387689081576"
"3","0.2","true","true","false","true","328","8.616","1002.3181061478772"
"7","0.6","true","true","false","true","378","9.372","453.777249186725"
"8","0.7","true","true","false","true","389","8.692","413.54722386923345"
"4","0.3","true","true","false","true","441","8.512","812.495927461274"
"6","0.5","true","true","false","true","449","9.004","538.5241515900677"
"9","0.8","true","true","false","true","477","8.984","359.2614071312455"
"5","0.4","true","true","false","true","487","8.724","675.5694871273665"
"1","0","true","true","false","true","396","6.552","1553.249890106066"
"2","0.1","true","true","false","true","430","7.828","1332.2600159213907"
"4","0.3","true","true","false","true","442","8.512","812.4959274612743"
"8","0.7","true","true","false","true","390","8.692","413.54722386923316"
"3","0.2","true","true","false","true","329","8.616","1002.3181061478776"
"6","0.5","true","true","false","true","450","9.004","538.524151590068"
"5","0.4","true","true","false","true","488","8.724","675.5694871273668"
"9","0.8","true","true","false","true","478","8.984","359.2614071312458"
"7","0.6","true","true","false","true","379","9.372","453.77724918672476"
"2","0.1","true","true","false","true","431","7.848","1331.8732149055327"
"1","0","true","true","false","true","397","6.556","1556.6310657105114"
"4","0.3","true","true","false","true","443","8.512","812.4959274612748"
"5","0.4","true","true","false","true","489","8.724","675.5694871273669"
"6","0.5","true","true","false","true","451","9.004","538.5241515900677"
"9","0.8","true","true","false","true","479","8.984","359.26140713124573"
"8","0.7","true","true","false","true","391","8.692","413.547223869233"
"3","0.2","true","true","false","true","330","8.616","1002.3181061478774"
"7","0.6","true","true","false","true","380","9.372","453.77724918672527"
"5","0.4","true","true","false","true","490","8.724","675.5694871273668"
"2","0.1","true","true","false","true","432","7.828","1332.2600159213912"
"4","0.3","true","true","false","true","444","8.512","812.4959274612742"
"1","0","true","true","false","true","398","6.552","1555.5175589155447"
"6","0.5","true","true","false","true","452","9.004","538.5241515900684"
"9","0.8","true","true","false","true","480","8.984","359.26140713124533"
"8","0.7","true","true","false","true","392","8.692","413.5472238692331"
"5","0.4","true","true","false","true","491","8.724","675.5694871273668"
"3","0.2","true","true","false","true","331","8.616","1002.3181061478772"
"2","0.1","true","true","false","true","433","7.848","1331.925644140542"
"4","0.3","true","true","false","true","445","8.512","812.4959274612747"
"7","0.6","true","true","false","true","381","9.372","453.7772491867248"
"6","0.5","true","true","false","true","453","9.004","538.524151590068"
"9","0.8","true","true","false","true","481","8.984","359.26140713124556"
"1","0","true","true","false","true","399","6.592","1556.2495632827838"
"5","0.4","true","true","false","true","492","8.724","675.569487127367"
"8","0.7","true","true","false","true","393","8.692","413.5472238692334"
"2","0.1","true","true","false","true","434","7.828","1332.2600159213905"
"4","0.3","true","true","false","true","446","8.512","812.4959274612743"
"6","0.5","true","true","false","true","454","9.004","538.5241515900681"
"7","0.6","true","true","false","true","382","9.372","453.777249186725"
"9","0.8","true","true","false","true","482","8.984","359.2614071312457"
"3","0.2","true","true","false","true","332","8.616","1002.3181061478772"
"5","0.4","true","true","false","true","493","8.724","675.5694871273665"
"1","0","true","true","false","true","400","6.592","1556.0325913199829"
"2","0.1","true","true","false","true","435","7.828","1332.3043548368773"
"8","0.7","true","true","false","true","394","8.692","413.5472238692328"
"4","0.3","true","true","false","true","447","8.512","812.4959274612743"
"6","0.5","true","true","false","true","455","9.004","538.5241515900681"
"9","0.8","true","true","false","true","483","8.984","359.2614071312454"
"5","0.4","true","true","false","true","494","8.724","675.5694871273669"
"7","0.6","true","true","false","true","383","9.372","453.7772491867247"
"3","0.2","true","true","false","true","333","8.616","1002.3181061478768"
"2","0.1","true","true","false","true","436","7.848","1331.9256441405419"
"1","0","true","true","false","true","401","6.564","1558.4778806927673"
"4","0.3","true","true","false","true","448","8.512","812.4959274612745"
"8","0.7","true","true","false","true","395","8.692","413.5472238692333"
"6","0.5","true","true","false","true","456","9.004","538.5241515900684"
"5","0.4","true","true","false","true","495","8.724","675.5694871273669"
"9","0.8","true","true","false","true","484","8.984","359.2614071312454"
"7","0.6","true","true","false","true","384","9.372","453.7772491867249"
"2","0.1","true","true","false","true","437","7.828","1331.9687157047697"
"3","0.2","true","true","false","true","334","8.616","1002.3181061478774"
"6","0.5","true","true","false","true","457","9.004","538.5241515900676"
"1","0","true","true","false","true","402","6.564","1557.6839376797002"
"4","0.3","true","true","false","true","449","8.512","812.4959274612743"
"5","0.4","true","true","false","true","496","8.724","675.5694871273664"
"8","0.7","true","true","false","true","396","8.692","413.5472238692331"
"9","0.8","true","true","false","true","485","8.984","359.26140713124556"
"2","0.1","true","true","false","true","438","7.828","1332.2600159213916"
"6","0.5","true","true","false","true","458","9.004","538.5241515900677"
"5","0.4","true","true","false","true","497","8.724","675.5694871273668"
"7","0.6","true","true","false","true","385","9.372","453.77724918672476"
"4","0.3","true","true","false","true","450","8.512","812.4959274612747"
"1","0","true","true","false","true","403","6.58","1557.4284147719109"
"3","0.2","true","true","false","true","335","8.616","1002.3181061478771"
"9","0.8","true","true","false","true","486","8.984","359.26140713124556"
"8","0.7","true","true","false","true","397","8.692","413.5472238692333"
"2","0.1","true","true","false","true","439","7.848","1331.9256441405423"
"5","0.4","true","true","false","true","498","8.724","675.5694871273664"
"6","0.5","true","true","false","true","459","9.004","538.524151590068"
"4","0.3","true","true","false","true","451","8.512","812.4959274612746"
"9","0.8","true","true","false","true","487","8.984","359.2614071312454"
"1","0","true","true","false","true","404","6.636","1558.6947160850511"
"7","0.6","true","true","false","true","386","9.372","453.777249186725"
"8","0.7","true","true","false","true","398","8.692","413.54722386923333"
"2","0.1","true","true","false","true","440","7.844","1331.5912490284456"
"6","0.5","true","true","false","true","460","9.004","538.5241515900678"
"3","0.2","true","true","false","true","336","8.616","1002.3181061478771"
"5","0.4","true","true","false","true","499","8.724","675.569487127367"
"4","0.3","true","true","false","true","452","8.512","812.4959274612742"
"9","0.8","true","true","false","true","488","8.984","359.26140713124545"
"1","0","true","true","false","true","405","6.62","1556.1024265187389"
"6","0.5","true","true","false","true","461","9.004","538.5241515900682"
"7","0.6","true","true","false","true","387","9.372","453.7772491867251"
"5","0.4","true","true","false","true","500","8.724","675.5694871273665"
"8","0.7","true","true","false","true","399","8.692","413.54722386923305"
"2","0.1","true","true","false","true","441","7.844","1331.6331219747506"
"9","0.8","true","true","false","true","489","8.984","359.2614071312454"
"4","0.3","true","true","false","true","453","8.512","812.4959274612745"
"3","0.2","true","true","false","true","337","8.616","1002.3181061478772"
"6","0.5","true","true","false","true","462","9.004","538.5241515900682"
"5","0.4","true","true","false","true","501","8.724","675.5694871273669"
"7","0.6","true","true","false","true","388","9.372","453.777249186725"
"1","0","true","true","false","true","406","6.62","1556.8882050057273"
"9","0.8","true","true","false","true","490","8.984","359.2614071312455"
"2","0.1","true","true","false","true","442","7.824","1332.0023258326687"
"8","0.7","true","true","false","true","400","8.692","413.5472238692332"
"4","0.3","true","true","false","true","454","8.512","812.4959274612743"
"3","0.2","true","true","false","true","338","8.616","1002.3181061478779"
"5","0.4","true","true","false","true","502","8.724","675.5694871273666"
"6","0.5","true","true","false","true","463","9.004","538.524151590068"
"2","0.1","true","true","false","true","443","7.824","1331.6891807429445"
"9","0.8","true","true","false","true","491","8.984","359.2614071312454"
"1","0","true","true","false","true","407","6.604","1554.215944969216"
"7","0.6","true","true","false","true","389","9.372","453.7772491867249"
"4","0.3","true","true","false","true","455","8.512","812.4959274612744"
"8","0.7","true","true","false","true","401","8.692","413.5472238692334"
"5","0.4","true","true","false","true","503","8.724","675.569487127367"
"6","0.5","true","true","false","true","464","9.004","538.5241515900677"
"2","0.1","true","true","false","true","444","7.844","1331.352110845554"
"9","0.8","true","true","false","true","492","8.984","359.2614071312458"
"1","0","true","true","false","true","408","6.628","1557.8459019543975"
"3","0.2","true","true","false","true","339","8.616","1002.3181061478776"
"4","0.3","true","true","false","true","456","8.512","812.4959274612746"
"7","0.6","true","true","false","true","390","9.372","453.7772491867251"
"8","0.7","true","true","false","true","402","8.692","413.5472238692332"
"5","0.4","true","true","false","true","504","8.724","675.5694871273673"
"6","0.5","true","true","false","true","465","9.004","538.5241515900681"
"9","0.8","true","true","false","true","493","8.984","359.2614071312457"
"2","0.1","true","true","false","true","445","7.836","1331.3657805467699"
"4","0.3","true","true","false","true","457","8.512","812.4959274612742"
"1","0","true","true","false","true","409","6.608","1558.594754283751"
"5","0.4","true","true","false","true","505","8.724","675.5694871273665"
"3","0.2","true","true","false","true","340","8.616","1002.3181061478774"
"7","0.6","true","true","false","true","391","9.372","453.7772491867251"
"8","0.7","true","true","false","true","403","8.692","413.5472238692333"
"6","0.5","true","true","false","true","466","9.004","538.5241515900678"
"9","0.8","true","true","false","true","494","8.984","359.26140713124556"
"4","0.3","true","true","false","true","458","8.512","812.4959274612744"
"1","0","true","true","false","true","410","6.628","1557.9881129909413"
"2","0.1","true","true","false","true","446","7.84","1331.707925504343"
"5","0.4","true","true","false","true","506","8.724","675.5694871273666"
"8","0.7","true","true","false","true","404","8.692","413.54722386923316"
"7","0.6","true","true","false","true","392","9.372","453.7772491867249"
"6","0.5","true","true","false","true","467","9.004","538.524151590068"
"9","0.8","true","true","false","true","495","8.984","359.26140713124533"
"3","0.2","true","true","false","true","341","8.616","1002.3181061478781"
"1","0","true","true","false","true","411","6.608","1559.292708281916"
"4","0.3","true","true","false","true","459","8.512","812.495927461274"
"5","0.4","true","true","false","true","507","8.724","675.5694871273668"
"2","0.1","true","true","false","true","447","7.836","1331.3657805467699"
"6","0.5","true","true","false","true","468","9.004","538.524151590068"
"9","0.8","true","true","false","true","496","8.984","359.2614071312455"
"8","0.7","true","true","false","true","405","8.692","413.5472238692333"
"1","0","true","true","false","true","412","6.62","1562.134398883012"
"5","0.4","true","true","false","true","508","8.724","675.5694871273668"
"4","0.3","true","true","false","true","460","8.512","812.4959274612746"
"3","0.2","true","true","false","true","342","8.616","1002.3181061478786"
"7","0.6","true","true","false","true","393","9.372","453.77724918672436"
"2","0.1","true","true","false","true","448","7.84","1331.707925504342"
"6","0.5","true","true","false","true","469","9.004","538.5241515900682"
"9","0.8","true","true","false","true","497","8.984","359.2614071312456"
"1","0","true","true","false","true","413","6.548","1565.113707002466"
"5","0.4","true","true","false","true","509","8.724","675.5694871273673"
"8","0.7","true","true","false","true","406","8.692","413.54722386923333"
"4","0.3","true","true","false","true","461","8.512","812.4959274612745"
"2","0.1","true","true","false","true","449","7.832","1332.0456817479678"
"7","0.6","true","true","false","true","394","9.372","453.7772491867251"
"6","0.5","true","true","false","true","470","9.004","538.524151590068"
"9","0.8","true","true","false","true","498","8.984","359.2614071312455"
"3","0.2","true","true","false","true","343","8.616","1002.3181061478779"
"5","0.4","true","true","false","true","510","8.724","675.5694871273664"
"4","0.3","true","true","false","true","462","8.512","812.4959274612746"
"1","0","true","true","false","true","414","6.58","1566.5675489141488"
"8","0.7","true","true","false","true","407","8.692","413.547223869233"
"2","0.1","true","true","false","true","450","7.844","1331.7032365557204"
"9","0.8","true","true","false","true","499","8.984","359.2614071312453"
"6","0.5","true","true","false","true","471","9.004","538.5241515900677"
"7","0.6","true","true","false","true","395","9.372","453.7772491867254"
"5","0.4","true","true","false","true","511","8.724","675.5694871273662"
"4","0.3","true","true","false","true","463","8.512","812.4959274612747"
"3","0.2","true","true","false","true","344","8.616","1002.3181061478779"
"1","0","true","true","false","true","415","6.6","1565.4113441200964"
"9","0.8","true","true","false","true","500","8.984","359.2614071312454"
"8","0.7","true","true","false","true","408","8.692","413.54722386923316"
"6","0.5","true","true","false","true","472","9.004","538.5241515900682"
"2","0.1","true","true","false","true","451","7.836","1331.370340501633"
"5","0.4","true","true","false","true","512","8.724","675.5694871273665"
"4","0.3","true","true","false","true","464","8.512","812.495927461274"
"7","0.6","true","true","false","true","396","9.372","453.7772491867249"
"9","0.8","true","true","false","true","501","8.984","359.2614071312454"
"6","0.5","true","true","false","true","473","9.004","538.524151590068"
"3","0.2","true","true","false","true","345","8.616","1002.3181061478771"
"1","0","true","true","false","true","416","6.62","1566.825406469016"
"2","0.1","true","true","false","true","452","7.836","1331.3657805467692"
"8","0.7","true","true","false","true","409","8.692","413.54722386923305"
"5","0.4","true","true","false","true","513","8.724","675.5694871273669"
"4","0.3","true","true","false","true","465","8.512","812.4959274612743"
"9","0.8","true","true","false","true","502","8.984","359.2614071312455"
"7","0.6","true","true","false","true","397","9.372","453.7772491867248"
"6","0.5","true","true","false","true","474","9.004","538.524151590068"
"1","0","true","true","false","true","417","6.604","1567.0231631712118"
"2","0.1","true","true","false","true","453","7.844","1331.352110845554"
"5","0.4","true","true","false","true","514","8.724","675.5694871273668"
"8","0.7","true","true","false","true","410","8.692","413.5472238692331"
"3","0.2","true","true","false","true","346","8.616","1002.3181061478783"
"9","0.8","true","true","false","true","503","8.984","359.2614071312457"
"4","0.3","true","true","false","true","466","8.512","812.4959274612746"
"1","0","true","true","false","true","418","6.556","1569.2246966186374"
"5","0.4","true","true","false","true","515","8.724","675.5694871273661"
"2","0.1","true","true","false","true","454","7.868","1331.028488861303"
"6","0.5","true","true","false","true","475","9.004","538.5241515900681"
"7","0.6","true","true","false","true","398","9.372","453.7772491867251"
"8","0.7","true","true","false","true","411","8.692","413.5472238692337"
"9","0.8","true","true","false","true","504","8.984","359.2614071312452"
"4","0.3","true","true","false","true","467","8.512","812.4959274612743"
"3","0.2","true","true","false","true","347","8.616","1002.3181061478779"
"2","0.1","true","true","false","true","455","7.856","1330.6784051489815"
"5","0.4","true","true","false","true","516","8.724","675.5694871273665"
"6","0.5","true","true","false","true","476","9.004","538.5241515900678"
"1","0","true","true","false","true","419","6.572","1567.827157629404"
"7","0.6","true","true","false","true","399","9.372","453.77724918672493"
"8","0.7","true","true","false","true","412","8.692","413.5472238692331"
"9","0.8","true","true","false","true","505","8.984","359.2614071312454"
"4","0.3","true","true","false","true","468","8.512","812.4959274612745"
"5","0.4","true","true","false","true","517","8.724","675.5694871273666"
"2","0.1","true","true","false","true","456","7.856","1330.4684240031052"
"1","0","true","true","false","true","420","6.572","1564.397523271648"
"3","0.2","true","true","false","true","348","8.616","1002.3181061478768"
"6","0.5","true","true","false","true","477","9.004","538.5241515900682"
"7","0.6","true","true","false","true","400","9.372","453.7772491867247"
"9","0.8","true","true","false","true","506","8.984","359.26140713124556"
"4","0.3","true","true","false","true","469","8.512","812.4959274612744"
"5","0.4","true","true","false","true","518","8.724","675.5694871273665"
"8","0.7","true","true","false","true","413","8.692","413.5472238692333"
"1","0","true","true","false","true","421","6.64","1565.1974325885042"
"2","0.1","true","true","false","true","457","7.868","1330.6077043167381"
"6","0.5","true","true","false","true","478","9.004","538.5241515900678"
"5","0.4","true","true","false","true","519","8.724","675.5694871273665"
"3","0.2","true","true","false","true","349","8.616","1002.3181061478771"
"4","0.3","true","true","false","true","470","8.512","812.495927461274"
"9","0.8","true","true","false","true","507","8.984","359.2614071312457"
"7","0.6","true","true","false","true","401","9.372","453.7772491867249"
"8","0.7","true","true","false","true","414","8.692","413.54722386923294"
"2","0.1","true","true","false","true","458","7.868","1330.7385693523872"
"6","0.5","true","true","false","true","479","9.004","538.5241515900681"
"1","0","true","true","false","true","422","6.624","1563.550736154596"
"5","0.4","true","true","false","true","520","8.724","675.5694871273669"
"4","0.3","true","true","false","true","471","8.512","812.495927461275"
"9","0.8","true","true","false","true","508","8.984","359.2614071312454"
"3","0.2","true","true","false","true","350","8.616","1002.3181061478768"
"2","0.1","true","true","false","true","459","7.848","1331.0757376826177"
"8","0.7","true","true","false","true","415","8.692","413.54722386923305"
"1","0","true","true","false","true","423","6.596","1564.1570564062913"
"7","0.6","true","true","false","true","402","9.372","453.77724918672476"
"5","0.4","true","true","false","true","521","8.724","675.5694871273672"
"6","0.5","true","true","false","true","480","9.004","538.5241515900681"
"4","0.3","true","true","false","true","472","8.512","812.4959274612747"
"9","0.8","true","true","false","true","509","8.984","359.26140713124533"
"5","0.4","true","true","false","true","522","8.724","675.5694871273666"
"2","0.1","true","true","false","true","460","7.868","1330.7343564873368"
"8","0.7","true","true","false","true","416","8.692","413.54722386923316"
"3","0.2","true","true","false","true","351","8.616","1002.3181061478768"
"1","0","true","true","false","true","424","6.528","1566.049693075025"
"6","0.5","true","true","false","true","481","9.004","538.5241515900682"
"4","0.3","true","true","false","true","473","8.512","812.4959274612745"
"7","0.6","true","true","false","true","403","9.372","453.77724918672476"
"9","0.8","true","true","false","true","510","8.984","359.26140713124585"
"5","0.4","true","true","false","true","523","8.724","675.5694871273666"
"2","0.1","true","true","false","true","461","7.868","1330.7385693523875"
"1","0","true","true","false","true","425","6.524","1565.51596414849"
"6","0.5","true","true","false","true","482","9.004","538.5241515900681"
"8","0.7","true","true","false","true","417","8.692","413.5472238692334"
"4","0.3","true","true","false","true","474","8.512","812.4959274612748"
"9","0.8","true","true","false","true","511","8.984","359.2614071312456"
"3","0.2","true","true","false","true","352","8.616","1002.3181061478768"
"7","0.6","true","true","false","true","404","9.372","453.7772491867249"
"5","0.4","true","true","false","true","524","8.724","675.5694871273671"
"2","0.1","true","true","false","true","462","7.848","1330.3974637297997"
"6","0.5","true","true","false","true","483","9.004","538.5241515900678"
"4","0.3","true","true","false","true","475","8.512","812.4959274612742"
"8","0.7","true","true","false","true","418","8.692","413.54722386923345"
"9","0.8","true","true","false","true","512","8.984","359.26140713124545"
"1","0","true","true","false","true","426","6.476","1567.5961329911809"
"7","0.6","true","true","false","true","405","9.372","453.7772491867253"
"5","0.4","true","true","false","true","525","8.724","675.5694871273672"
"3","0.2","true","true","false","true","353","8.616","1002.3181061478776"
"2","0.1","true","true","false","true","463","7.868","1330.7385693523884"
"6","0.5","true","true","false","true","484","9.004","538.524151590068"
"4","0.3","true","true","false","true","476","8.512","812.4959274612751"
"1","0","true","true","false","true","427","6.528","1565.273937287954"
"9","0.8","true","true","false","true","513","8.984","359.2614071312454"
"8","0.7","true","true","false","true","419","8.692","413.54722386923316"
"5","0.4","true","true","false","true","526","8.724","675.5694871273669"
"7","0.6","true","true","false","true","406","9.372","453.7772491867245"
"2","0.1","true","true","false","true","464","7.848","1330.861008657937"
"3","0.2","true","true","false","true","354","8.616","1002.3181061478774"
"4","0.3","true","true","false","true","477","8.512","812.4959274612747"
"6","0.5","true","true","false","true","485","9.004","538.524151590068"
"9","0.8","true","true","false","true","514","8.984","359.2614071312458"
"1","0","true","true","false","true","428","6.528","1565.906310145259"
"5","0.4","true","true","false","true","527","8.724","675.5694871273669"
"8","0.7","true","true","false","true","420","8.692","413.5472238692334"
"7","0.6","true","true","false","true","407","9.372","453.7772491867248"
"2","0.1","true","true","false","true","465","7.848","1331.1851372149179"
"6","0.5","true","true","false","true","486","9.004","538.5241515900676"
"4","0.3","true","true","false","true","478","8.512","812.4959274612746"
"9","0.8","true","true","false","true","515","8.984","359.26140713124556"
"5","0.4","true","true","false","true","528","8.724","675.5694871273669"
"1","0","true","true","false","true","429","6.492","1565.5685793136327"
"3","0.2","true","true","false","true","355","8.616","1002.3181061478774"
"8","0.7","true","true","false","true","421","8.692","413.54722386923316"
"2","0.1","true","true","false","true","466","7.852","1331.4998949560088"
"7","0.6","true","true","false","true","408","9.372","453.7772491867247"
"1","0","true","true","false","true","430","6.548","1567.3506346088252"
"6","0.5","true","true","false","true","487","9.004","538.524151590068"
"4","0.3","true","true","false","true","479","8.512","812.4959274612748"
"5","0.4","true","true","false","true","529","8.724","675.5694871273664"
"9","0.8","true","true","false","true","516","8.984","359.2614071312456"
"3","0.2","true","true","false","true","356","8.616","1002.3181061478771"
"8","0.7","true","true","false","true","422","8.692","413.5472238692329"
"2","0.1","true","true","false","true","467","7.848","1331.5220453131349"
"6","0.5","true","true","false","true","488","9.004","538.5241515900684"
"5","0.4","true","true","false","true","530","8.724","675.5694871273668"
"4","0.3","true","true","false","true","480","8.512","812.4959274612747"
"1","0","true","true","false","true","431","6.568","1567.4256861229098"
"9","0.8","true","true","false","true","517","8.984","359.2614071312457"
"7","0.6","true","true","false","true","409","9.372","453.77724918672476"
"6","0.5","true","true","false","true","489","9.004","538.5241515900685"
"8","0.7","true","true","false","true","423","8.692","413.54722386923316"
"5","0.4","true","true","false","true","531","8.724","675.5694871273666"
"2","0.1","true","true","false","true","468","7.848","1331.3247831409492"
"4","0.3","true","true","false","true","481","8.512","812.4959274612743"
"3","0.2","true","true","false","true","357","8.616","1002.3181061478783"
"9","0.8","true","true","false","true","518","8.984","359.26140713124596"
"1","0","true","true","false","true","432","6.592","1565.9528960872842"
"7","0.6","true","true","false","true","410","9.372","453.7772491867249"
"5","0.4","true","true","false","true","532","8.724","675.5694871273662"
"6","0.5","true","true","false","true","490","9.004","538.5241515900677"
"2","0.1","true","true","false","true","469","7.848","1331.7932272150977"
"4","0.3","true","true","false","true","482","8.512","812.4959274612747"
"9","0.8","true","true","false","true","519","8.984","359.26140713124556"
"8","0.7","true","true","false","true","424","8.692","413.54722386923333"
"1","0","true","true","false","true","433","6.524","1566.0341368511592"
"7","0.6","true","true","false","true","411","9.372","453.77724918672476"
"5","0.4","true","true","false","true","533","8.724","675.5694871273669"
"3","0.2","true","true","false","true","358","8.616","1002.3181061478774"
"6","0.5","true","true","false","true","491","9.004","538.524151590068"
"2","0.1","true","true","false","true","470","7.848","1331.4557916669175"
"4","0.3","true","true","false","true","483","8.512","812.4959274612745"
"9","0.8","true","true","false","true","520","8.984","359.26140713124556"
"8","0.7","true","true","false","true","425","8.692","413.5472238692332"
"1","0","true","true","false","true","434","6.528","1566.9985551116806"
"5","0.4","true","true","false","true","534","8.724","675.5694871273668"
"6","0.5","true","true","false","true","492","9.004","538.5241515900676"
"2","0.1","true","true","false","true","471","7.868","1331.4514673909384"
"7","0.6","true","true","false","true","412","9.372","453.77724918672516"
"9","0.8","true","true","false","true","521","8.984","359.2614071312457"
"3","0.2","true","true","false","true","359","8.616","1002.3181061478772"
"4","0.3","true","true","false","true","484","8.512","812.4959274612747"
"8","0.7","true","true","false","true","426","8.692","413.5472238692328"
"5","0.4","true","true","false","true","535","8.724","675.5694871273662"
"1","0","true","true","false","true","435","6.52","1566.5157267536943"
"6","0.5","true","true","false","true","493","9.004","538.5241515900682"
"2","0.1","true","true","false","true","472","7.868","1331.1185270670592"
"9","0.8","true","true","false","true","522","8.984","359.26140713124573"
"4","0.3","true","true","false","true","485","8.512","812.4959274612742"
"7","0.6","true","true","false","true","413","9.372","453.7772491867245"
"5","0.4","true","true","false","true","536","8.724","675.5694871273662"
"8","0.7","true","true","false","true","427","8.692","413.54722386923316"
"3","0.2","true","true","false","true","360","8.616","1002.3181061478779"
"6","0.5","true","true","false","true","494","9.004","538.524151590068"
"1","0","true","true","false","true","436","6.548","1565.2521389877008"
"2","0.1","true","true","false","true","473","7.868","1331.4514673909387"
"9","0.8","true","true","false","true","523","8.984","359.2614071312455"
"4","0.3","true","true","false","true","486","8.512","812.4959274612748"
"5","0.4","true","true","false","true","537","8.724","675.5694871273669"
"7","0.6","true","true","false","true","414","9.372","453.7772491867249"
"8","0.7","true","true","false","true","428","8.692","413.54722386923333"
"6","0.5","true","true","false","true","495","9.004","538.524151590068"
"2","0.1","true","true","false","true","474","7.856","1331.1016788455604"
"9","0.8","true","true","false","true","524","8.984","359.26140713124556"
"1","0","true","true","false","true","437","6.472","1565.0869011426762"
"3","0.2","true","true","false","true","361","8.616","1002.3181061478771"
"5","0.4","true","true","false","true","538","8.724","675.5694871273662"
"4","0.3","true","true","false","true","487","8.512","812.4959274612753"
"6","0.5","true","true","false","true","496","9.004","538.5241515900682"
"2","0.1","true","true","false","true","475","7.856","1331.4169252070974"
"1","0","true","true","false","true","438","6.524","1566.2727221218336"
"9","0.8","true","true","false","true","525","8.984","359.2614071312455"
"7","0.6","true","true","false","true","415","9.372","453.7772491867247"
"5","0.4","true","true","false","true","539","8.724","675.5694871273666"
"8","0.7","true","true","false","true","429","8.692","413.5472238692331"
"3","0.2","true","true","false","true","362","8.616","1002.3181061478772"
"4","0.3","true","true","false","true","488","8.512","812.4959274612742"
"6","0.5","true","true","false","true","497","9.004","538.524151590068"
"1","0","true","true","false","true","439","6.52","1566.4890640163312"
"2","0.1","true","true","false","true","476","7.856","1331.7223696697706"
"5","0.4","true","true","false","true","540","8.724","675.5694871273665"
"9","0.8","true","true","false","true","526","8.984","359.2614071312455"
"4","0.3","true","true","false","true","489","8.512","812.4959274612744"
"7","0.6","true","true","false","true","416","9.372","453.7772491867247"
"8","0.7","true","true","false","true","430","8.692","413.547223869233"
"6","0.5","true","true","false","true","498","9.004","538.5241515900675"
"9","0.8","true","true","false","true","527","8.984","359.2614071312454"
"1","0","true","true","false","true","440","6.536","1567.3241968868238"
"5","0.4","true","true","false","true","541","8.724","675.5694871273663"
"3","0.2","true","true","false","true","363","8.616","1002.3181061478772"
"2","0.1","true","true","false","true","477","7.856","1331.753320897188"
"4","0.3","true","true","false","true","490","8.512","812.4959274612747"
"7","0.6","true","true","false","true","417","9.372","453.7772491867248"
"8","0.7","true","true","false","true","431","8.692","413.5472238692334"
"6","0.5","true","true","false","true","499","9.004","538.5241515900678"
"9","0.8","true","true","false","true","528","8.984","359.2614071312457"
"5","0.4","true","true","false","true","542","8.724","675.569487127367"
"2","0.1","true","true","false","true","478","7.856","1331.4169252070963"
"1","0","true","true","false","true","441","6.528","1566.915755590041"
"4","0.3","true","true","false","true","491","8.512","812.4959274612745"
"3","0.2","true","true","false","true","364","8.616","1002.3181061478776"
"6","0.5","true","true","false","true","500","9.004","538.524151590068"
"8","0.7","true","true","false","true","432","8.692","413.54722386923333"
"5","0.4","true","true","false","true","543","8.724","675.5694871273663"
"2","0.1","true","true","false","true","479","7.856","1331.438503247885"
"9","0.8","true","true","false","true","529","8.984","359.26140713124556"
"7","0.6","true","true","false","true","418","9.372","453.7772491867251"
"4","0.3","true","true","false","true","492","8.512","812.4959274612745"
"1","0","true","true","false","true","442","6.524","1567.3998233955285"
"6","0.5","true","true","false","true","501","9.004","538.524151590068"
"5","0.4","true","true","false","true","544","8.724","675.5694871273668"
"3","0.2","true","true","false","true","365","8.616","1002.3181061478774"
"9","0.8","true","true","false","true","530","8.984","359.2614071312456"
"2","0.1","true","true","false","true","480","7.856","1331.416925207098"
"7","0.6","true","true","false","true","419","9.372","453.77724918672493"
"8","0.7","true","true","false","true","433","8.692","413.54722386923305"
"4","0.3","true","true","false","true","493","8.512","812.4959274612742"
"6","0.5","true","true","false","true","502","9.004","538.5241515900684"
"1","0","true","true","false","true","443","6.492","1567.5686779838634"
"5","0.4","true","true","false","true","545","8.724","675.5694871273664"
"7","0.6","true","true","false","true","420","9.372","453.77724918672476"
"9","0.8","true","true","false","true","531","8.984","359.2614071312455"
"4","0.3","true","true","false","true","494","8.512","812.495927461275"
"2","0.1","true","true","false","true","481","7.856","1331.3867762683667"
"8","0.7","true","true","false","true","434","8.692","413.547223869233"
"3","0.2","true","true","false","true","366","8.616","1002.3181061478783"
"6","0.5","true","true","false","true","503","9.004","538.5241515900681"
"5","0.4","true","true","false","true","546","8.724","675.569487127367"
"1","0","true","true","false","true","444","6.516","1567.351975439675"
"9","0.8","true","true","false","true","532","8.984","359.2614071312454"
"4","0.3","true","true","false","true","495","8.512","812.4959274612747"
"2","0.1","true","true","false","true","482","7.856","1331.0806486817437"
"6","0.5","true","true","false","true","504","9.004","538.5241515900681"
"5","0.4","true","true","false","true","547","8.724","675.5694871273665"
"7","0.6","true","true","false","true","421","9.372","453.7772491867246"
"8","0.7","true","true","false","true","435","8.692","413.5472238692329"
"1","0","true","true","false","true","445","6.504","1566.264816226281"
"9","0.8","true","true","false","true","533","8.984","359.26140713124545"
"4","0.3","true","true","false","true","496","8.512","812.4959274612746"
"3","0.2","true","true","false","true","367","8.616","1002.3181061478776"
"2","0.1","true","true","false","true","483","7.856","1331.4169252070967"
"9","0.8","true","true","false","true","534","8.984","359.2614071312454"
"5","0.4","true","true","false","true","548","8.724","675.5694871273664"
"7","0.6","true","true","false","true","422","9.372","453.7772491867249"
"6","0.5","true","true","false","true","505","9.004","538.5241515900682"
"1","0","true","true","false","true","446","6.508","1563.4352818356583"
"4","0.3","true","true","false","true","497","8.512","812.4959274612739"
"8","0.7","true","true","false","true","436","8.692","413.54722386923305"
"3","0.2","true","true","false","true","368","8.616","1002.3181061478779"
"9","0.8","true","true","false","true","535","8.984","359.26140713124516"
"2","0.1","true","true","false","true","484","7.856","1331.3867762683665"
"6","0.5","true","true","false","true","506","9.004","538.5241515900676"
"5","0.4","true","true","false","true","549","8.724","675.5694871273668"
"4","0.3","true","true","false","true","498","8.512","812.4959274612743"
"9","0.8","true","true","false","true","536","8.984","359.26140713124573"
"8","0.7","true","true","false","true","437","8.692","413.5472238692333"
"7","0.6","true","true","false","true","423","9.372","453.77724918672476"
"1","0","true","true","false","true","447","6.488","1563.2024844016719"
"2","0.1","true","true","false","true","485","7.856","1331.7223696697706"
"3","0.2","true","true","false","true","369","8.616","1002.3181061478771"
"6","0.5","true","true","false","true","507","9.004","538.5241515900681"
"5","0.4","true","true","false","true","550","8.724","675.5694871273665"
"4","0.3","true","true","false","true","499","8.512","812.4959274612742"
"9","0.8","true","true","false","true","537","8.984","359.26140713124505"
"7","0.6","true","true","false","true","424","9.372","453.77724918672527"
"8","0.7","true","true","false","true","438","8.692","413.5472238692332"
"2","0.1","true","true","false","true","486","7.844","1332.017274457"
"1","0","true","true","false","true","448","6.54","1564.0681132049351"
"5","0.4","true","true","false","true","551","8.724","675.5694871273668"
"6","0.5","true","true","false","true","508","9.004","538.5241515900677"
"3","0.2","true","true","false","true","370","8.616","1002.3181061478771"
"9","0.8","true","true","false","true","538","8.984","359.2614071312457"
"4","0.3","true","true","false","true","500","8.512","812.4959274612746"
"7","0.6","true","true","false","true","425","9.372","453.777249186725"
"8","0.7","true","true","false","true","439","8.692","413.54722386923316"
"2","0.1","true","true","false","true","487","7.844","1331.6343520115777"
"5","0.4","true","true","false","true","552","8.724","675.5694871273672"
"1","0","true","true","false","true","449","6.508","1563.350502099159"
"6","0.5","true","true","false","true","509","9.004","538.5241515900682"
"9","0.8","true","true","false","true","539","8.984","359.26140713124505"
"7","0.6","true","true","false","true","426","9.372","453.7772491867248"
"4","0.3","true","true","false","true","501","8.512","812.4959274612742"
"3","0.2","true","true","false","true","371","8.616","1002.3181061478774"
"2","0.1","true","true","false","true","488","7.856","1331.2455797014836"
"5","0.4","true","true","false","true","553","8.724","675.5694871273665"
"8","0.7","true","true","false","true","440","8.692","413.54722386923316"
"1","0","true","true","false","true","450","6.532","1563.848496950163"
"9","0.8","true","true","false","true","540","8.984","359.26140713124556"
"6","0.5","true","true","false","true","510","9.004","538.5241515900677"
"7","0.6","true","true","false","true","427","9.372","453.7772491867247"
"4","0.3","true","true","false","true","502","8.512","812.4959274612746"
"9","0.8","true","true","false","true","541","8.984","359.26140713124533"
"2","0.1","true","true","false","true","489","7.844","1331.6343520115772"
"5","0.4","true","true","false","true","554","8.724","675.5694871273664"
"6","0.5","true","true","false","true","511","9.004","538.5241515900681"
"8","0.7","true","true","false","true","441","8.692","413.54722386923333"
"1","0","true","true","false","true","451","6.532","1563.3219971896606"
"3","0.2","true","true","false","true","372","8.616","1002.3181061478776"
"4","0.3","true","true","false","true","503","8.512","812.4959274612733"
"5","0.4","true","true","false","true","555","8.724","675.5694871273668"
"9","0.8","true","true","false","true","542","8.984","359.2614071312456"
"2","0.1","true","true","false","true","490","7.856","1331.2455797014827"
"7","0.6","true","true","false","true","428","9.372","453.777249186725"
"1","0","true","true","false","true","452","6.504","1563.778515061316"
"6","0.5","true","true","false","true","512","9.004","538.5241515900682"
"8","0.7","true","true","false","true","442","8.692","413.5472238692334"
"9","0.8","true","true","false","true","543","8.984","359.26140713124556"
"4","0.3","true","true","false","true","504","8.512","812.4959274612742"
"5","0.4","true","true","false","true","556","8.724","675.5694871273669"
"1","0","true","true","false","true","453","6.54","1560.1299729440761"
"2","0.1","true","true","false","true","491","7.856","1330.9135938092604"
"3","0.2","true","true","false","true","373","8.616","1002.3181061478772"
"6","0.5","true","true","false","true","513","9.004","538.524151590068"
"7","0.6","true","true","false","true","429","9.372","453.77724918672476"
"8","0.7","true","true","false","true","443","8.692","413.5472238692333"
"9","0.8","true","true","false","true","544","8.984","359.2614071312455"
"4","0.3","true","true","false","true","505","8.512","812.4959274612743"
"1","0","true","true","false","true","454","6.54","1559.6276056364788"
"5","0.4","true","true","false","true","557","8.724","675.5694871273664"
"2","0.1","true","true","false","true","492","7.856","1331.2455797014832"
"3","0.2","true","true","false","true","374","8.616","1002.3181061478772"
"6","0.5","true","true","false","true","514","9.004","538.5241515900682"
"8","0.7","true","true","false","true","444","8.692","413.5472238692335"
"9","0.8","true","true","false","true","545","8.984","359.2614071312455"
"7","0.6","true","true","false","true","430","9.372","453.77724918672453"
"4","0.3","true","true","false","true","506","8.512","812.4959274612744"
"1","0","true","true","false","true","455","6.532","1559.1785746991322"
"2","0.1","true","true","false","true","493","7.844","1331.6343520115774"
"5","0.4","true","true","false","true","558","8.724","675.5694871273665"
"9","0.8","true","true","false","true","546","8.984","359.2614071312454"
"8","0.7","true","true","false","true","445","8.692","413.5472238692332"
"6","0.5","true","true","false","true","515","9.004","538.5241515900673"
"3","0.2","true","true","false","true","375","8.616","1002.3181061478771"
"4","0.3","true","true","false","true","507","8.512","812.4959274612748"
"9","0.8","true","true","false","true","547","8.984","359.2614071312457"
"2","0.1","true","true","false","true","494","7.856","1331.2455797014832"
"1","0","true","true","false","true","456","6.532","1557.5258015859129"
"7","0.6","true","true","false","true","431","9.372","453.77724918672493"
"5","0.4","true","true","false","true","559","8.724","675.5694871273674"
"6","0.5","true","true","false","true","516","9.004","538.5241515900678"
"8","0.7","true","true","false","true","446","8.692","413.5472238692334"
"2","0.1","true","true","false","true","495","7.844","1331.18190005132"
"4","0.3","true","true","false","true","508","8.512","812.4959274612748"
"1","0","true","true","false","true","457","6.52","1560.0812007274772"
"5","0.4","true","true","false","true","560","8.724","675.5694871273662"
"9","0.8","true","true","false","true","548","8.984","359.26140713124533"
"3","0.2","true","true","false","true","376","8.616","1002.3181061478772"
"7","0.6","true","true","false","true","432","9.372","453.7772491867248"
"8","0.7","true","true","false","true","447","8.692","413.54722386923316"
"4","0.3","true","true","false","true","509","8.512","812.4959274612747"
"6","0.5","true","true","false","true","517","9.004","538.5241515900682"
"2","0.1","true","true","false","true","496","7.844","1331.5774653242358"
"1","0","true","true","false","true","458","6.536","1562.6559689433914"
"9","0.8","true","true","false","true","549","8.984","359.26140713124556"
"5","0.4","true","true","false","true","561","8.724","675.5694871273671"
"3","0.2","true","true","false","true","377","8.616","1002.3181061478772"
"7","0.6","true","true","false","true","433","9.372","453.7772491867247"
"4","0.3","true","true","false","true","510","8.512","812.4959274612748"
"2","0.1","true","true","false","true","497","7.844","1331.6343520115772"
"8","0.7","true","true","false","true","448","8.692","413.54722386923305"
"1","0","true","true","false","true","459","6.508","1561.2963197678578"
"6","0.5","true","true","false","true","518","9.004","538.5241515900681"
"5","0.4","true","true","false","true","562","8.724","675.5694871273672"
"9","0.8","true","true","false","true","550","8.984","359.2614071312452"
"2","0.1","true","true","false","true","498","7.844","1331.577465324235"
"3","0.2","true","true","false","true","378","8.616","1002.3181061478783"
"5","0.4","true","true","false","true","563","8.724","675.5694871273664"
"4","0.3","true","true","false","true","511","8.512","812.4959274612742"
"1","0","true","true","false","true","460","6.516","1562.2451293299116"
"8","0.7","true","true","false","true","449","8.692","413.54722386923305"
"6","0.5","true","true","false","true","519","9.004","538.5241515900676"
"7","0.6","true","true","false","true","434","9.372","453.7772491867247"
"9","0.8","true","true","false","true","551","8.984","359.2614071312454"
"2","0.1","true","true","false","true","499","7.848","1331.8421741380116"
"5","0.4","true","true","false","true","564","8.724","675.5694871273666"
"1","0","true","true","false","true","461","6.52","1562.4967088898622"
"4","0.3","true","true","false","true","512","8.512","812.4959274612739"
"3","0.2","true","true","false","true","379","8.616","1002.3181061478774"
"6","0.5","true","true","false","true","520","9.004","538.5241515900678"
"8","0.7","true","true","false","true","450","8.692","413.5472238692332"
"9","0.8","true","true","false","true","552","8.984","359.26140713124516"
"7","0.6","true","true","false","true","435","9.372","453.7772491867248"
"5","0.4","true","true","false","true","565","8.724","675.5694871273665"
"2","0.1","true","true","false","true","500","7.852","1332.1719735100369"
"4","0.3","true","true","false","true","513","8.512","812.4959274612745"
"1","0","true","true","false","true","462","6.544","1563.2266717537007"
"6","0.5","true","true","false","true","521","9.004","538.524151590068"
"9","0.8","true","true","false","true","553","8.984","359.26140713124556"
"8","0.7","true","true","false","true","451","8.692","413.54722386923305"
"3","0.2","true","true","false","true","380","8.616","1002.3181061478776"
"5","0.4","true","true","false","true","566","8.724","675.5694871273665"
"7","0.6","true","true","false","true","436","9.372","453.77724918672527"
"2","0.1","true","true","false","true","501","7.848","1331.8421741380116"
"6","0.5","true","true","false","true","522","9.004","538.5241515900681"
"4","0.3","true","true","false","true","514","8.512","812.4959274612748"
"1","0","true","true","false","true","463","6.556","1561.5084870019411"
"9","0.8","true","true","false","true","554","8.984","359.26140713124545"
"5","0.4","true","true","false","true","567","8.724","675.5694871273663"
"2","0.1","true","true","false","true","502","7.848","1331.5121397153102"
"1","0","true","true","false","true","464","6.54","1560.025999133647"
"8","0.7","true","true","false","true","452","8.692","413.5472238692333"
"7","0.6","true","true","false","true","437","9.372","453.77724918672527"
"4","0.3","true","true","false","true","515","8.512","812.4959274612745"
"6","0.5","true","true","false","true","523","9.004","538.5241515900674"
"3","0.2","true","true","false","true","381","8.616","1002.3181061478772"
"9","0.8","true","true","false","true","555","8.984","359.26140713124585"
"5","0.4","true","true","false","true","568","8.724","675.5694871273665"
"2","0.1","true","true","false","true","503","7.844","1331.909229548664"
"4","0.3","true","true","false","true","516","8.512","812.4959274612747"
"8","0.7","true","true","false","true","453","8.692","413.54722386923356"
"6","0.5","true","true","false","true","524","9.004","538.5241515900681"
"1","0","true","true","false","true","465","6.552","1558.354962891104"
"7","0.6","true","true","false","true","438","9.372","453.7772491867252"
"9","0.8","true","true","false","true","556","8.984","359.2614071312454"
"3","0.2","true","true","false","true","382","8.616","1002.3181061478774"
"5","0.4","true","true","false","true","569","8.724","675.569487127367"
"2","0.1","true","true","false","true","504","7.844","1331.577465324236"
"6","0.5","true","true","false","true","525","9.004","538.5241515900682"
"4","0.3","true","true","false","true","517","8.512","812.4959274612747"
"8","0.7","true","true","false","true","454","8.692","413.547223869233"
"1","0","true","true","false","true","466","6.516","1558.4675258359296"
"9","0.8","true","true","false","true","557","8.984","359.2614071312456"
"7","0.6","true","true","false","true","439","9.372","453.7772491867249"
"2","0.1","true","true","false","true","505","7.844","1331.9092295486623"
"9","0.8","true","true","false","true","558","8.984","359.2614071312455"
"8","0.7","true","true","false","true","455","8.692","413.54722386923305"
"5","0.4","true","true","false","true","570","8.724","675.5694871273662"
"6","0.5","true","true","false","true","526","9.004","538.5241515900678"
"4","0.3","true","true","false","true","518","8.512","812.4959274612744"
"3","0.2","true","true","false","true","383","8.616","1002.3181061478771"
"1","0","true","true","false","true","467","6.496","1559.1640279685685"
"7","0.6","true","true","false","true","440","9.372","453.77724918672476"
"2","0.1","true","true","false","true","506","7.844","1331.577465324234"
"5","0.4","true","true","false","true","571","8.724","675.5694871273669"
"4","0.3","true","true","false","true","519","8.512","812.4959274612744"
"9","0.8","true","true","false","true","559","8.984","359.2614071312454"
"6","0.5","true","true","false","true","527","9.004","538.5241515900681"
"1","0","true","true","false","true","468","6.54","1559.1475871597627"
"8","0.7","true","true","false","true","456","8.692","413.5472238692334"
"3","0.2","true","true","false","true","384","8.616","1002.3181061478772"
"5","0.4","true","true","false","true","572","8.724","675.5694871273671"
"2","0.1","true","true","false","true","507","7.844","1331.1819000513203"
"7","0.6","true","true","false","true","441","9.372","453.7772491867248"
"4","0.3","true","true","false","true","520","8.512","812.4959274612743"
"9","0.8","true","true","false","true","560","8.984","359.26140713124556"
"6","0.5","true","true","false","true","528","9.004","538.5241515900682"
"1","0","true","true","false","true","469","6.52","1558.8394779219"
"6","0.5","true","true","false","true","529","9.004","538.5241515900677"
"8","0.7","true","true","false","true","457","8.692","413.5472238692332"
"5","0.4","true","true","false","true","573","8.724","675.569487127367"
"4","0.3","true","true","false","true","521","8.512","812.4959274612747"
"9","0.8","true","true","false","true","561","8.984","359.2614071312454"
"2","0.1","true","true","false","true","508","7.864","1330.8514821130918"
"7","0.6","true","true","false","true","442","9.372","453.77724918672516"
"1","0","true","true","false","true","470","6.56","1560.1486269589416"
"3","0.2","true","true","false","true","385","8.616","1002.3181061478772"
"6","0.5","true","true","false","true","530","9.004","538.524151590068"
"9","0.8","true","true","false","true","562","8.984","359.26140713124533"
"5","0.4","true","true","false","true","574","8.724","675.5694871273664"
"2","0.1","true","true","false","true","509","7.864","1330.4525324632457"
"4","0.3","true","true","false","true","522","8.512","812.4959274612747"
"1","0","true","true","false","true","471","6.572","1559.614813429229"
"8","0.7","true","true","false","true","458","8.692","413.5472238692336"
"6","0.5","true","true","false","true","531","9.004","538.5241515900682"
"7","0.6","true","true","false","true","443","9.372","453.77724918672493"
"3","0.2","true","true","false","true","386","8.616","1002.3181061478772"
"9","0.8","true","true","false","true","563","8.984","359.2614071312454"
"4","0.3","true","true","false","true","523","8.512","812.4959274612746"
"5","0.4","true","true","false","true","575","8.724","675.5694871273668"
"6","0.5","true","true","false","true","532","9.004","538.5241515900682"
"1","0","true","true","false","true","472","6.532","1560.14077439331"
"2","0.1","true","true","false","true","510","7.868","1330.1234252659763"
"8","0.7","true","true","false","true","459","8.692","413.54722386923305"
"5","0.4","true","true","false","true","576","8.724","675.5694871273663"
"9","0.8","true","true","false","true","564","8.984","359.2614071312452"
"6","0.5","true","true","false","true","533","9.004","538.524151590068"
"7","0.6","true","true","false","true","444","9.372","453.7772491867249"
"4","0.3","true","true","false","true","524","8.512","812.4959274612742"
"1","0","true","true","false","true","473","6.492","1560.9497465753295"
"2","0.1","true","true","false","true","511","7.868","1329.7215508029499"
"3","0.2","true","true","false","true","387","8.616","1002.3181061478774"
"5","0.4","true","true","false","true","577","8.724","675.5694871273664"
"9","0.8","true","true","false","true","565","8.984","359.26140713124533"
"1","0","true","true","false","true","474","6.436","1561.592338210273"
"8","0.7","true","true","false","true","460","8.692","413.54722386923277"
"4","0.3","true","true","false","true","525","8.512","812.4959274612748"
"6","0.5","true","true","false","true","534","9.004","538.5241515900674"
"7","0.6","true","true","false","true","445","9.372","453.77724918672476"
"2","0.1","true","true","false","true","512","7.868","1329.393714095546"
"5","0.4","true","true","false","true","578","8.724","675.5694871273663"
"3","0.2","true","true","false","true","388","8.616","1002.3181061478774"
"1","0","true","true","false","true","475","6.48","1559.5979491987462"
"9","0.8","true","true","false","true","566","8.984","359.26140713124545"
"4","0.3","true","true","false","true","526","8.512","812.4959274612739"
"6","0.5","true","true","false","true","535","9.004","538.5241515900678"
"8","0.7","true","true","false","true","461","8.692","413.54722386923305"
"2","0.1","true","true","false","true","513","7.868","1329.464689716682"
"5","0.4","true","true","false","true","579","8.724","675.5694871273671"
"1","0","true","true","false","true","476","6.492","1561.8605312026036"
"7","0.6","true","true","false","true","446","9.372","453.77724918672476"
"9","0.8","true","true","false","true","567","8.984","359.2614071312455"
"3","0.2","true","true","false","true","389","8.616","1002.3181061478774"
"2","0.1","true","true","false","true","514","7.868","1329.4646897166824"
"6","0.5","true","true","false","true","536","9.004","538.5241515900677"
"5","0.4","true","true","false","true","580","8.724","675.5694871273669"
"4","0.3","true","true","false","true","527","8.512","812.4959274612739"
"8","0.7","true","true","false","true","462","8.692","413.547223869233"
"9","0.8","true","true","false","true","568","8.984","359.2614071312454"
"2","0.1","true","true","false","true","515","7.868","1329.4646897166829"
"1","0","true","true","false","true","477","6.468","1564.036665005378"
"6","0.5","true","true","false","true","537","9.004","538.5241515900681"
"5","0.4","true","true","false","true","581","8.724","675.5694871273662"
"7","0.6","true","true","false","true","447","9.372","453.7772491867247"
"4","0.3","true","true","false","true","528","8.512","812.4959274612746"
"8","0.7","true","true","false","true","463","8.692","413.54722386923316"
"3","0.2","true","true","false","true","390","8.616","1002.3181061478776"
"9","0.8","true","true","false","true","569","8.984","359.26140713124545"
"6","0.5","true","true","false","true","538","9.004","538.524151590068"
"5","0.4","true","true","false","true","582","8.724","675.5694871273669"
"1","0","true","true","false","true","478","6.464","1564.3578010346814"
"2","0.1","true","true","false","true","516","7.868","1329.464689716683"
"4","0.3","true","true","false","true","529","8.512","812.4959274612744"
"7","0.6","true","true","false","true","448","9.372","453.77724918672476"
"8","0.7","true","true","false","true","464","8.692","413.5472238692332"
"9","0.8","true","true","false","true","570","8.984","359.2614071312454"
"3","0.2","true","true","false","true","391","8.616","1002.3181061478771"
"5","0.4","true","true","false","true","583","8.724","675.5694871273669"
"6","0.5","true","true","false","true","539","9.004","538.5241515900681"
"4","0.3","true","true","false","true","530","8.512","812.4959274612742"
"1","0","true","true","false","true","479","6.476","1563.739063942168"
"2","0.1","true","true","false","true","517","7.868","1329.4646897166826"
"9","0.8","true","true","false","true","571","8.984","359.26140713124556"
"8","0.7","true","true","false","true","465","8.692","413.54722386923345"
"7","0.6","true","true","false","true","449","9.372","453.7772491867255"
"5","0.4","true","true","false","true","584","8.724","675.5694871273665"
"4","0.3","true","true","false","true","531","8.512","812.4959274612743"
"3","0.2","true","true","false","true","392","8.616","1002.3181061478771"
"6","0.5","true","true","false","true","540","9.004","538.5241515900675"
"1","0","true","true","false","true","480","6.412","1564.7523433882232"
"9","0.8","true","true","false","true","572","8.984","359.26140713124533"
"2","0.1","true","true","false","true","518","7.868","1329.4646897166838"
"8","0.7","true","true","false","true","466","8.692","413.54722386923316"
"5","0.4","true","true","false","true","585","8.724","675.5694871273671"
"6","0.5","true","true","false","true","541","9.004","538.5241515900677"
"7","0.6","true","true","false","true","450","9.372","453.77724918672516"
"1","0","true","true","false","true","481","6.412","1562.7088531699771"
"9","0.8","true","true","false","true","573","8.984","359.26140713124545"
"3","0.2","true","true","false","true","393","8.616","1002.3181061478774"
"2","0.1","true","true","false","true","519","7.868","1329.464689716682"
"4","0.3","true","true","false","true","532","8.512","812.4959274612739"
"5","0.4","true","true","false","true","586","8.724","675.569487127367"
"8","0.7","true","true","false","true","467","8.692","413.5472238692331"
"6","0.5","true","true","false","true","542","9.004","538.5241515900681"
"9","0.8","true","true","false","true","574","8.984","359.26140713124533"
"5","0.4","true","true","false","true","587","8.724","675.569487127367"
"1","0","true","true","false","true","482","6.476","1561.7416714101435"
"7","0.6","true","true","false","true","451","9.372","453.7772491867244"
"4","0.3","true","true","false","true","533","8.512","812.4959274612745"
"2","0.1","true","true","false","true","520","7.868","1329.4646897166817"
"3","0.2","true","true","false","true","394","8.616","1002.3181061478772"
"6","0.5","true","true","false","true","543","9.004","538.5241515900677"
"8","0.7","true","true","false","true","468","8.692","413.54722386923316"
"9","0.8","true","true","false","true","575","8.984","359.26140713124545"
"5","0.4","true","true","false","true","588","8.724","675.5694871273669"
"1","0","true","true","false","true","483","6.48","1562.9794756972149"
"4","0.3","true","true","false","true","534","8.512","812.4959274612747"
"2","0.1","true","true","false","true","521","7.868","1329.4646897166829"
"7","0.6","true","true","false","true","452","9.372","453.777249186725"
"6","0.5","true","true","false","true","544","9.004","538.5241515900681"
"5","0.4","true","true","false","true","589","8.724","675.5694871273665"
"8","0.7","true","true","false","true","469","8.692","413.54722386923305"
"3","0.2","true","true","false","true","395","8.616","1002.3181061478776"
"9","0.8","true","true","false","true","576","8.984","359.26140713124533"
"1","0","true","true","false","true","484","6.44","1564.7465642475797"
"2","0.1","true","true","false","true","522","7.868","1329.4646897166833"
"4","0.3","true","true","false","true","535","8.512","812.4959274612747"
"7","0.6","true","true","false","true","453","9.372","453.7772491867245"
"6","0.5","true","true","false","true","545","9.004","538.5241515900678"
"5","0.4","true","true","false","true","590","8.724","675.5694871273669"
"9","0.8","true","true","false","true","577","8.984","359.26140713124545"
"8","0.7","true","true","false","true","470","8.692","413.5472238692334"
"3","0.2","true","true","false","true","396","8.616","1002.3181061478774"
"2","0.1","true","true","false","true","523","7.868","1329.4646897166833"
"4","0.3","true","true","false","true","536","8.512","812.4959274612744"
"1","0","true","true","false","true","485","6.476","1564.9484933408405"
"5","0.4","true","true","false","true","591","8.724","675.5694871273669"
"6","0.5","true","true","false","true","546","9.004","538.5241515900685"
"7","0.6","true","true","false","true","454","9.372","453.77724918672527"
"9","0.8","true","true","false","true","578","8.984","359.2614071312454"
"8","0.7","true","true","false","true","471","8.692","413.54722386923305"
"4","0.3","true","true","false","true","537","8.512","812.4959274612745"
"2","0.1","true","true","false","true","524","7.868","1329.4646897166829"
"1","0","true","true","false","true","486","6.504","1565.9058655768615"
"5","0.4","true","true","false","true","592","8.724","675.5694871273666"
"3","0.2","true","true","false","true","397","8.616","1002.3181061478774"
"6","0.5","true","true","false","true","547","9.004","538.524151590068"
"9","0.8","true","true","false","true","579","8.984","359.26140713124545"
"7","0.6","true","true","false","true","455","9.372","453.77724918672436"
"8","0.7","true","true","false","true","472","8.692","413.54722386923316"
"2","0.1","true","true","false","true","525","7.868","1329.4646897166826"
"4","0.3","true","true","false","true","538","8.512","812.4959274612744"
"5","0.4","true","true","false","true","593","8.724","675.5694871273671"
"1","0","true","true","false","true","487","6.496","1563.3049206736016"
"6","0.5","true","true","false","true","548","9.004","538.524151590068"
"9","0.8","true","true","false","true","580","8.984","359.26140713124545"
"3","0.2","true","true","false","true","398","8.616","1002.3181061478771"
"2","0.1","true","true","false","true","526","7.868","1329.4646897166833"
"8","0.7","true","true","false","true","473","8.692","413.5472238692332"
"7","0.6","true","true","false","true","456","9.372","453.77724918672527"
"4","0.3","true","true","false","true","539","8.512","812.4959274612745"
"5","0.4","true","true","false","true","594","8.724","675.5694871273672"
"1","0","true","true","false","true","488","6.464","1563.2977817524124"
"9","0.8","true","true","false","true","581","8.984","359.26140713124556"
"6","0.5","true","true","false","true","549","9.004","538.5241515900682"
"2","0.1","true","true","false","true","527","7.868","1329.4646897166829"
"5","0.4","true","true","false","true","595","8.724","675.5694871273671"
"8","0.7","true","true","false","true","474","8.692","413.5472238692331"
"4","0.3","true","true","false","true","540","8.512","812.4959274612748"
"9","0.8","true","true","false","true","582","8.984","359.2614071312458"
"7","0.6","true","true","false","true","457","9.372","453.7772491867248"
"1","0","true","true","false","true","489","6.516","1562.6927538956284"
"3","0.2","true","true","false","true","399","8.616","1002.3181061478771"
"6","0.5","true","true","false","true","550","9.004","538.5241515900681"
"2","0.1","true","true","false","true","528","7.868","1329.4646897166833"
"5","0.4","true","true","false","true","596","8.724","675.5694871273666"
"9","0.8","true","true","false","true","583","8.984","359.2614071312455"
"6","0.5","true","true","false","true","551","9.004","538.5241515900681"
"4","0.3","true","true","false","true","541","8.512","812.4959274612745"
"1","0","true","true","false","true","490","6.52","1561.2350271870007"
"8","0.7","true","true","false","true","475","8.692","413.5472238692332"
"7","0.6","true","true","false","true","458","9.372","453.7772491867248"
"2","0.1","true","true","false","true","529","7.868","1329.4646897166826"
"3","0.2","true","true","false","true","400","8.616","1002.3181061478774"
"5","0.4","true","true","false","true","597","8.724","675.5694871273672"
"6","0.5","true","true","false","true","552","9.004","538.5241515900681"
"9","0.8","true","true","false","true","584","8.984","359.2614071312454"
"1","0","true","true","false","true","491","6.536","1561.0196811785327"
"4","0.3","true","true","false","true","542","8.512","812.4959274612737"
"8","0.7","true","true","false","true","476","8.692","413.54722386923316"
"7","0.6","true","true","false","true","459","9.372","453.7772491867247"
"2","0.1","true","true","false","true","530","7.868","1329.464689716683"
"5","0.4","true","true","false","true","598","8.724","675.5694871273666"
"6","0.5","true","true","false","true","553","9.004","538.5241515900677"
"9","0.8","true","true","false","true","585","8.984","359.2614071312457"
"4","0.3","true","true","false","true","543","8.512","812.4959274612748"
"3","0.2","true","true","false","true","401","8.616","1002.3181061478771"
"1","0","true","true","false","true","492","6.556","1558.964936588799"
"8","0.7","true","true","false","true","477","8.692","413.54722386923333"
"2","0.1","true","true","false","true","531","7.868","1329.4646897166836"
"5","0.4","true","true","false","true","599","8.724","675.569487127367"
"7","0.6","true","true","false","true","460","9.372","453.7772491867253"
"9","0.8","true","true","false","true","586","8.984","359.26140713124545"
"6","0.5","true","true","false","true","554","9.004","538.5241515900682"
"1","0","true","true","false","true","493","6.588","1559.3141410451224"
"4","0.3","true","true","false","true","544","8.512","812.4959274612742"
"5","0.4","true","true","false","true","600","8.724","675.5694871273664"
"2","0.1","true","true","false","true","532","7.868","1329.4646897166829"
"3","0.2","true","true","false","true","402","8.616","1002.3181061478776"
"8","0.7","true","true","false","true","478","8.692","413.54722386923305"
"7","0.6","true","true","false","true","461","9.372","453.77724918672527"
"9","0.8","true","true","false","true","587","8.984","359.26140713124545"
"1","0","true","true","false","true","494","6.584","1560.0176319148886"
"6","0.5","true","true","false","true","555","9.004","538.5241515900681"
"4","0.3","true","true","false","true","545","8.512","812.4959274612742"
"5","0.4","true","true","false","true","601","8.724","675.5694871273665"
"2","0.1","true","true","false","true","533","7.868","1329.464689716682"
"8","0.7","true","true","false","true","479","8.692","413.5472238692332"
"9","0.8","true","true","false","true","588","8.984","359.26140713124545"
"3","0.2","true","true","false","true","403","8.616","1002.3181061478774"
"7","0.6","true","true","false","true","462","9.372","453.7772491867251"
"1","0","true","true","false","true","495","6.572","1559.816563603515"
"6","0.5","true","true","false","true","556","9.004","538.5241515900678"
"4","0.3","true","true","false","true","546","8.512","812.4959274612751"
"5","0.4","true","true","false","true","602","8.724","675.5694871273665"
"2","0.1","true","true","false","true","534","7.868","1329.4646897166822"
"9","0.8","true","true","false","true","589","8.984","359.2614071312458"
"8","0.7","true","true","false","true","480","8.692","413.54722386923316"
"1","0","true","true","false","true","496","6.6","1561.664793920421"
"4","0.3","true","true","false","true","547","8.512","812.4959274612742"
"6","0.5","true","true","false","true","557","9.004","538.5241515900675"
"7","0.6","true","true","false","true","463","9.372","453.77724918672476"
"5","0.4","true","true","false","true","603","8.724","675.5694871273669"
"3","0.2","true","true","false","true","404","8.616","1002.3181061478771"
"2","0.1","true","true","false","true","535","7.868","1329.4646897166826"
"9","0.8","true","true","false","true","590","8.984","359.2614071312454"
"5","0.4","true","true","false","true","604","8.724","675.5694871273671"
"8","0.7","true","true","false","true","481","8.692","413.5472238692334"
"4","0.3","true","true","false","true","548","8.512","812.4959274612745"
"6","0.5","true","true","false","true","558","9.004","538.5241515900676"
"1","0","true","true","false","true","497","6.6","1561.438079892356"
"2","0.1","true","true","false","true","536","7.868","1329.4646897166833"
"7","0.6","true","true","false","true","464","9.372","453.7772491867245"
"9","0.8","true","true","false","true","591","8.984","359.26140713124533"
"3","0.2","true","true","false","true","405","8.616","1002.3181061478776"
"5","0.4","true","true","false","true","605","8.724","675.5694871273669"
"2","0.1","true","true","false","true","537","7.868","1329.464689716683"
"4","0.3","true","true","false","true","549","8.512","812.4959274612738"
"8","0.7","true","true","false","true","482","8.692","413.5472238692331"
"1","0","true","true","false","true","498","6.58","1561.4071695044895"
"6","0.5","true","true","false","true","559","9.004","538.5241515900676"
"7","0.6","true","true","false","true","465","9.372","453.7772491867249"
"5","0.4","true","true","false","true","606","8.724","675.5694871273671"
"2","0.1","true","true","false","true","538","7.868","1329.4646897166822"
"3","0.2","true","true","false","true","406","8.616","1002.3181061478771"
"4","0.3","true","true","false","true","550","8.512","812.4959274612745"
"9","0.8","true","true","false","true","592","8.984","359.2614071312456"
"8","0.7","true","true","false","true","483","8.692","413.5472238692332"
"6","0.5","true","true","false","true","560","9.004","538.5241515900676"
"1","0","true","true","false","true","499","6.58","1562.485416709568"
"7","0.6","true","true","false","true","466","9.372","453.77724918672493"
"5","0.4","true","true","false","true","607","8.724","675.5694871273664"
"9","0.8","true","true","false","true","593","8.984","359.26140713124545"
"4","0.3","true","true","false","true","551","8.512","812.4959274612745"
"2","0.1","true","true","false","true","539","7.868","1329.464689716682"
"6","0.5","true","true","false","true","561","9.004","538.5241515900677"
"8","0.7","true","true","false","true","484","8.692","413.5472238692333"
"3","0.2","true","true","false","true","407","8.616","1002.3181061478772"
"5","0.4","true","true","false","true","608","8.724","675.5694871273671"
"1","0","true","true","false","true","500","6.54","1560.1921399008413"
"9","0.8","true","true","false","true","594","8.984","359.2614071312455"
"7","0.6","true","true","false","true","467","9.372","453.7772491867251"
"4","0.3","true","true","false","true","552","8.512","812.4959274612745"
"6","0.5","true","true","false","true","562","9.004","538.5241515900682"
"2","0.1","true","true","false","true","540","7.868","1329.4646897166826"
"8","0.7","true","true","false","true","485","8.692","413.54722386923333"
"5","0.4","true","true","false","true","609","8.724","675.5694871273672"
"9","0.8","true","true","false","true","595","8.984","359.26140713124516"
"1","0","true","true","false","true","501","6.588","1561.6450315975005"
"4","0.3","true","true","false","true","553","8.512","812.4959274612743"
"3","0.2","true","true","false","true","408","8.616","1002.3181061478779"
"2","0.1","true","true","false","true","541","7.868","1329.4646897166822"
"7","0.6","true","true","false","true","468","9.372","453.7772491867251"
"6","0.5","true","true","false","true","563","9.004","538.5241515900676"
"5","0.4","true","true","false","true","610","8.724","675.5694871273666"
"9","0.8","true","true","false","true","596","8.984","359.2614071312456"
"8","0.7","true","true","false","true","486","8.692","413.5472238692332"
"4","0.3","true","true","false","true","554","8.512","812.495927461275"
"1","0","true","true","false","true","502","6.54","1562.0490603877065"
"2","0.1","true","true","false","true","542","7.868","1329.4646897166833"
"3","0.2","true","true","false","true","409","8.616","1002.3181061478776"
"6","0.5","true","true","false","true","564","9.004","538.5241515900682"
"5","0.4","true","true","false","true","611","8.724","675.5694871273671"
"7","0.6","true","true","false","true","469","9.372","453.7772491867252"
"9","0.8","true","true","false","true","597","8.984","359.26140713124545"
"4","0.3","true","true","false","true","555","8.512","812.4959274612742"
"8","0.7","true","true","false","true","487","8.692","413.547223869233"
"1","0","true","true","false","true","503","6.52","1562.3319536889148"
"2","0.1","true","true","false","true","543","7.868","1329.4646897166824"
"5","0.4","true","true","false","true","612","8.724","675.5694871273665"
"6","0.5","true","true","false","true","565","9.004","538.5241515900681"
"9","0.8","true","true","false","true","598","8.984","359.2614071312455"
"7","0.6","true","true","false","true","470","9.372","453.7772491867252"
"4","0.3","true","true","false","true","556","8.512","812.4959274612747"
"3","0.2","true","true","false","true","410","8.616","1002.3181061478772"
"8","0.7","true","true","false","true","488","8.692","413.54722386923333"
"5","0.4","true","true","false","true","613","8.724","675.5694871273671"
"2","0.1","true","true","false","true","544","7.868","1329.4646897166829"
"1","0","true","true","false","true","504","6.464","1560.8765025790608"
"6","0.5","true","true","false","true","566","9.004","538.5241515900684"
"9","0.8","true","true","false","true","599","8.984","359.2614071312457"
"4","0.3","true","true","false","true","557","8.512","812.495927461274"
"5","0.4","true","true","false","true","614","8.724","675.5694871273669"
"7","0.6","true","true","false","true","471","9.372","453.7772491867249"
"8","0.7","true","true","false","true","489","8.692","413.5472238692333"
"2","0.1","true","true","false","true","545","7.868","1329.464689716683"
"3","0.2","true","true","false","true","411","8.616","1002.3181061478772"
"6","0.5","true","true","false","true","567","9.004","538.5241515900682"
"9","0.8","true","true","false","true","600","8.984","359.26140713124556"
"1","0","true","true","false","true","505","6.512","1560.0137446731587"
"4","0.3","true","true","false","true","558","8.512","812.4959274612745"
"5","0.4","true","true","false","true","615","8.724","675.5694871273674"
"2","0.1","true","true","false","true","546","7.868","1329.4646897166824"
"8","0.7","true","true","false","true","490","8.692","413.54722386923345"
"7","0.6","true","true","false","true","472","9.372","453.77724918672493"
"9","0.8","true","true","false","true","601","8.984","359.2614071312458"
"3","0.2","true","true","false","true","412","8.616","1002.3181061478779"
"5","0.4","true","true","false","true","616","8.724","675.5694871273665"
"4","0.3","true","true","false","true","559","8.512","812.4959274612739"
"1","0","true","true","false","true","506","6.476","1559.5079418537068"
"6","0.5","true","true","false","true","568","9.004","538.5241515900681"
"2","0.1","true","true","false","true","547","7.868","1329.4646897166833"
"8","0.7","true","true","false","true","491","8.692","413.5472238692333"
"9","0.8","true","true","false","true","602","8.984","359.2614071312455"
"5","0.4","true","true","false","true","617","8.724","675.5694871273672"
"4","0.3","true","true","false","true","560","8.512","812.4959274612743"
"7","0.6","true","true","false","true","473","9.372","453.77724918672516"
"6","0.5","true","true","false","true","569","9.004","538.5241515900681"
"1","0","true","true","false","true","507","6.48","1559.6522860872942"
"3","0.2","true","true","false","true","413","8.616","1002.3181061478772"
"2","0.1","true","true","false","true","548","7.868","1329.4646897166829"
"9","0.8","true","true","false","true","603","8.984","359.2614071312454"
"5","0.4","true","true","false","true","618","8.724","675.5694871273669"
"8","0.7","true","true","false","true","492","8.692","413.5472238692333"
"4","0.3","true","true","false","true","561","8.512","812.4959274612742"
"1","0","true","true","false","true","508","6.484","1560.487884171626"
"6","0.5","true","true","false","true","570","9.004","538.524151590068"
"2","0.1","true","true","false","true","549","7.868","1329.464689716683"
"5","0.4","true","true","false","true","619","8.724","675.5694871273666"
"7","0.6","true","true","false","true","474","9.372","453.7772491867248"
"9","0.8","true","true","false","true","604","8.984","359.2614071312455"
"3","0.2","true","true","false","true","414","8.616","1002.3181061478764"
"4","0.3","true","true","false","true","562","8.512","812.4959274612742"
"8","0.7","true","true","false","true","493","8.692","413.54722386923305"
"1","0","true","true","false","true","509","6.476","1559.1943074935832"
"6","0.5","true","true","false","true","571","9.004","538.5241515900682"
"2","0.1","true","true","false","true","550","7.868","1329.464689716683"
"5","0.4","true","true","false","true","620","8.724","675.5694871273672"
"9","0.8","true","true","false","true","605","8.984","359.26140713124533"
"7","0.6","true","true","false","true","475","9.372","453.777249186725"
"4","0.3","true","true","false","true","563","8.512","812.4959274612742"
"8","0.7","true","true","false","true","494","8.692","413.5472238692331"
"3","0.2","true","true","false","true","415","8.616","1002.3181061478774"
"6","0.5","true","true","false","true","572","9.004","538.524151590068"
"5","0.4","true","true","false","true","621","8.724","675.5694871273665"
"1","0","true","true","false","true","510","6.492","1559.924777980726"
"2","0.1","true","true","false","true","551","7.868","1329.4646897166838"
"9","0.8","true","true","false","true","606","8.984","359.26140713124556"
"4","0.3","true","true","false","true","564","8.512","812.4959274612742"
"7","0.6","true","true","false","true","476","9.372","453.7772491867248"
"6","0.5","true","true","false","true","573","9.004","538.5241515900677"
"5","0.4","true","true","false","true","622","8.724","675.5694871273669"
"9","0.8","true","true","false","true","607","8.984","359.26140713124573"
"3","0.2","true","true","false","true","416","8.616","1002.3181061478774"
"8","0.7","true","true","false","true","495","8.692","413.5472238692331"
"2","0.1","true","true","false","true","552","7.868","1329.4646897166817"
"1","0","true","true","false","true","511","6.436","1560.1951928224514"
"4","0.3","true","true","false","true","565","8.512","812.4959274612739"
"5","0.4","true","true","false","true","623","8.724","675.5694871273669"
"6","0.5","true","true","false","true","574","9.004","538.5241515900681"
"7","0.6","true","true","false","true","477","9.372","453.77724918672544"
"9","0.8","true","true","false","true","608","8.984","359.26140713124573"
"2","0.1","true","true","false","true","553","7.868","1329.4646897166838"
"8","0.7","true","true","false","true","496","8.692","413.54722386923333"
"1","0","true","true","false","true","512","6.488","1560.4938203155514"
"4","0.3","true","true","false","true","566","8.512","812.4959274612739"
"5","0.4","true","true","false","true","624","8.724","675.5694871273666"
"3","0.2","true","true","false","true","417","8.616","1002.3181061478772"
"6","0.5","true","true","false","true","575","9.004","538.5241515900678"
"9","0.8","true","true","false","true","609","8.984","359.2614071312456"
"2","0.1","true","true","false","true","554","7.868","1329.464689716683"
"7","0.6","true","true","false","true","478","9.372","453.7772491867249"
"8","0.7","true","true","false","true","497","8.692","413.5472238692328"
"5","0.4","true","true","false","true","625","8.724","675.5694871273672"
"4","0.3","true","true","false","true","567","8.512","812.4959274612743"
"1","0","true","true","false","true","513","6.448","1559.3785615005584"
"6","0.5","true","true","false","true","576","9.004","538.5241515900678"
"9","0.8","true","true","false","true","610","8.984","359.26140713124545"
"2","0.1","true","true","false","true","555","7.868","1329.4646897166836"
"5","0.4","true","true","false","true","626","8.724","675.5694871273668"
"3","0.2","true","true","false","true","418","8.616","1002.3181061478783"
"8","0.7","true","true","false","true","498","8.692","413.5472238692333"
"7","0.6","true","true","false","true","479","9.372","453.7772491867249"
"1","0","true","true","false","true","514","6.456","1560.3342052886226"
"4","0.3","true","true","false","true","568","8.512","812.4959274612747"
"6","0.5","true","true","false","true","577","9.004","538.524151590068"
"9","0.8","true","true","false","true","611","8.984","359.2614071312457"
"5","0.4","true","true","false","true","627","8.724","675.5694871273665"
"2","0.1","true","true","false","true","556","7.868","1329.4646897166829"
"8","0.7","true","true","false","true","499","8.692","413.54722386923316"
"3","0.2","true","true","false","true","419","8.616","1002.3181061478776"
"9","0.8","true","true","false","true","612","8.984","359.2614071312454"
"6","0.5","true","true","false","true","578","9.004","538.5241515900681"
"7","0.6","true","true","false","true","480","9.372","453.7772491867251"
"5","0.4","true","true","false","true","628","8.724","675.5694871273668"
"4","0.3","true","true","false","true","569","8.512","812.4959274612743"
"1","0","true","true","false","true","515","6.468","1560.545606286385"
"2","0.1","true","true","false","true","557","7.868","1329.4646897166826"
"8","0.7","true","true","false","true","500","8.692","413.5472238692336"
"9","0.8","true","true","false","true","613","8.984","359.2614071312459"
"5","0.4","true","true","false","true","629","8.724","675.5694871273671"
"4","0.3","true","true","false","true","570","8.512","812.4959274612739"
"6","0.5","true","true","false","true","579","9.004","538.5241515900681"
"1","0","true","true","false","true","516","6.484","1559.3552868542452"
"3","0.2","true","true","false","true","420","8.616","1002.3181061478776"
"7","0.6","true","true","false","true","481","9.372","453.77724918672465"
"2","0.1","true","true","false","true","558","7.868","1329.4646897166826"
"5","0.4","true","true","false","true","630","8.724","675.5694871273665"
"9","0.8","true","true","false","true","614","8.984","359.2614071312455"
"8","0.7","true","true","false","true","501","8.692","413.54722386923316"
"4","0.3","true","true","false","true","571","8.512","812.4959274612746"
"1","0","true","true","false","true","517","6.484","1561.28563189723"
"6","0.5","true","true","false","true","580","9.004","538.5241515900677"
"7","0.6","true","true","false","true","482","9.372","453.7772491867248"
"5","0.4","true","true","false","true","631","8.724","675.5694871273669"
"3","0.2","true","true","false","true","421","8.616","1002.3181061478774"
"2","0.1","true","true","false","true","559","7.868","1329.4646897166826"
"9","0.8","true","true","false","true","615","8.984","359.2614071312457"
"8","0.7","true","true","false","true","502","8.692","413.5472238692332"
"6","0.5","true","true","false","true","581","9.004","538.524151590068"
"1","0","true","true","false","true","518","6.496","1562.250948394942"
"4","0.3","true","true","false","true","572","8.512","812.4959274612745"
"5","0.4","true","true","false","true","632","8.724","675.5694871273669"
"2","0.1","true","true","false","true","560","7.868","1329.4646897166826"
"9","0.8","true","true","false","true","616","8.984","359.2614071312456"
"7","0.6","true","true","false","true","483","9.372","453.77724918672516"
"3","0.2","true","true","false","true","422","8.616","1002.3181061478774"
"6","0.5","true","true","false","true","582","9.004","538.524151590068"
"4","0.3","true","true","false","true","573","8.512","812.4959274612746"
"1","0","true","true","false","true","519","6.508","1560.0312711839697"
"8","0.7","true","true","false","true","503","8.692","413.54722386923305"
"5","0.4","true","true","false","true","633","8.724","675.5694871273661"
"9","0.8","true","true","false","true","617","8.984","359.2614071312453"
"2","0.1","true","true","false","true","561","7.868","1329.4646897166836"
"7","0.6","true","true","false","true","484","9.372","453.7772491867251"
"3","0.2","true","true","false","true","423","8.616","1002.3181061478776"
"6","0.5","true","true","false","true","583","9.004","538.5241515900676"
"5","0.4","true","true","false","true","634","8.724","675.5694871273671"
"4","0.3","true","true","false","true","574","8.512","812.4959274612743"
"1","0","true","true","false","true","520","6.504","1556.9745166006394"
"8","0.7","true","true","false","true","504","8.692","413.54722386923305"
"9","0.8","true","true","false","true","618","8.984","359.26140713124545"
"2","0.1","true","true","false","true","562","7.868","1329.4646897166829"
"5","0.4","true","true","false","true","635","8.724","675.5694871273672"
"6","0.5","true","true","false","true","584","9.004","538.5241515900682"
"9","0.8","true","true","false","true","619","8.984","359.26140713124545"
"4","0.3","true","true","false","true","575","8.512","812.4959274612744"
"8","0.7","true","true","false","true","505","8.692","413.5472238692334"
"1","0","true","true","false","true","521","6.524","1556.5353742343616"
"3","0.2","true","true","false","true","424","8.616","1002.3181061478779"
"7","0.6","true","true","false","true","485","9.372","453.7772491867247"
"2","0.1","true","true","false","true","563","7.868","1329.464689716683"
"5","0.4","true","true","false","true","636","8.724","675.5694871273662"
"6","0.5","true","true","false","true","585","9.004","538.5241515900681"
"9","0.8","true","true","false","true","620","8.984","359.26140713124556"
"4","0.3","true","true","false","true","576","8.512","812.4959274612743"
"1","0","true","true","false","true","522","6.556","1555.1770208219352"
"8","0.7","true","true","false","true","506","8.692","413.54722386923305"
"5","0.4","true","true","false","true","637","8.724","675.5694871273669"
"2","0.1","true","true","false","true","564","7.868","1329.4646897166829"
"7","0.6","true","true","false","true","486","9.372","453.77724918672476"
"9","0.8","true","true","false","true","621","8.984","359.26140713124556"
"3","0.2","true","true","false","true","425","8.616","1002.3181061478776"
"4","0.3","true","true","false","true","577","8.512","812.4959274612742"
"6","0.5","true","true","false","true","586","9.004","538.5241515900684"
"5","0.4","true","true","false","true","638","8.724","675.5694871273666"
"1","0","true","true","false","true","523","6.528","1555.7377565265103"
"2","0.1","true","true","false","true","565","7.868","1329.464689716682"
"8","0.7","true","true","false","true","507","8.692","413.5472238692333"
"9","0.8","true","true","false","true","622","8.984","359.2614071312455"
"4","0.3","true","true","false","true","578","8.512","812.4959274612743"
"5","0.4","true","true","false","true","639","8.724","675.5694871273665"
"6","0.5","true","true","false","true","587","9.004","538.5241515900676"
"7","0.6","true","true","false","true","487","9.372","453.7772491867245"
"3","0.2","true","true","false","true","426","8.616","1002.3181061478779"
"1","0","true","true","false","true","524","6.56","1554.267999201508"
"2","0.1","true","true","false","true","566","7.868","1329.4646897166824"
"8","0.7","true","true","false","true","508","8.692","413.54722386923316"
"9","0.8","true","true","false","true","623","8.984","359.26140713124556"
"5","0.4","true","true","false","true","640","8.724","675.5694871273669"
"4","0.3","true","true","false","true","579","8.512","812.4959274612742"
"6","0.5","true","true","false","true","588","9.004","538.5241515900676"
"7","0.6","true","true","false","true","488","9.372","453.77724918672527"
"1","0","true","true","false","true","525","6.596","1553.9209256417519"
"2","0.1","true","true","false","true","567","7.868","1329.4646897166826"
"9","0.8","true","true","false","true","624","8.984","359.26140713124556"
"5","0.4","true","true","false","true","641","8.724","675.5694871273665"
"3","0.2","true","true","false","true","427","8.616","1002.3181061478776"
"8","0.7","true","true","false","true","509","8.692","413.5472238692332"
"4","0.3","true","true","false","true","580","8.512","812.4959274612747"
"6","0.5","true","true","false","true","589","9.004","538.524151590068"
"5","0.4","true","true","false","true","642","8.724","675.5694871273662"
"9","0.8","true","true","false","true","625","8.984","359.26140713124556"
"7","0.6","true","true","false","true","489","9.372","453.77724918672493"
"2","0.1","true","true","false","true","568","7.868","1329.4646897166826"
"1","0","true","true","false","true","526","6.536","1555.0971443408812"
"4","0.3","true","true","false","true","581","8.512","812.4959274612745"
"6","0.5","true","true","false","true","590","9.004","538.5241515900678"
"8","0.7","true","true","false","true","510","8.692","413.5472238692332"
"3","0.2","true","true","false","true","428","8.616","1002.3181061478779"
"5","0.4","true","true","false","true","643","8.724","675.5694871273668"
"9","0.8","true","true","false","true","626","8.984","359.2614071312455"
"2","0.1","true","true","false","true","569","7.868","1329.4646897166833"
"1","0","true","true","false","true","527","6.584","1552.494298292258"
"4","0.3","true","true","false","true","582","8.512","812.4959274612738"
"6","0.5","true","true","false","true","591","9.004","538.5241515900681"
"7","0.6","true","true","false","true","490","9.372","453.777249186725"
"8","0.7","true","true","false","true","511","8.692","413.54722386923345"
"5","0.4","true","true","false","true","644","8.724","675.5694871273664"
"9","0.8","true","true","false","true","627","8.984","359.2614071312456"
"3","0.2","true","true","false","true","429","8.616","1002.3181061478774"
"2","0.1","true","true","false","true","570","7.868","1329.4646897166829"
"4","0.3","true","true","false","true","583","8.512","812.4959274612739"
"1","0","true","true","false","true","528","6.588","1552.163480922041"
"6","0.5","true","true","false","true","592","9.004","538.524151590068"
"5","0.4","true","true","false","true","645","8.724","675.5694871273664"
"8","0.7","true","true","false","true","512","8.692","413.54722386923305"
"7","0.6","true","true","false","true","491","9.372","453.77724918672465"
"9","0.8","true","true","false","true","628","8.984","359.2614071312457"
"2","0.1","true","true","false","true","571","7.868","1329.4646897166829"
"4","0.3","true","true","false","true","584","8.512","812.4959274612736"
"3","0.2","true","true","false","true","430","8.616","1002.3181061478774"
"6","0.5","true","true","false","true","593","9.004","538.5241515900677"
"5","0.4","true","true","false","true","646","8.724","675.5694871273662"
"1","0","true","true","false","true","529","6.524","1553.9116489088653"
"9","0.8","true","true","false","true","629","8.984","359.2614071312456"
"8","0.7","true","true","false","true","513","8.692","413.547223869233"
"7","0.6","true","true","false","true","492","9.372","453.7772491867252"
"2","0.1","true","true","false","true","572","7.868","1329.4646897166829"
"4","0.3","true","true","false","true","585","8.512","812.4959274612738"
"6","0.5","true","true","false","true","594","9.004","538.524151590068"
"5","0.4","true","true","false","true","647","8.724","675.5694871273665"
"1","0","true","true","false","true","530","6.516","1553.211102036209"
"9","0.8","true","true","false","true","630","8.984","359.2614071312454"
"3","0.2","true","true","false","true","431","8.616","1002.3181061478779"
"8","0.7","true","true","false","true","514","8.692","413.54722386923345"
"5","0.4","true","true","false","true","648","8.724","675.5694871273665"
"7","0.6","true","true","false","true","493","9.372","453.7772491867249"
"2","0.1","true","true","false","true","573","7.868","1329.464689716682"
"4","0.3","true","true","false","true","586","8.512","812.4959274612745"
"6","0.5","true","true","false","true","595","9.004","538.5241515900678"
"9","0.8","true","true","false","true","631","8.984","359.2614071312455"
"1","0","true","true","false","true","531","6.52","1551.8671263208419"
"5","0.4","true","true","false","true","649","8.724","675.5694871273665"
"8","0.7","true","true","false","true","515","8.692","413.5472238692333"
"2","0.1","true","true","false","true","574","7.868","1329.4646897166824"
"4","0.3","true","true","false","true","587","8.512","812.4959274612751"
"3","0.2","true","true","false","true","432","8.616","1002.3181061478772"
"6","0.5","true","true","false","true","596","9.004","538.524151590068"
"7","0.6","true","true","false","true","494","9.372","453.77724918672476"
"9","0.8","true","true","false","true","632","8.984","359.26140713124533"
"5","0.4","true","true","false","true","650","8.724","675.5694871273666"
"1","0","true","true","false","true","532","6.544","1550.800423607651"
"4","0.3","true","true","false","true","588","8.512","812.4959274612743"
"2","0.1","true","true","false","true","575","7.868","1329.4646897166838"
"8","0.7","true","true","false","true","516","8.692","413.5472238692333"
"6","0.5","true","true","false","true","597","9.004","538.5241515900678"
"9","0.8","true","true","false","true","633","8.984","359.2614071312454"
"7","0.6","true","true","false","true","495","9.372","453.777249186725"
"3","0.2","true","true","false","true","433","8.616","1002.3181061478772"
"5","0.4","true","true","false","true","651","8.724","675.5694871273669"
"1","0","true","true","false","true","533","6.512","1548.3978617935718"
"4","0.3","true","true","false","true","589","8.512","812.4959274612744"
"2","0.1","true","true","false","true","576","7.868","1329.4646897166838"
"6","0.5","true","true","false","true","598","9.004","538.5241515900677"
"9","0.8","true","true","false","true","634","8.984","359.2614071312455"
"8","0.7","true","true","false","true","517","8.692","413.54722386923305"
"5","0.4","true","true","false","true","652","8.724","675.5694871273668"
"7","0.6","true","true","false","true","496","9.372","453.7772491867249"
"3","0.2","true","true","false","true","434","8.616","1002.3181061478779"
"1","0","true","true","false","true","534","6.528","1546.5882625081674"
"2","0.1","true","true","false","true","577","7.868","1329.464689716683"
"4","0.3","true","true","false","true","590","8.512","812.4959274612743"
"6","0.5","true","true","false","true","599","9.004","538.524151590068"
"9","0.8","true","true","false","true","635","8.984","359.2614071312452"
"5","0.4","true","true","false","true","653","8.724","675.569487127367"
"8","0.7","true","true","false","true","518","8.692","413.5472238692332"
"1","0","true","true","false","true","535","6.54","1548.0933745979903"
"2","0.1","true","true","false","true","578","7.868","1329.464689716683"
"7","0.6","true","true","false","true","497","9.372","453.7772491867249"
"6","0.5","true","true","false","true","600","9.004","538.5241515900681"
"4","0.3","true","true","false","true","591","8.512","812.4959274612751"
"5","0.4","true","true","false","true","654","8.724","675.5694871273669"
"9","0.8","true","true","false","true","636","8.984","359.26140713124556"
"3","0.2","true","true","false","true","435","8.616","1002.3181061478774"
"8","0.7","true","true","false","true","519","8.692","413.5472238692333"
"2","0.1","true","true","false","true","579","7.868","1329.4646897166829"
"5","0.4","true","true","false","true","655","8.724","675.5694871273669"
"1","0","true","true","false","true","536","6.528","1549.2459081040274"
"4","0.3","true","true","false","true","592","8.512","812.4959274612742"
"9","0.8","true","true","false","true","637","8.984","359.2614071312456"
"6","0.5","true","true","false","true","601","9.004","538.524151590068"
"7","0.6","true","true","false","true","498","9.372","453.77724918672476"
"3","0.2","true","true","false","true","436","8.616","1002.3181061478783"
"8","0.7","true","true","false","true","520","8.692","413.54722386923305"
"5","0.4","true","true","false","true","656","8.724","675.569487127367"
"2","0.1","true","true","false","true","580","7.868","1329.4646897166826"
"9","0.8","true","true","false","true","638","8.984","359.26140713124533"
"6","0.5","true","true","false","true","602","9.004","538.5241515900676"
"4","0.3","true","true","false","true","593","8.512","812.4959274612748"
"1","0","true","true","false","true","537","6.548","1546.5328737256332"
"7","0.6","true","true","false","true","499","9.372","453.77724918672476"
"5","0.4","true","true","false","true","657","8.724","675.5694871273668"
"8","0.7","true","true","false","true","521","8.692","413.5472238692332"
"2","0.1","true","true","false","true","581","7.868","1329.4646897166836"
"9","0.8","true","true","false","true","639","8.984","359.26140713124556"
"6","0.5","true","true","false","true","603","9.004","538.524151590068"
"3","0.2","true","true","false","true","437","8.616","1002.3181061478772"
"4","0.3","true","true","false","true","594","8.512","812.4959274612742"
"1","0","true","true","false","true","538","6.52","1546.5334199877527"
"5","0.4","true","true","false","true","658","8.724","675.5694871273668"
"7","0.6","true","true","false","true","500","9.372","453.77724918672453"
"2","0.1","true","true","false","true","582","7.868","1329.4646897166833"
"6","0.5","true","true","false","true","604","9.004","538.5241515900678"
"9","0.8","true","true","false","true","640","8.984","359.26140713124556"
"4","0.3","true","true","false","true","595","8.512","812.4959274612745"
"8","0.7","true","true","false","true","522","8.692","413.5472238692333"
"1","0","true","true","false","true","539","6.532","1545.3845746727538"
"3","0.2","true","true","false","true","438","8.616","1002.3181061478771"
"5","0.4","true","true","false","true","659","8.724","675.5694871273666"
"6","0.5","true","true","false","true","605","9.004","538.5241515900682"
"9","0.8","true","true","false","true","641","8.984","359.26140713124556"
"2","0.1","true","true","false","true","583","7.868","1329.4646897166829"
"7","0.6","true","true","false","true","501","9.372","453.7772491867252"
"4","0.3","true","true","false","true","596","8.512","812.4959274612742"
"5","0.4","true","true","false","true","660","8.724","675.5694871273669"
"8","0.7","true","true","false","true","523","8.692","413.54722386923333"
"1","0","true","true","false","true","540","6.536","1545.1929954517"
"6","0.5","true","true","false","true","606","9.004","538.524151590068"
"9","0.8","true","true","false","true","642","8.984","359.26140713124585"
"3","0.2","true","true","false","true","439","8.616","1002.3181061478774"
"2","0.1","true","true","false","true","584","7.868","1329.4646897166824"
"7","0.6","true","true","false","true","502","9.372","453.77724918672516"
"4","0.3","true","true","false","true","597","8.512","812.4959274612743"
"5","0.4","true","true","false","true","661","8.724","675.569487127367"
"8","0.7","true","true","false","true","524","8.692","413.547223869233"
"6","0.5","true","true","false","true","607","9.004","538.524151590068"
"9","0.8","true","true","false","true","643","8.984","359.2614071312457"
"1","0","true","true","false","true","541","6.528","1543.4011100463943"
"2","0.1","true","true","false","true","585","7.868","1329.4646897166824"
"4","0.3","true","true","false","true","598","8.512","812.4959274612742"
"5","0.4","true","true","false","true","662","8.724","675.5694871273665"
"3","0.2","true","true","false","true","440","8.616","1002.3181061478772"
"7","0.6","true","true","false","true","503","9.372","453.7772491867249"
"8","0.7","true","true","false","true","525","8.692","413.54722386923316"
"9","0.8","true","true","false","true","644","8.984","359.2614071312456"
"6","0.5","true","true","false","true","608","9.004","538.5241515900681"
"1","0","true","true","false","true","542","6.488","1544.4293553105522"
"5","0.4","true","true","false","true","663","8.724","675.5694871273669"
"4","0.3","true","true","false","true","599","8.512","812.4959274612747"
"2","0.1","true","true","false","true","586","7.868","1329.4646897166824"
"3","0.2","true","true","false","true","441","8.616","1002.3181061478776"
"9","0.8","true","true","false","true","645","8.984","359.26140713124573"
"1","0","true","true","false","true","543","6.52","1545.6904221201246"
"7","0.6","true","true","false","true","504","9.372","453.7772491867245"
"8","0.7","true","true","false","true","526","8.692","413.5472238692332"
"5","0.4","true","true","false","true","664","8.724","675.5694871273668"
"6","0.5","true","true","false","true","609","9.004","538.524151590068"
"4","0.3","true","true","false","true","600","8.512","812.4959274612752"
"2","0.1","true","true","false","true","587","7.868","1329.4646897166833"
"1","0","true","true","false","true","544","6.508","1544.4393725171917"
"9","0.8","true","true","false","true","646","8.984","359.2614071312454"
"5","0.4","true","true","false","true","665","8.724","675.5694871273666"
"6","0.5","true","true","false","true","610","9.004","538.524151590068"
"8","0.7","true","true","false","true","527","8.692","413.54722386923305"
"2","0.1","true","true","false","true","588","7.868","1329.4646897166824"
"4","0.3","true","true","false","true","601","8.512","812.4959274612743"
"7","0.6","true","true","false","true","505","9.372","453.7772491867248"
"3","0.2","true","true","false","true","442","8.616","1002.3181061478774"
"9","0.8","true","true","false","true","647","8.984","359.2614071312454"
"5","0.4","true","true","false","true","666","8.724","675.5694871273668"
"6","0.5","true","true","false","true","611","9.004","538.524151590068"
"1","0","true","true","false","true","545","6.496","1542.9404851457386"
"2","0.1","true","true","false","true","589","7.868","1329.4646897166829"
"4","0.3","true","true","false","true","602","8.512","812.495927461275"
"8","0.7","true","true","false","true","528","8.692","413.5472238692329"
"7","0.6","true","true","false","true","506","9.372","453.777249186725"
"6","0.5","true","true","false","true","612","9.004","538.524151590068"
"5","0.4","true","true","false","true","667","8.724","675.5694871273666"
"9","0.8","true","true","false","true","648","8.984","359.2614071312457"
"3","0.2","true","true","false","true","443","8.616","1002.3181061478774"
"2","0.1","true","true","false","true","590","7.868","1329.464689716682"
"1","0","true","true","false","true","546","6.488","1543.7594124526804"
"4","0.3","true","true","false","true","603","8.512","812.4959274612745"
"8","0.7","true","true","false","true","529","8.692","413.54722386923305"
"5","0.4","true","true","false","true","668","8.724","675.5694871273662"
"6","0.5","true","true","false","true","613","9.004","538.524151590068"
"9","0.8","true","true","false","true","649","8.984","359.26140713124556"
"7","0.6","true","true","false","true","507","9.372","453.77724918672516"
"1","0","true","true","false","true","547","6.5","1543.9268352120234"
"2","0.1","true","true","false","true","591","7.868","1329.464689716682"
"4","0.3","true","true","false","true","604","8.512","812.4959274612743"
"3","0.2","true","true","false","true","444","8.616","1002.3181061478771"
"5","0.4","true","true","false","true","669","8.724","675.5694871273668"
"6","0.5","true","true","false","true","614","9.004","538.524151590068"
"8","0.7","true","true","false","true","530","8.692","413.54722386923345"
"9","0.8","true","true","false","true","650","8.984","359.2614071312458"
"2","0.1","true","true","false","true","592","7.868","1329.464689716682"
"7","0.6","true","true","false","true","508","9.372","453.777249186725"
"1","0","true","true","false","true","548","6.516","1544.6019795109628"
"4","0.3","true","true","false","true","605","8.512","812.4959274612742"
"5","0.4","true","true","false","true","670","8.724","675.5694871273666"
"6","0.5","true","true","false","true","615","9.004","538.5241515900676"
"3","0.2","true","true","false","true","445","8.616","1002.3181061478776"
"9","0.8","true","true","false","true","651","8.984","359.26140713124545"
"8","0.7","true","true","false","true","531","8.692","413.5472238692333"
"2","0.1","true","true","false","true","593","7.868","1329.4646897166824"
"1","0","true","true","false","true","549","6.52","1543.2281231148147"
"4","0.3","true","true","false","true","606","8.512","812.4959274612745"
"7","0.6","true","true","false","true","509","9.372","453.77724918672527"
"5","0.4","true","true","false","true","671","8.724","675.5694871273665"
"6","0.5","true","true","false","true","616","9.004","538.5241515900676"
"9","0.8","true","true","false","true","652","8.984","359.26140713124573"
"8","0.7","true","true","false","true","532","8.692","413.54722386923305"
"2","0.1","true","true","false","true","594","7.868","1329.4646897166824"
"1","0","true","true","false","true","550","6.52","1543.936705821512"
"3","0.2","true","true","false","true","446","8.616","1002.3181061478774"
"4","0.3","true","true","false","true","607","8.512","812.4959274612747"
"5","0.4","true","true","false","true","672","8.724","675.5694871273672"
"6","0.5","true","true","false","true","617","9.004","538.5241515900681"
"7","0.6","true","true","false","true","510","9.372","453.777249186725"
"9","0.8","true","true","false","true","653","8.984","359.2614071312454"
"2","0.1","true","true","false","true","595","7.868","1329.4646897166824"
"8","0.7","true","true","false","true","533","8.692","413.54722386923316"
"1","0","true","true","false","true","551","6.564","1544.1580800322477"
"5","0.4","true","true","false","true","673","8.724","675.5694871273662"
"4","0.3","true","true","false","true","608","8.512","812.4959274612748"
"6","0.5","true","true","false","true","618","9.004","538.5241515900681"
"3","0.2","true","true","false","true","447","8.616","1002.3181061478776"
"9","0.8","true","true","false","true","654","8.984","359.2614071312454"
"7","0.6","true","true","false","true","511","9.372","453.77724918672516"
"2","0.1","true","true","false","true","596","7.868","1329.4646897166829"
"5","0.4","true","true","false","true","674","8.724","675.5694871273665"
"8","0.7","true","true","false","true","534","8.692","413.54722386923316"
"1","0","true","true","false","true","552","6.544","1541.7756716958631"
"4","0.3","true","true","false","true","609","8.512","812.4959274612743"
"6","0.5","true","true","false","true","619","9.004","538.524151590068"
"9","0.8","true","true","false","true","655","8.984","359.26140713124533"
"7","0.6","true","true","false","true","512","9.372","453.777249186725"
"3","0.2","true","true","false","true","448","8.616","1002.3181061478771"
"2","0.1","true","true","false","true","597","7.868","1329.464689716682"
"1","0","true","true","false","true","553","6.528","1542.3829491213012"
"5","0.4","true","true","false","true","675","8.724","675.5694871273668"
"6","0.5","true","true","false","true","620","9.004","538.5241515900681"
"4","0.3","true","true","false","true","610","8.512","812.4959274612742"
"8","0.7","true","true","false","true","535","8.692","413.5472238692332"
"9","0.8","true","true","false","true","656","8.984","359.2614071312454"
"7","0.6","true","true","false","true","513","9.372","453.77724918672516"
"5","0.4","true","true","false","true","676","8.724","675.5694871273669"
"6","0.5","true","true","false","true","621","9.004","538.5241515900682"
"2","0.1","true","true","false","true","598","7.868","1329.464689716683"
"3","0.2","true","true","false","true","449","8.616","1002.3181061478771"
"4","0.3","true","true","false","true","611","8.512","812.4959274612751"
"1","0","true","true","false","true","554","6.496","1544.5624321304297"
"9","0.8","true","true","false","true","657","8.984","359.2614071312454"
"8","0.7","true","true","false","true","536","8.692","413.5472238692332"
"5","0.4","true","true","false","true","677","8.724","675.569487127367"
"6","0.5","true","true","false","true","622","9.004","538.5241515900677"
"9","0.8","true","true","false","true","658","8.984","359.26140713124573"
"2","0.1","true","true","false","true","599","7.868","1329.4646897166824"
"7","0.6","true","true","false","true","514","9.372","453.777249186725"
"4","0.3","true","true","false","true","612","8.512","812.4959274612743"
"3","0.2","true","true","false","true","450","8.616","1002.3181061478772"
"5","0.4","true","true","false","true","678","8.724","675.5694871273672"
"6","0.5","true","true","false","true","623","9.004","538.524151590068"
"1","0","true","true","false","true","555","6.496","1543.351232028745"
"8","0.7","true","true","false","true","537","8.692","413.5472238692332"
"9","0.8","true","true","false","true","659","8.984","359.26140713124556"
"2","0.1","true","true","false","true","600","7.868","1329.4646897166829"
"4","0.3","true","true","false","true","613","8.512","812.495927461275"
"7","0.6","true","true","false","true","515","9.372","453.77724918672527"
"1","0","true","true","false","true","556","6.508","1542.7293208705873"
"5","0.4","true","true","false","true","679","8.724","675.5694871273666"
"6","0.5","true","true","false","true","624","9.004","538.5241515900676"
"9","0.8","true","true","false","true","660","8.984","359.26140713124545"
"8","0.7","true","true","false","true","538","8.692","413.547223869233"
"2","0.1","true","true","false","true","601","7.868","1329.4646897166829"
"4","0.3","true","true","false","true","614","8.512","812.4959274612744"
"3","0.2","true","true","false","true","451","8.616","1002.3181061478771"
"5","0.4","true","true","false","true","680","8.724","675.5694871273669"
"6","0.5","true","true","false","true","625","9.004","538.5241515900681"
"9","0.8","true","true","false","true","661","8.984","359.2614071312455"
"1","0","true","true","false","true","557","6.52","1544.0399937693714"
"7","0.6","true","true","false","true","516","9.372","453.7772491867246"
"8","0.7","true","true","false","true","539","8.692","413.54722386923305"
"2","0.1","true","true","false","true","602","7.868","1329.4646897166824"
"4","0.3","true","true","false","true","615","8.512","812.4959274612742"
"5","0.4","true","true","false","true","681","8.724","675.5694871273668"
"3","0.2","true","true","false","true","452","8.616","1002.3181061478774"
"6","0.5","true","true","false","true","626","9.004","538.5241515900678"
"1","0","true","true","false","true","558","6.476","1544.8260720158057"
"7","0.6","true","true","false","true","517","9.372","453.7772491867248"
"9","0.8","true","true","false","true","662","8.984","359.2614071312454"
"8","0.7","true","true","false","true","540","8.692","413.5472238692332"
"2","0.1","true","true","false","true","603","7.868","1329.4646897166824"
"5","0.4","true","true","false","true","682","8.724","675.5694871273672"
"4","0.3","true","true","false","true","616","8.512","812.4959274612752"
"1","0","true","true","false","true","559","6.484","1547.4136232109054"
"6","0.5","true","true","false","true","627","9.004","538.5241515900673"
"9","0.8","true","true","false","true","663","8.984","359.2614071312452"
"3","0.2","true","true","false","true","453","8.616","1002.3181061478772"
"8","0.7","true","true","false","true","541","8.692","413.54722386923356"
"7","0.6","true","true","false","true","518","9.372","453.77724918672493"
"2","0.1","true","true","false","true","604","7.868","1329.4646897166817"
"1","0","true","true","false","true","560","6.476","1546.7316970002762"
"4","0.3","true","true","false","true","617","8.512","812.4959274612746"
"5","0.4","true","true","false","true","683","8.724","675.5694871273668"
"6","0.5","true","true","false","true","628","9.004","538.5241515900676"
"9","0.8","true","true","false","true","664","8.984","359.2614071312455"
"3","0.2","true","true","false","true","454","8.616","1002.3181061478774"
"8","0.7","true","true","false","true","542","8.692","413.5472238692328"
"1","0","true","true","false","true","561","6.46","1546.3550177132568"
"5","0.4","true","true","false","true","684","8.724","675.5694871273666"
"4","0.3","true","true","false","true","618","8.512","812.4959274612746"
"7","0.6","true","true","false","true","519","9.372","453.7772491867248"
"2","0.1","true","true","false","true","605","7.868","1329.4646897166829"
"6","0.5","true","true","false","true","629","9.004","538.5241515900674"
"9","0.8","true","true","false","true","665","8.984","359.2614071312455"
"1","0","true","true","false","true","562","6.464","1546.0898514599405"
"3","0.2","true","true","false","true","455","8.616","1002.3181061478776"
"5","0.4","true","true","false","true","685","8.724","675.5694871273663"
"6","0.5","true","true","false","true","630","9.004","538.5241515900681"
"2","0.1","true","true","false","true","606","7.868","1329.464689716683"
"8","0.7","true","true","false","true","543","8.692","413.5472238692334"
"4","0.3","true","true","false","true","619","8.512","812.4959274612754"
"9","0.8","true","true","false","true","666","8.984","359.26140713124545"
"7","0.6","true","true","false","true","520","9.372","453.7772491867251"
"1","0","true","true","false","true","563","6.504","1544.6026092430757"
"5","0.4","true","true","false","true","686","8.724","675.5694871273663"
"6","0.5","true","true","false","true","631","9.004","538.524151590068"
"4","0.3","true","true","false","true","620","8.512","812.4959274612742"
"9","0.8","true","true","false","true","667","8.984","359.2614071312454"
"2","0.1","true","true","false","true","607","7.868","1329.4646897166826"
"8","0.7","true","true","false","true","544","8.692","413.5472238692332"
"3","0.2","true","true","false","true","456","8.616","1002.3181061478771"
"1","0","true","true","false","true","564","6.524","1544.4126688671724"
"7","0.6","true","true","false","true","521","9.372","453.7772491867247"
"9","0.8","true","true","false","true","668","8.984","359.26140713124556"
"4","0.3","true","true","false","true","621","8.512","812.4959274612746"
"5","0.4","true","true","false","true","687","8.724","675.5694871273666"
"6","0.5","true","true","false","true","632","9.004","538.5241515900676"
"2","0.1","true","true","false","true","608","7.868","1329.4646897166833"
"9","0.8","true","true","false","true","669","8.984","359.2614071312454"
"8","0.7","true","true","false","true","545","8.692","413.54722386923316"
"1","0","true","true","false","true","565","6.516","1543.3834595546007"
"3","0.2","true","true","false","true","457","8.616","1002.3181061478774"
"4","0.3","true","true","false","true","622","8.512","812.4959274612746"
"5","0.4","true","true","false","true","688","8.724","675.5694871273664"
"6","0.5","true","true","false","true","633","9.004","538.5241515900681"
"7","0.6","true","true","false","true","522","9.372","453.7772491867249"
"2","0.1","true","true","false","true","609","7.868","1329.464689716683"
"9","0.8","true","true","false","true","670","8.984","359.2614071312454"
"8","0.7","true","true","false","true","546","8.692","413.5472238692332"
"3","0.2","true","true","false","true","458","8.616","1002.3181061478772"
"4","0.3","true","true","false","true","623","8.512","812.495927461275"
"1","0","true","true","false","true","566","6.532","1543.234370967071"
"5","0.4","true","true","false","true","689","8.724","675.5694871273669"
"6","0.5","true","true","false","true","634","9.004","538.5241515900682"
"7","0.6","true","true","false","true","523","9.372","453.777249186725"
"9","0.8","true","true","false","true","671","8.984","359.26140713124556"
"2","0.1","true","true","false","true","610","7.868","1329.464689716682"
"4","0.3","true","true","false","true","624","8.512","812.4959274612746"
"1","0","true","true","false","true","567","6.516","1541.4372853270763"
"5","0.4","true","true","false","true","690","8.724","675.5694871273669"
"8","0.7","true","true","false","true","547","8.692","413.54722386923333"
"6","0.5","true","true","false","true","635","9.004","538.5241515900681"
"9","0.8","true","true","false","true","672","8.984","359.26140713124533"
"7","0.6","true","true","false","true","524","9.372","453.7772491867252"
"3","0.2","true","true","false","true","459","8.616","1002.3181061478771"
"2","0.1","true","true","false","true","611","7.868","1329.4646897166824"
"1","0","true","true","false","true","568","6.528","1540.0543158431929"
"5","0.4","true","true","false","true","691","8.724","675.5694871273672"
"4","0.3","true","true","false","true","625","8.512","812.495927461275"
"6","0.5","true","true","false","true","636","9.004","538.5241515900683"
"9","0.8","true","true","false","true","673","8.984","359.2614071312453"
"7","0.6","true","true","false","true","525","9.372","453.7772491867248"
"8","0.7","true","true","false","true","548","8.692","413.54722386923373"
"2","0.1","true","true","false","true","612","7.868","1329.464689716683"
"3","0.2","true","true","false","true","460","8.616","1002.3181061478772"
"5","0.4","true","true","false","true","692","8.724","675.5694871273666"
"1","0","true","true","false","true","569","6.504","1540.3071198032642"
"4","0.3","true","true","false","true","626","8.512","812.4959274612744"
"9","0.8","true","true","false","true","674","8.984","359.2614071312454"
"6","0.5","true","true","false","true","637","9.004","538.5241515900677"
"7","0.6","true","true","false","true","526","9.372","453.77724918672465"
"5","0.4","true","true","false","true","693","8.724","675.5694871273669"
"2","0.1","true","true","false","true","613","7.868","1329.4646897166824"
"8","0.7","true","true","false","true","549","8.692","413.5472238692333"
"1","0","true","true","false","true","570","6.544","1540.7009718126474"
"9","0.8","true","true","false","true","675","8.984","359.26140713124545"
"4","0.3","true","true","false","true","627","8.512","812.4959274612739"
"3","0.2","true","true","false","true","461","8.616","1002.3181061478774"
"6","0.5","true","true","false","true","638","9.004","538.524151590068"
"5","0.4","true","true","false","true","694","8.724","675.5694871273666"
"2","0.1","true","true","false","true","614","7.868","1329.4646897166833"
"7","0.6","true","true","false","true","527","9.372","453.7772491867248"
"4","0.3","true","true","false","true","628","8.512","812.4959274612744"
"1","0","true","true","false","true","571","6.54","1542.3177450478413"
"6","0.5","true","true","false","true","639","9.004","538.5241515900677"
"8","0.7","true","true","false","true","550","8.692","413.54722386923316"
"9","0.8","true","true","false","true","676","8.984","359.26140713124556"
"3","0.2","true","true","false","true","462","8.616","1002.3181061478766"
"5","0.4","true","true","false","true","695","8.724","675.5694871273664"
"2","0.1","true","true","false","true","615","7.868","1329.4646897166833"
"4","0.3","true","true","false","true","629","8.512","812.4959274612742"
"1","0","true","true","false","true","572","6.512","1540.8867987066635"
"7","0.6","true","true","false","true","528","9.372","453.7772491867247"
"8","0.7","true","true","false","true","551","8.692","413.54722386923305"
"9","0.8","true","true","false","true","677","8.984","359.2614071312454"
"6","0.5","true","true","false","true","640","9.004","538.5241515900682"
"5","0.4","true","true","false","true","696","8.724","675.5694871273672"
"3","0.2","true","true","false","true","463","8.616","1002.3181061478774"
"2","0.1","true","true","false","true","616","7.868","1329.4646897166833"
"4","0.3","true","true","false","true","630","8.512","812.4959274612746"
"9","0.8","true","true","false","true","678","8.984","359.26140713124556"
"6","0.5","true","true","false","true","641","9.004","538.5241515900682"
"1","0","true","true","false","true","573","6.54","1539.6991988400132"
"5","0.4","true","true","false","true","697","8.724","675.5694871273666"
"8","0.7","true","true","false","true","552","8.692","413.5472238692334"
"7","0.6","true","true","false","true","529","9.372","453.77724918672476"
"2","0.1","true","true","false","true","617","7.868","1329.4646897166822"
"3","0.2","true","true","false","true","464","8.616","1002.3181061478768"
"9","0.8","true","true","false","true","679","8.984","359.26140713124545"
"6","0.5","true","true","false","true","642","9.004","538.5241515900677"
"4","0.3","true","true","false","true","631","8.512","812.4959274612751"
"5","0.4","true","true","false","true","698","8.724","675.5694871273668"
"1","0","true","true","false","true","574","6.544","1539.1025889774098"
"8","0.7","true","true","false","true","553","8.692","413.54722386923305"
"2","0.1","true","true","false","true","618","7.868","1329.4646897166829"
"7","0.6","true","true","false","true","530","9.372","453.77724918672516"
"9","0.8","true","true","false","true","680","8.984","359.26140713124533"
"6","0.5","true","true","false","true","643","9.004","538.5241515900677"
"3","0.2","true","true","false","true","465","8.616","1002.3181061478774"
"4","0.3","true","true","false","true","632","8.512","812.4959274612742"
"8","0.7","true","true","false","true","554","8.692","413.54722386923294"
"1","0","true","true","false","true","575","6.532","1538.6622343107178"
"5","0.4","true","true","false","true","699","8.724","675.5694871273665"
"2","0.1","true","true","false","true","619","7.868","1329.4646897166824"
"9","0.8","true","true","false","true","681","8.984","359.2614071312457"
"6","0.5","true","true","false","true","644","9.004","538.5241515900676"
"4","0.3","true","true","false","true","633","8.512","812.4959274612744"
"1","0","true","true","false","true","576","6.54","1537.2829173035161"
"5","0.4","true","true","false","true","700","8.724","675.5694871273669"
"2","0.1","true","true","false","true","620","7.868","1329.4646897166833"
"7","0.6","true","true","false","true","531","9.372","453.77724918672476"
"3","0.2","true","true","false","true","466","8.616","1002.3181061478774"
"8","0.7","true","true","false","true","555","8.692","413.5472238692333"
"9","0.8","true","true","false","true","682","8.984","359.2614071312453"
"6","0.5","true","true","false","true","645","9.004","538.524151590068"
"4","0.3","true","true","false","true","634","8.512","812.4959274612739"
"1","0","true","true","false","true","577","6.564","1537.5189372815669"
"5","0.4","true","true","false","true","701","8.724","675.5694871273669"
"2","0.1","true","true","false","true","621","7.868","1329.4646897166824"
"6","0.5","true","true","false","true","646","9.004","538.5241515900681"
"9","0.8","true","true","false","true","683","8.984","359.2614071312453"
"4","0.3","true","true","false","true","635","8.512","812.4959274612742"
"3","0.2","true","true","false","true","467","8.616","1002.3181061478772"
"7","0.6","true","true","false","true","532","9.372","453.7772491867247"
"8","0.7","true","true","false","true","556","8.692","413.5472238692335"
"5","0.4","true","true","false","true","702","8.724","675.5694871273669"
"1","0","true","true","false","true","578","6.608","1537.5747016430892"
"2","0.1","true","true","false","true","622","7.868","1329.4646897166836"
"6","0.5","true","true","false","true","647","9.004","538.5241515900678"
"8","0.7","true","true","false","true","557","8.692","413.54722386923356"
"4","0.3","true","true","false","true","636","8.512","812.495927461274"
"9","0.8","true","true","false","true","684","8.984","359.2614071312454"
"3","0.2","true","true","false","true","468","8.616","1002.3181061478776"
"2","0.1","true","true","false","true","623","7.868","1329.4646897166833"
"5","0.4","true","true","false","true","703","8.724","675.5694871273663"
"6","0.5","true","true","false","true","648","9.004","538.5241515900681"
"7","0.6","true","true","false","true","533","9.372","453.77724918672527"
"8","0.7","true","true","false","true","558","8.692","413.54722386923305"
"1","0","true","true","false","true","579","6.608","1537.3619147160628"
"4","0.3","true","true","false","true","637","8.512","812.4959274612751"
"2","0.1","true","true","false","true","624","7.868","1329.4646897166824"
"5","0.4","true","true","false","true","704","8.724","675.5694871273666"
"9","0.8","true","true","false","true","685","8.984","359.2614071312455"
"3","0.2","true","true","false","true","469","8.616","1002.3181061478774"
"6","0.5","true","true","false","true","649","9.004","538.5241515900678"
"1","0","true","true","false","true","580","6.612","1538.8155036847195"
"8","0.7","true","true","false","true","559","8.692","413.547223869233"
"5","0.4","true","true","false","true","705","8.724","675.5694871273673"
"4","0.3","true","true","false","true","638","8.512","812.4959274612744"
"9","0.8","true","true","false","true","686","8.984","359.26140713124556"
"2","0.1","true","true","false","true","625","7.868","1329.4646897166829"
"7","0.6","true","true","false","true","534","9.372","453.7772491867249"
"6","0.5","true","true","false","true","650","9.004","538.524151590068"
"5","0.4","true","true","false","true","706","8.724","675.5694871273669"
"3","0.2","true","true","false","true","470","8.616","1002.3181061478768"
"4","0.3","true","true","false","true","639","8.512","812.4959274612744"
"1","0","true","true","false","true","581","6.588","1540.1328876760554"
"9","0.8","true","true","false","true","687","8.984","359.26140713124556"
"2","0.1","true","true","false","true","626","7.868","1329.4646897166824"
"8","0.7","true","true","false","true","560","8.692","413.54722386923333"
"5","0.4","true","true","false","true","707","8.724","675.5694871273665"
"1","0","true","true","false","true","582","6.608","1540.054543200322"
"7","0.6","true","true","false","true","535","9.372","453.777249186725"
"6","0.5","true","true","false","true","651","9.004","538.5241515900675"
"4","0.3","true","true","false","true","640","8.512","812.4959274612742"
"9","0.8","true","true","false","true","688","8.984","359.26140713124556"
"3","0.2","true","true","false","true","471","8.616","1002.3181061478779"
"2","0.1","true","true","false","true","627","7.868","1329.4646897166826"
"8","0.7","true","true","false","true","561","8.692","413.547223869233"
"5","0.4","true","true","false","true","708","8.724","675.5694871273669"
"1","0","true","true","false","true","583","6.6","1540.4571216032834"
"4","0.3","true","true","false","true","641","8.512","812.4959274612746"
"9","0.8","true","true","false","true","689","8.984","359.26140713124556"
"6","0.5","true","true","false","true","652","9.004","538.5241515900682"
"7","0.6","true","true","false","true","536","9.372","453.7772491867248"
"2","0.1","true","true","false","true","628","7.868","1329.4646897166824"
"3","0.2","true","true","false","true","472","8.616","1002.3181061478772"
"1","0","true","true","false","true","584","6.612","1542.0548809923864"
"5","0.4","true","true","false","true","709","8.724","675.5694871273671"
"8","0.7","true","true","false","true","562","8.692","413.5472238692332"
"4","0.3","true","true","false","true","642","8.512","812.4959274612738"
"9","0.8","true","true","false","true","690","8.984","359.2614071312453"
"6","0.5","true","true","false","true","653","9.004","538.524151590068"
"1","0","true","true","false","true","585","6.556","1542.8177012176716"
"9","0.8","true","true","false","true","691","8.984","359.2614071312455"
"2","0.1","true","true","false","true","629","7.868","1329.464689716682"
"5","0.4","true","true","false","true","710","8.724","675.5694871273673"
"7","0.6","true","true","false","true","537","9.372","453.7772491867248"
"6","0.5","true","true","false","true","654","9.004","538.5241515900676"
"4","0.3","true","true","false","true","643","8.512","812.4959274612738"
"3","0.2","true","true","false","true","473","8.616","1002.3181061478768"
"8","0.7","true","true","false","true","563","8.692","413.54722386923333"
"9","0.8","true","true","false","true","692","8.984","359.2614071312452"
"2","0.1","true","true","false","true","630","7.868","1329.4646897166824"
"5","0.4","true","true","false","true","711","8.724","675.5694871273672"
"6","0.5","true","true","false","true","655","9.004","538.5241515900681"
"7","0.6","true","true","false","true","538","9.372","453.77724918672493"
"1","0","true","true","false","true","586","6.612","1541.0624497770862"
"4","0.3","true","true","false","true","644","8.512","812.4959274612743"
"8","0.7","true","true","false","true","564","8.692","413.54722386923333"
"5","0.4","true","true","false","true","712","8.724","675.5694871273666"
"2","0.1","true","true","false","true","631","7.868","1329.4646897166822"
"3","0.2","true","true","false","true","474","8.616","1002.3181061478783"
"9","0.8","true","true","false","true","693","8.984","359.2614071312454"
"6","0.5","true","true","false","true","656","9.004","538.524151590068"
"1","0","true","true","false","true","587","6.624","1540.7471724158318"
"4","0.3","true","true","false","true","645","8.512","812.4959274612744"
"8","0.7","true","true","false","true","565","8.692","413.54722386923316"
"5","0.4","true","true","false","true","713","8.724","675.5694871273669"
"9","0.8","true","true","false","true","694","8.984","359.2614071312452"
"7","0.6","true","true","false","true","539","9.372","453.77724918672493"
"2","0.1","true","true","false","true","632","7.868","1329.4646897166836"
"6","0.5","true","true","false","true","657","9.004","538.5241515900681"
"1","0","true","true","false","true","588","6.628","1541.6293511592414"
"4","0.3","true","true","false","true","646","8.512","812.4959274612745"
"3","0.2","true","true","false","true","475","8.616","1002.3181061478776"
"9","0.8","true","true","false","true","695","8.984","359.26140713124573"
"8","0.7","true","true","false","true","566","8.692","413.547223869233"
"5","0.4","true","true","false","true","714","8.724","675.5694871273665"
"2","0.1","true","true","false","true","633","7.868","1329.4646897166829"
"1","0","true","true","false","true","589","6.58","1542.3548493141086"
"7","0.6","true","true","false","true","540","9.372","453.7772491867252"
"4","0.3","true","true","false","true","647","8.512","812.4959274612743"
"6","0.5","true","true","false","true","658","9.004","538.5241515900677"
"9","0.8","true","true","false","true","696","8.984","359.26140713124556"
"5","0.4","true","true","false","true","715","8.724","675.5694871273666"
"1","0","true","true","false","true","590","6.592","1541.904910856677"
"2","0.1","true","true","false","true","634","7.868","1329.4646897166829"
"3","0.2","true","true","false","true","476","8.616","1002.3181061478771"
"8","0.7","true","true","false","true","567","8.692","413.5472238692334"
"4","0.3","true","true","false","true","648","8.512","812.4959274612743"
"7","0.6","true","true","false","true","541","9.372","453.7772491867246"
"9","0.8","true","true","false","true","697","8.984","359.2614071312456"
"6","0.5","true","true","false","true","659","9.004","538.5241515900678"
"5","0.4","true","true","false","true","716","8.724","675.5694871273663"
"1","0","true","true","false","true","591","6.62","1539.9381647279697"
"2","0.1","true","true","false","true","635","7.868","1329.4646897166829"
"8","0.7","true","true","false","true","568","8.692","413.54722386923333"
"4","0.3","true","true","false","true","649","8.512","812.4959274612742"
"9","0.8","true","true","false","true","698","8.984","359.26140713124556"
"5","0.4","true","true","false","true","717","8.724","675.5694871273666"
"6","0.5","true","true","false","true","660","9.004","538.5241515900676"
"7","0.6","true","true","false","true","542","9.372","453.77724918672476"
"2","0.1","true","true","false","true","636","7.868","1329.464689716683"
"3","0.2","true","true","false","true","477","8.616","1002.3181061478768"
"1","0","true","true","false","true","592","6.64","1537.735610136452"
"9","0.8","true","true","false","true","699","8.984","359.26140713124545"
"5","0.4","true","true","false","true","718","8.724","675.5694871273665"
"6","0.5","true","true","false","true","661","9.004","538.5241515900681"
"8","0.7","true","true","false","true","569","8.692","413.5472238692335"
"4","0.3","true","true","false","true","650","8.512","812.4959274612742"
"2","0.1","true","true","false","true","637","7.868","1329.464689716682"
"7","0.6","true","true","false","true","543","9.372","453.77724918672516"
"1","0","true","true","false","true","593","6.652","1536.84016659871"
"3","0.2","true","true","false","true","478","8.616","1002.3181061478772"
"9","0.8","true","true","false","true","700","8.984","359.26140713124556"
"6","0.5","true","true","false","true","662","9.004","538.5241515900678"
"5","0.4","true","true","false","true","719","8.724","675.5694871273665"
"2","0.1","true","true","false","true","638","7.868","1329.464689716683"
"8","0.7","true","true","false","true","570","8.692","413.54722386923333"
"4","0.3","true","true","false","true","651","8.512","812.4959274612748"
"9","0.8","true","true","false","true","701","8.984","359.26140713124516"
"7","0.6","true","true","false","true","544","9.372","453.777249186725"
"5","0.4","true","true","false","true","720","8.724","675.5694871273666"
"1","0","true","true","false","true","594","6.612","1534.7666303575202"
"6","0.5","true","true","false","true","663","9.004","538.5241515900676"
"2","0.1","true","true","false","true","639","7.868","1329.4646897166826"
"4","0.3","true","true","false","true","652","8.512","812.4959274612746"
"3","0.2","true","true","false","true","479","8.616","1002.3181061478779"
"8","0.7","true","true","false","true","571","8.692","413.5472238692332"
"9","0.8","true","true","false","true","702","8.984","359.2614071312456"
"7","0.6","true","true","false","true","545","9.372","453.7772491867248"
"5","0.4","true","true","false","true","721","8.724","675.5694871273668"
"1","0","true","true","false","true","595","6.64","1534.6880886477159"
"6","0.5","true","true","false","true","664","9.004","538.5241515900676"
"2","0.1","true","true","false","true","640","7.868","1329.4646897166833"
"4","0.3","true","true","false","true","653","8.512","812.4959274612744"
"9","0.8","true","true","false","true","703","8.984","359.26140713124556"
"8","0.7","true","true","false","true","572","8.692","413.54722386923356"
"3","0.2","true","true","false","true","480","8.616","1002.3181061478774"
"5","0.4","true","true","false","true","722","8.724","675.5694871273671"
"7","0.6","true","true","false","true","546","9.372","453.7772491867247"
"6","0.5","true","true","false","true","665","9.004","538.5241515900681"
"1","0","true","true","false","true","596","6.648","1537.2872114321794"
"2","0.1","true","true","false","true","641","7.868","1329.4646897166826"
"4","0.3","true","true","false","true","654","8.512","812.4959274612745"
"9","0.8","true","true","false","true","704","8.984","359.2614071312455"
"5","0.4","true","true","false","true","723","8.724","675.5694871273666"
"8","0.7","true","true","false","true","573","8.692","413.54722386923305"
"6","0.5","true","true","false","true","666","9.004","538.5241515900681"
"3","0.2","true","true","false","true","481","8.616","1002.3181061478771"
"7","0.6","true","true","false","true","547","9.372","453.7772491867247"
"1","0","true","true","false","true","597","6.64","1537.6213052075889"
"2","0.1","true","true","false","true","642","7.868","1329.4646897166822"
"9","0.8","true","true","false","true","705","8.984","359.2614071312455"
"5","0.4","true","true","false","true","724","8.724","675.5694871273665"
"4","0.3","true","true","false","true","655","8.512","812.4959274612745"
"8","0.7","true","true","false","true","574","8.692","413.54722386923333"
"6","0.5","true","true","false","true","667","9.004","538.5241515900676"
"1","0","true","true","false","true","598","6.648","1537.863314846033"
"5","0.4","true","true","false","true","725","8.724","675.5694871273665"
"2","0.1","true","true","false","true","643","7.868","1329.4646897166824"
"3","0.2","true","true","false","true","482","8.616","1002.3181061478774"
"9","0.8","true","true","false","true","706","8.984","359.2614071312452"
"7","0.6","true","true","false","true","548","9.372","453.7772491867248"
"4","0.3","true","true","false","true","656","8.512","812.4959274612743"
"8","0.7","true","true","false","true","575","8.692","413.54722386923305"
"6","0.5","true","true","false","true","668","9.004","538.524151590068"
"5","0.4","true","true","false","true","726","8.724","675.5694871273666"
"1","0","true","true","false","true","599","6.636","1538.0104244796062"
"2","0.1","true","true","false","true","644","7.868","1329.4646897166824"
"9","0.8","true","true","false","true","707","8.984","359.2614071312454"
"4","0.3","true","true","false","true","657","8.512","812.4959274612742"
"7","0.6","true","true","false","true","549","9.372","453.77724918672493"
"5","0.4","true","true","false","true","727","8.724","675.5694871273669"
"3","0.2","true","true","false","true","483","8.616","1002.3181061478772"
"6","0.5","true","true","false","true","669","9.004","538.5241515900676"
"1","0","true","true","false","true","600","6.616","1538.145968729209"
"8","0.7","true","true","false","true","576","8.692","413.54722386923294"
"9","0.8","true","true","false","true","708","8.984","359.26140713124556"
"2","0.1","true","true","false","true","645","7.868","1329.464689716682"
"4","0.3","true","true","false","true","658","8.512","812.4959274612744"
"6","0.5","true","true","false","true","670","9.004","538.524151590068"
"5","0.4","true","true","false","true","728","8.724","675.5694871273662"
"7","0.6","true","true","false","true","550","9.372","453.7772491867251"
"9","0.8","true","true","false","true","709","8.984","359.26140713124556"
"2","0.1","true","true","false","true","646","7.868","1329.464689716683"
"3","0.2","true","true","false","true","484","8.616","1002.3181061478771"
"1","0","true","true","false","true","601","6.64","1539.1838344996465"
"8","0.7","true","true","false","true","577","8.692","413.5472238692335"
"4","0.3","true","true","false","true","659","8.512","812.495927461275"
"6","0.5","true","true","false","true","671","9.004","538.524151590068"
"5","0.4","true","true","false","true","729","8.724","675.5694871273665"
"9","0.8","true","true","false","true","710","8.984","359.26140713124516"
"2","0.1","true","true","false","true","647","7.868","1329.464689716683"
"7","0.6","true","true","false","true","551","9.372","453.7772491867253"
"4","0.3","true","true","false","true","660","8.512","812.4959274612742"
"1","0","true","true","false","true","602","6.644","1539.6997477001692"
"8","0.7","true","true","false","true","578","8.692","413.5472238692334"
"6","0.5","true","true","false","true","672","9.004","538.5241515900681"
"5","0.4","true","true","false","true","730","8.724","675.5694871273665"
"3","0.2","true","true","false","true","485","8.616","1002.3181061478783"
"9","0.8","true","true","false","true","711","8.984","359.2614071312454"
"2","0.1","true","true","false","true","648","7.868","1329.464689716683"
"4","0.3","true","true","false","true","661","8.512","812.4959274612743"
"1","0","true","true","false","true","603","6.636","1538.9009641317618"
"6","0.5","true","true","false","true","673","9.004","538.5241515900676"
"7","0.6","true","true","false","true","552","9.372","453.77724918672516"
"5","0.4","true","true","false","true","731","8.724","675.5694871273668"
"8","0.7","true","true","false","true","579","8.692","413.54722386923294"
"9","0.8","true","true","false","true","712","8.984","359.2614071312456"
"2","0.1","true","true","false","true","649","7.868","1329.4646897166824"
"3","0.2","true","true","false","true","486","8.616","1002.3181061478776"
"4","0.3","true","true","false","true","662","8.512","812.4959274612747"
"6","0.5","true","true","false","true","674","9.004","538.5241515900672"
"1","0","true","true","false","true","604","6.632","1538.6378513727848"
"5","0.4","true","true","false","true","732","8.724","675.5694871273668"
"9","0.8","true","true","false","true","713","8.984","359.2614071312455"
"2","0.1","true","true","false","true","650","7.868","1329.464689716683"
"8","0.7","true","true","false","true","580","8.692","413.54722386923305"
"7","0.6","true","true","false","true","553","9.372","453.777249186725"
"4","0.3","true","true","false","true","663","8.512","812.4959274612742"
"6","0.5","true","true","false","true","675","9.004","538.5241515900676"
"3","0.2","true","true","false","true","487","8.616","1002.3181061478771"
"1","0","true","true","false","true","605","6.62","1538.7748323104395"
"5","0.4","true","true","false","true","733","8.724","675.5694871273669"
"9","0.8","true","true","false","true","714","8.984","359.2614071312453"
"2","0.1","true","true","false","true","651","7.868","1329.4646897166824"
"7","0.6","true","true","false","true","554","9.372","453.77724918672493"
"8","0.7","true","true","false","true","581","8.692","413.547223869233"
"4","0.3","true","true","false","true","664","8.512","812.4959274612738"
"5","0.4","true","true","false","true","734","8.724","675.5694871273668"
"6","0.5","true","true","false","true","676","9.004","538.5241515900681"
"1","0","true","true","false","true","606","6.604","1538.1158318593734"
"9","0.8","true","true","false","true","715","8.984","359.26140713124545"
"3","0.2","true","true","false","true","488","8.616","1002.3181061478771"
"2","0.1","true","true","false","true","652","7.868","1329.4646897166833"
"7","0.6","true","true","false","true","555","9.372","453.77724918672516"
"8","0.7","true","true","false","true","582","8.692","413.54722386923356"
"4","0.3","true","true","false","true","665","8.512","812.4959274612742"
"5","0.4","true","true","false","true","735","8.724","675.5694871273669"
"6","0.5","true","true","false","true","677","9.004","538.5241515900677"
"9","0.8","true","true","false","true","716","8.984","359.2614071312455"
"1","0","true","true","false","true","607","6.616","1537.7980337568538"
"5","0.4","true","true","false","true","736","8.724","675.5694871273668"
"2","0.1","true","true","false","true","653","7.868","1329.4646897166833"
"8","0.7","true","true","false","true","583","8.692","413.5472238692331"
"4","0.3","true","true","false","true","666","8.512","812.4959274612744"
"3","0.2","true","true","false","true","489","8.616","1002.3181061478774"
"9","0.8","true","true","false","true","717","8.984","359.2614071312455"
"6","0.5","true","true","false","true","678","9.004","538.5241515900676"
"7","0.6","true","true","false","true","556","9.372","453.7772491867248"
"2","0.1","true","true","false","true","654","7.868","1329.4646897166824"
"1","0","true","true","false","true","608","6.624","1540.157559008743"
"5","0.4","true","true","false","true","737","8.724","675.5694871273664"
"4","0.3","true","true","false","true","667","8.512","812.4959274612742"
"8","0.7","true","true","false","true","584","8.692","413.5472238692334"
"6","0.5","true","true","false","true","679","9.004","538.5241515900677"
"9","0.8","true","true","false","true","718","8.984","359.26140713124516"
"5","0.4","true","true","false","true","738","8.724","675.5694871273663"
"7","0.6","true","true","false","true","557","9.372","453.7772491867251"
"3","0.2","true","true","false","true","490","8.616","1002.3181061478781"
"2","0.1","true","true","false","true","655","7.868","1329.4646897166824"
"1","0","true","true","false","true","609","6.648","1540.3785145214356"
"9","0.8","true","true","false","true","719","8.984","359.26140713124545"
"6","0.5","true","true","false","true","680","9.004","538.524151590068"
"4","0.3","true","true","false","true","668","8.512","812.495927461274"
"8","0.7","true","true","false","true","585","8.692","413.547223869233"
"5","0.4","true","true","false","true","739","8.724","675.5694871273672"
"1","0","true","true","false","true","610","6.644","1540.9631906149127"
"2","0.1","true","true","false","true","656","7.868","1329.4646897166826"
"9","0.8","true","true","false","true","720","8.984","359.26140713124545"
"7","0.6","true","true","false","true","558","9.372","453.7772491867249"
"6","0.5","true","true","false","true","681","9.004","538.524151590068"
"3","0.2","true","true","false","true","491","8.616","1002.3181061478776"
"4","0.3","true","true","false","true","669","8.512","812.4959274612736"
"5","0.4","true","true","false","true","740","8.724","675.569487127367"
"8","0.7","true","true","false","true","586","8.692","413.54722386923333"
"1","0","true","true","false","true","611","6.684","1542.3774323750965"
"2","0.1","true","true","false","true","657","7.868","1329.4646897166822"
"9","0.8","true","true","false","true","721","8.984","359.26140713124545"
"4","0.3","true","true","false","true","670","8.512","812.4959274612748"
"6","0.5","true","true","false","true","682","9.004","538.5241515900681"
"7","0.6","true","true","false","true","559","9.372","453.77724918672493"
"3","0.2","true","true","false","true","492","8.616","1002.3181061478771"
"5","0.4","true","true","false","true","741","8.724","675.5694871273668"
"8","0.7","true","true","false","true","587","8.692","413.54722386923333"
"1","0","true","true","false","true","612","6.636","1540.397299704087"
"2","0.1","true","true","false","true","658","7.868","1329.464689716682"
"9","0.8","true","true","false","true","722","8.984","359.26140713124585"
"4","0.3","true","true","false","true","671","8.512","812.4959274612747"
"6","0.5","true","true","false","true","683","9.004","538.524151590068"
"5","0.4","true","true","false","true","742","8.724","675.5694871273663"
"7","0.6","true","true","false","true","560","9.372","453.77724918672465"
"1","0","true","true","false","true","613","6.648","1541.8255655725693"
"9","0.8","true","true","false","true","723","8.984","359.2614071312455"
"2","0.1","true","true","false","true","659","7.868","1329.4646897166826"
"8","0.7","true","true","false","true","588","8.692","413.547223869233"
"4","0.3","true","true","false","true","672","8.512","812.4959274612745"
"3","0.2","true","true","false","true","493","8.616","1002.3181061478776"
"6","0.5","true","true","false","true","684","9.004","538.524151590068"
"5","0.4","true","true","false","true","743","8.724","675.5694871273666"
"7","0.6","true","true","false","true","561","9.372","453.77724918672493"
"1","0","true","true","false","true","614","6.668","1541.0450452966015"
"2","0.1","true","true","false","true","660","7.868","1329.4646897166836"
"9","0.8","true","true","false","true","724","8.984","359.26140713124545"
"8","0.7","true","true","false","true","589","8.692","413.5472238692331"
"4","0.3","true","true","false","true","673","8.512","812.4959274612743"
"5","0.4","true","true","false","true","744","8.724","675.5694871273665"
"6","0.5","true","true","false","true","685","9.004","538.5241515900676"
"3","0.2","true","true","false","true","494","8.616","1002.3181061478776"
"1","0","true","true","false","true","615","6.696","1540.8358432702432"
"2","0.1","true","true","false","true","661","7.868","1329.4646897166826"
"7","0.6","true","true","false","true","562","9.372","453.7772491867248"
"9","0.8","true","true","false","true","725","8.984","359.26140713124533"
"8","0.7","true","true","false","true","590","8.692","413.547223869233"
"4","0.3","true","true","false","true","674","8.512","812.4959274612742"
"5","0.4","true","true","false","true","745","8.724","675.5694871273665"
"6","0.5","true","true","false","true","686","9.004","538.5241515900683"
"1","0","true","true","false","true","616","6.696","1542.0477001977229"
"2","0.1","true","true","false","true","662","7.868","1329.4646897166826"
"3","0.2","true","true","false","true","495","8.616","1002.3181061478781"
"4","0.3","true","true","false","true","675","8.512","812.4959274612746"
"9","0.8","true","true","false","true","726","8.984","359.26140713124545"
"8","0.7","true","true","false","true","591","8.692","413.54722386923356"
"7","0.6","true","true","false","true","563","9.372","453.77724918672453"
"6","0.5","true","true","false","true","687","9.004","538.5241515900681"
"5","0.4","true","true","false","true","746","8.724","675.5694871273672"
"1","0","true","true","false","true","617","6.668","1540.366731906182"
"2","0.1","true","true","false","true","663","7.868","1329.4646897166826"
"4","0.3","true","true","false","true","676","8.512","812.4959274612743"
"9","0.8","true","true","false","true","727","8.984","359.26140713124556"
"5","0.4","true","true","false","true","747","8.724","675.5694871273668"
"6","0.5","true","true","false","true","688","9.004","538.524151590068"
"8","0.7","true","true","false","true","592","8.692","413.54722386923316"
"3","0.2","true","true","false","true","496","8.616","1002.3181061478774"
"7","0.6","true","true","false","true","564","9.372","453.7772491867248"
"4","0.3","true","true","false","true","677","8.512","812.4959274612745"
"2","0.1","true","true","false","true","664","7.868","1329.4646897166829"
"9","0.8","true","true","false","true","728","8.984","359.26140713124545"
"1","0","true","true","false","true","618","6.68","1540.1431787358852"
"5","0.4","true","true","false","true","748","8.724","675.569487127367"
"6","0.5","true","true","false","true","689","9.004","538.5241515900682"
"8","0.7","true","true","false","true","593","8.692","413.54722386923333"
"4","0.3","true","true","false","true","678","8.512","812.4959274612742"
"2","0.1","true","true","false","true","665","7.868","1329.4646897166822"
"3","0.2","true","true","false","true","497","8.616","1002.3181061478774"
"7","0.6","true","true","false","true","565","9.372","453.77724918672465"
"9","0.8","true","true","false","true","729","8.984","359.2614071312456"
"5","0.4","true","true","false","true","749","8.724","675.5694871273668"
"1","0","true","true","false","true","619","6.672","1539.2302044551984"
"6","0.5","true","true","false","true","690","9.004","538.524151590068"
"8","0.7","true","true","false","true","594","8.692","413.5472238692332"
"4","0.3","true","true","false","true","679","8.512","812.4959274612744"
"2","0.1","true","true","false","true","666","7.868","1329.4646897166824"
"9","0.8","true","true","false","true","730","8.984","359.2614071312453"
"5","0.4","true","true","false","true","750","8.724","675.5694871273668"
"7","0.6","true","true","false","true","566","9.372","453.7772491867248"
"3","0.2","true","true","false","true","498","8.616","1002.3181061478776"
"6","0.5","true","true","false","true","691","9.004","538.5241515900681"
"1","0","true","true","false","true","620","6.672","1537.6887545884874"
"8","0.7","true","true","false","true","595","8.692","413.5472238692333"
"4","0.3","true","true","false","true","680","8.512","812.4959274612745"
"2","0.1","true","true","false","true","667","7.868","1329.4646897166829"
"5","0.4","true","true","false","true","751","8.724","675.5694871273671"
"9","0.8","true","true","false","true","731","8.984","359.26140713124533"
"1","0","true","true","false","true","621","6.64","1536.2578273018712"
"6","0.5","true","true","false","true","692","9.004","538.524151590068"
"7","0.6","true","true","false","true","567","9.372","453.77724918672493"
"3","0.2","true","true","false","true","499","8.616","1002.3181061478774"
"4","0.3","true","true","false","true","681","8.512","812.4959274612743"
"2","0.1","true","true","false","true","668","7.868","1329.4646897166829"
"5","0.4","true","true","false","true","752","8.724","675.5694871273662"
"8","0.7","true","true","false","true","596","8.692","413.5472238692331"
"9","0.8","true","true","false","true","732","8.984","359.26140713124556"
"1","0","true","true","false","true","622","6.628","1537.5161363494574"
"6","0.5","true","true","false","true","693","9.004","538.5241515900678"
"7","0.6","true","true","false","true","568","9.372","453.7772491867247"
"2","0.1","true","true","false","true","669","7.868","1329.4646897166829"
"4","0.3","true","true","false","true","682","8.512","812.4959274612743"
"8","0.7","true","true","false","true","597","8.692","413.54722386923356"
"5","0.4","true","true","false","true","753","8.724","675.5694871273664"
"9","0.8","true","true","false","true","733","8.984","359.26140713124573"
"1","0","true","true","false","true","623","6.688","1537.453888261547"
"6","0.5","true","true","false","true","694","9.004","538.5241515900682"
"3","0.2","true","true","false","true","500","8.616","1002.3181061478772"
"2","0.1","true","true","false","true","670","7.868","1329.4646897166817"
"4","0.3","true","true","false","true","683","8.512","812.4959274612746"
"5","0.4","true","true","false","true","754","8.724","675.5694871273673"
"7","0.6","true","true","false","true","569","9.372","453.77724918672516"
"9","0.8","true","true","false","true","734","8.984","359.2614071312455"
"8","0.7","true","true","false","true","598","8.692","413.5472238692333"
"6","0.5","true","true","false","true","695","9.004","538.5241515900683"
"5","0.4","true","true","false","true","755","8.724","675.5694871273669"
"1","0","true","true","false","true","624","6.696","1536.6354395574529"
"2","0.1","true","true","false","true","671","7.868","1329.4646897166824"
"9","0.8","true","true","false","true","735","8.984","359.2614071312456"
"4","0.3","true","true","false","true","684","8.512","812.4959274612745"
"3","0.2","true","true","false","true","501","8.616","1002.3181061478764"
"7","0.6","true","true","false","true","570","9.372","453.7772491867245"
"8","0.7","true","true","false","true","599","8.692","413.5472238692334"
"6","0.5","true","true","false","true","696","9.004","538.5241515900678"
"9","0.8","true","true","false","true","736","8.984","359.26140713124585"
"1","0","true","true","false","true","625","6.672","1538.6518825159296"
"5","0.4","true","true","false","true","756","8.724","675.5694871273666"
"2","0.1","true","true","false","true","672","7.868","1329.4646897166829"
"4","0.3","true","true","false","true","685","8.512","812.4959274612742"
"3","0.2","true","true","false","true","502","8.616","1002.3181061478772"
"6","0.5","true","true","false","true","697","9.004","538.5241515900682"
"7","0.6","true","true","false","true","571","9.372","453.7772491867248"
"8","0.7","true","true","false","true","600","8.692","413.54722386923356"
"9","0.8","true","true","false","true","737","8.984","359.26140713124573"
"5","0.4","true","true","false","true","757","8.724","675.5694871273669"
"1","0","true","true","false","true","626","6.648","1540.4395090692667"
"2","0.1","true","true","false","true","673","7.868","1329.4646897166824"
"4","0.3","true","true","false","true","686","8.512","812.4959274612748"
"6","0.5","true","true","false","true","698","9.004","538.5241515900674"
"9","0.8","true","true","false","true","738","8.984","359.26140713124556"
"8","0.7","true","true","false","true","601","8.692","413.54722386923305"
"7","0.6","true","true","false","true","572","9.372","453.7772491867249"
"5","0.4","true","true","false","true","758","8.724","675.569487127367"
"3","0.2","true","true","false","true","503","8.616","1002.3181061478779"
"1","0","true","true","false","true","627","6.684","1542.006456899988"
"4","0.3","true","true","false","true","687","8.512","812.4959274612742"
"2","0.1","true","true","false","true","674","7.868","1329.4646897166822"
"6","0.5","true","true","false","true","699","9.004","538.524151590068"
"9","0.8","true","true","false","true","739","8.984","359.26140713124596"
"5","0.4","true","true","false","true","759","8.724","675.5694871273671"
"8","0.7","true","true","false","true","602","8.692","413.54722386923333"
"4","0.3","true","true","false","true","688","8.512","812.4959274612745"
"7","0.6","true","true","false","true","573","9.372","453.77724918672493"
"2","0.1","true","true","false","true","675","7.868","1329.4646897166822"
"1","0","true","true","false","true","628","6.624","1540.8851278140576"
"3","0.2","true","true","false","true","504","8.616","1002.3181061478774"
"6","0.5","true","true","false","true","700","9.004","538.5241515900676"
"9","0.8","true","true","false","true","740","8.984","359.2614071312453"
"5","0.4","true","true","false","true","760","8.724","675.5694871273669"
"4","0.3","true","true","false","true","689","8.512","812.4959274612747"
"8","0.7","true","true","false","true","603","8.692","413.54722386923316"
"2","0.1","true","true","false","true","676","7.868","1329.4646897166824"
"1","0","true","true","false","true","629","6.664","1542.2166450041723"
"6","0.5","true","true","false","true","701","9.004","538.5241515900684"
"7","0.6","true","true","false","true","574","9.372","453.7772491867247"
"5","0.4","true","true","false","true","761","8.724","675.5694871273665"
"9","0.8","true","true","false","true","741","8.984","359.2614071312453"
"3","0.2","true","true","false","true","505","8.616","1002.3181061478771"
"4","0.3","true","true","false","true","690","8.512","812.4959274612743"
"8","0.7","true","true","false","true","604","8.692","413.5472238692336"
"2","0.1","true","true","false","true","677","7.868","1329.4646897166829"
"6","0.5","true","true","false","true","702","9.004","538.5241515900683"
"1","0","true","true","false","true","630","6.684","1541.24235403486"
"5","0.4","true","true","false","true","762","8.724","675.5694871273668"
"9","0.8","true","true","false","true","742","8.984","359.2614071312454"
"7","0.6","true","true","false","true","575","9.372","453.7772491867247"
"4","0.3","true","true","false","true","691","8.512","812.4959274612737"
"8","0.7","true","true","false","true","605","8.692","413.54722386923294"
"6","0.5","true","true","false","true","703","9.004","538.524151590068"
"5","0.4","true","true","false","true","763","8.724","675.5694871273669"
"3","0.2","true","true","false","true","506","8.616","1002.3181061478774"
"2","0.1","true","true","false","true","678","7.868","1329.4646897166826"
"9","0.8","true","true","false","true","743","8.984","359.2614071312457"
"1","0","true","true","false","true","631","6.688","1542.2408576767934"
"7","0.6","true","true","false","true","576","9.372","453.7772491867248"
"5","0.4","true","true","false","true","764","8.724","675.5694871273668"
"4","0.3","true","true","false","true","692","8.512","812.4959274612742"
"8","0.7","true","true","false","true","606","8.692","413.5472238692332"
"2","0.1","true","true","false","true","679","7.868","1329.4646897166824"
"6","0.5","true","true","false","true","704","9.004","538.5241515900676"
"9","0.8","true","true","false","true","744","8.984","359.2614071312454"
"3","0.2","true","true","false","true","507","8.616","1002.3181061478776"
"1","0","true","true","false","true","632","6.688","1540.858288572957"
"5","0.4","true","true","false","true","765","8.724","675.5694871273669"
"4","0.3","true","true","false","true","693","8.512","812.4959274612746"
"2","0.1","true","true","false","true","680","7.868","1329.4646897166829"
"7","0.6","true","true","false","true","577","9.372","453.7772491867249"
"6","0.5","true","true","false","true","705","9.004","538.5241515900681"
"9","0.8","true","true","false","true","745","8.984","359.26140713124556"
"8","0.7","true","true","false","true","607","8.692","413.54722386923356"
"5","0.4","true","true","false","true","766","8.724","675.5694871273662"
"1","0","true","true","false","true","633","6.672","1538.954976682821"
"2","0.1","true","true","false","true","681","7.868","1329.4646897166824"
"3","0.2","true","true","false","true","508","8.616","1002.3181061478774"
"4","0.3","true","true","false","true","694","8.512","812.495927461274"
"6","0.5","true","true","false","true","706","9.004","538.5241515900683"
"9","0.8","true","true","false","true","746","8.984","359.2614071312458"
"7","0.6","true","true","false","true","578","9.372","453.77724918672493"
"8","0.7","true","true","false","true","608","8.692","413.54722386923316"
"5","0.4","true","true","false","true","767","8.724","675.569487127367"
"1","0","true","true","false","true","634","6.668","1537.5429045073652"
"2","0.1","true","true","false","true","682","7.868","1329.4646897166824"
"6","0.5","true","true","false","true","707","9.004","538.5241515900681"
"9","0.8","true","true","false","true","747","8.984","359.2614071312454"
"4","0.3","true","true","false","true","695","8.512","812.4959274612735"
"3","0.2","true","true","false","true","509","8.616","1002.3181061478776"
"5","0.4","true","true","false","true","768","8.724","675.5694871273669"
"7","0.6","true","true","false","true","579","9.372","453.777249186725"
"1","0","true","true","false","true","635","6.64","1536.5034778880977"
"2","0.1","true","true","false","true","683","7.868","1329.4646897166836"
"8","0.7","true","true","false","true","609","8.692","413.54722386923333"
"9","0.8","true","true","false","true","748","8.984","359.2614071312454"
"6","0.5","true","true","false","true","708","9.004","538.524151590068"
"4","0.3","true","true","false","true","696","8.512","812.4959274612736"
"5","0.4","true","true","false","true","769","8.724","675.5694871273665"
"3","0.2","true","true","false","true","510","8.616","1002.3181061478771"
"1","0","true","true","false","true","636","6.64","1535.984914349587"
"7","0.6","true","true","false","true","580","9.372","453.7772491867252"
"9","0.8","true","true","false","true","749","8.984","359.2614071312455"
"2","0.1","true","true","false","true","684","7.868","1329.4646897166824"
"8","0.7","true","true","false","true","610","8.692","413.5472238692336"
"6","0.5","true","true","false","true","709","9.004","538.524151590068"
"4","0.3","true","true","false","true","697","8.512","812.4959274612746"
"5","0.4","true","true","false","true","770","8.724","675.5694871273668"
"2","0.1","true","true","false","true","685","7.868","1329.464689716682"
"9","0.8","true","true","false","true","750","8.984","359.2614071312455"
"1","0","true","true","false","true","637","6.68","1536.400894100182"
"3","0.2","true","true","false","true","511","8.616","1002.3181061478772"
"4","0.3","true","true","false","true","698","8.512","812.4959274612745"
"6","0.5","true","true","false","true","710","9.004","538.5241515900678"
"8","0.7","true","true","false","true","611","8.692","413.54722386923316"
"7","0.6","true","true","false","true","581","9.372","453.7772491867249"
"5","0.4","true","true","false","true","771","8.724","675.5694871273663"
"2","0.1","true","true","false","true","686","7.868","1329.4646897166838"
"9","0.8","true","true","false","true","751","8.984","359.2614071312453"
"4","0.3","true","true","false","true","699","8.512","812.4959274612744"
"5","0.4","true","true","false","true","772","8.724","675.5694871273663"
"6","0.5","true","true","false","true","711","9.004","538.5241515900683"
"8","0.7","true","true","false","true","612","8.692","413.54722386923305"
"1","0","true","true","false","true","638","6.644","1536.8819732262991"
"3","0.2","true","true","false","true","512","8.616","1002.3181061478771"
"7","0.6","true","true","false","true","582","9.372","453.7772491867248"
"9","0.8","true","true","false","true","752","8.984","359.2614071312456"
"2","0.1","true","true","false","true","687","7.868","1329.4646897166822"
"5","0.4","true","true","false","true","773","8.724","675.5694871273669"
"4","0.3","true","true","false","true","700","8.512","812.4959274612744"
"6","0.5","true","true","false","true","712","9.004","538.5241515900685"
"8","0.7","true","true","false","true","613","8.692","413.54722386923305"
"9","0.8","true","true","false","true","753","8.984","359.26140713124545"
"1","0","true","true","false","true","639","6.632","1538.061965048751"
"5","0.4","true","true","false","true","774","8.724","675.5694871273663"
"3","0.2","true","true","false","true","513","8.616","1002.3181061478774"
"7","0.6","true","true","false","true","583","9.372","453.7772491867252"
"4","0.3","true","true","false","true","701","8.512","812.4959274612748"
"2","0.1","true","true","false","true","688","7.868","1329.4646897166817"
"6","0.5","true","true","false","true","713","9.004","538.5241515900683"
"9","0.8","true","true","false","true","754","8.984","359.26140713124533"
"8","0.7","true","true","false","true","614","8.692","413.5472238692333"
"5","0.4","true","true","false","true","775","8.724","675.5694871273671"
"4","0.3","true","true","false","true","702","8.512","812.495927461274"
"1","0","true","true","false","true","640","6.612","1538.255110794454"
"3","0.2","true","true","false","true","514","8.616","1002.3181061478781"
"2","0.1","true","true","false","true","689","7.868","1329.4646897166829"
"7","0.6","true","true","false","true","584","9.372","453.777249186725"
"9","0.8","true","true","false","true","755","8.984","359.2614071312456"
"8","0.7","true","true","false","true","615","8.692","413.54722386923333"
"6","0.5","true","true","false","true","714","9.004","538.5241515900676"
"5","0.4","true","true","false","true","776","8.724","675.5694871273668"
"4","0.3","true","true","false","true","703","8.512","812.4959274612748"
"1","0","true","true","false","true","641","6.628","1538.0546187154446"
"9","0.8","true","true","false","true","756","8.984","359.26140713124556"
"2","0.1","true","true","false","true","690","7.868","1329.4646897166833"
"3","0.2","true","true","false","true","515","8.616","1002.3181061478783"
"8","0.7","true","true","false","true","616","8.692","413.5472238692331"
"7","0.6","true","true","false","true","585","9.372","453.7772491867248"
"5","0.4","true","true","false","true","777","8.724","675.5694871273668"
"6","0.5","true","true","false","true","715","9.004","538.5241515900681"
"4","0.3","true","true","false","true","704","8.512","812.4959274612742"
"9","0.8","true","true","false","true","757","8.984","359.26140713124533"
"1","0","true","true","false","true","642","6.616","1538.809267445938"
"2","0.1","true","true","false","true","691","7.868","1329.4646897166829"
"5","0.4","true","true","false","true","778","8.724","675.5694871273669"
"8","0.7","true","true","false","true","617","8.692","413.54722386923316"
"7","0.6","true","true","false","true","586","9.372","453.77724918672476"
"4","0.3","true","true","false","true","705","8.512","812.4959274612748"
"3","0.2","true","true","false","true","516","8.616","1002.3181061478771"
"6","0.5","true","true","false","true","716","9.004","538.5241515900676"
"9","0.8","true","true","false","true","758","8.984","359.26140713124556"
"2","0.1","true","true","false","true","692","7.868","1329.4646897166833"
"5","0.4","true","true","false","true","779","8.724","675.5694871273669"
"1","0","true","true","false","true","643","6.604","1539.419250607762"
"8","0.7","true","true","false","true","618","8.692","413.54722386923333"
"4","0.3","true","true","false","true","706","8.512","812.4959274612747"
"9","0.8","true","true","false","true","759","8.984","359.26140713124545"
"6","0.5","true","true","false","true","717","9.004","538.5241515900676"
"7","0.6","true","true","false","true","587","9.372","453.7772491867246"
"5","0.4","true","true","false","true","780","8.724","675.569487127367"
"3","0.2","true","true","false","true","517","8.616","1002.3181061478772"
"2","0.1","true","true","false","true","693","7.868","1329.4646897166829"
"1","0","true","true","false","true","644","6.616","1540.4859351086295"
"4","0.3","true","true","false","true","707","8.512","812.4959274612744"
"9","0.8","true","true","false","true","760","8.984","359.26140713124573"
"8","0.7","true","true","false","true","619","8.692","413.5472238692334"
"6","0.5","true","true","false","true","718","9.004","538.5241515900674"
"5","0.4","true","true","false","true","781","8.724","675.5694871273669"
"7","0.6","true","true","false","true","588","9.372","453.77724918672516"
"4","0.3","true","true","false","true","708","8.512","812.4959274612742"
"1","0","true","true","false","true","645","6.616","1541.88814230563"
"9","0.8","true","true","false","true","761","8.984","359.2614071312458"
"3","0.2","true","true","false","true","518","8.616","1002.3181061478768"
"2","0.1","true","true","false","true","694","7.868","1329.464689716682"
"5","0.4","true","true","false","true","782","8.724","675.5694871273665"
"8","0.7","true","true","false","true","620","8.692","413.547223869233"
"6","0.5","true","true","false","true","719","9.004","538.5241515900683"
"4","0.3","true","true","false","true","709","8.512","812.4959274612742"
"9","0.8","true","true","false","true","762","8.984","359.2614071312455"
"5","0.4","true","true","false","true","783","8.724","675.5694871273669"
"7","0.6","true","true","false","true","589","9.372","453.77724918672493"
"1","0","true","true","false","true","646","6.628","1540.7571181717221"
"2","0.1","true","true","false","true","695","7.868","1329.464689716684"
"6","0.5","true","true","false","true","720","9.004","538.524151590068"
"8","0.7","true","true","false","true","621","8.692","413.5472238692332"
"3","0.2","true","true","false","true","519","8.616","1002.3181061478776"
"4","0.3","true","true","false","true","710","8.512","812.4959274612745"
"5","0.4","true","true","false","true","784","8.724","675.5694871273668"
"9","0.8","true","true","false","true","763","8.984","359.26140713124533"
"1","0","true","true","false","true","647","6.648","1540.6648963312725"
"2","0.1","true","true","false","true","696","7.868","1329.464689716682"
"7","0.6","true","true","false","true","590","9.372","453.77724918672476"
"6","0.5","true","true","false","true","721","9.004","538.5241515900677"
"8","0.7","true","true","false","true","622","8.692","413.54722386923305"
"4","0.3","true","true","false","true","711","8.512","812.4959274612746"
"5","0.4","true","true","false","true","785","8.724","675.5694871273668"
"3","0.2","true","true","false","true","520","8.616","1002.3181061478779"
"9","0.8","true","true","false","true","764","8.984","359.2614071312452"
"2","0.1","true","true","false","true","697","7.868","1329.4646897166824"
"1","0","true","true","false","true","648","6.636","1538.8336175393108"
"6","0.5","true","true","false","true","722","9.004","538.5241515900685"
"4","0.3","true","true","false","true","712","8.512","812.4959274612748"
"8","0.7","true","true","false","true","623","8.692","413.54722386923345"
"5","0.4","true","true","false","true","786","8.724","675.5694871273665"
"7","0.6","true","true","false","true","591","9.372","453.77724918672516"
"9","0.8","true","true","false","true","765","8.984","359.26140713124556"
"3","0.2","true","true","false","true","521","8.616","1002.3181061478762"
"2","0.1","true","true","false","true","698","7.868","1329.4646897166826"
"5","0.4","true","true","false","true","787","8.724","675.5694871273668"
"4","0.3","true","true","false","true","713","8.512","812.4959274612742"
"1","0","true","true","false","true","649","6.66","1538.9371799885414"
"8","0.7","true","true","false","true","624","8.692","413.54722386923316"
"6","0.5","true","true","false","true","723","9.004","538.5241515900681"
"9","0.8","true","true","false","true","766","8.984","359.2614071312455"
"3","0.2","true","true","false","true","522","8.616","1002.3181061478771"
"7","0.6","true","true","false","true","592","9.372","453.7772491867248"
"5","0.4","true","true","false","true","788","8.724","675.5694871273664"
"2","0.1","true","true","false","true","699","7.868","1329.4646897166824"
"4","0.3","true","true","false","true","714","8.512","812.4959274612742"
"8","0.7","true","true","false","true","625","8.692","413.5472238692332"
"9","0.8","true","true","false","true","767","8.984","359.26140713124573"
"6","0.5","true","true","false","true","724","9.004","538.5241515900674"
"1","0","true","true","false","true","650","6.664","1540.0054331048757"
"5","0.4","true","true","false","true","789","8.724","675.5694871273665"
"3","0.2","true","true","false","true","523","8.616","1002.3181061478774"
"2","0.1","true","true","false","true","700","7.868","1329.4646897166822"
"4","0.3","true","true","false","true","715","8.512","812.4959274612739"
"9","0.8","true","true","false","true","768","8.984","359.26140713124545"
"7","0.6","true","true","false","true","593","9.372","453.77724918672465"
"6","0.5","true","true","false","true","725","9.004","538.5241515900676"
"8","0.7","true","true","false","true","626","8.692","413.54722386923316"
"1","0","true","true","false","true","651","6.616","1540.052883123519"
"5","0.4","true","true","false","true","790","8.724","675.5694871273669"
"4","0.3","true","true","false","true","716","8.512","812.4959274612747"
"2","0.1","true","true","false","true","701","7.868","1329.4646897166829"
"9","0.8","true","true","false","true","769","8.984","359.2614071312452"
"5","0.4","true","true","false","true","791","8.724","675.5694871273665"
"3","0.2","true","true","false","true","524","8.616","1002.3181061478779"
"6","0.5","true","true","false","true","726","9.004","538.524151590068"
"8","0.7","true","true","false","true","627","8.692","413.5472238692333"
"7","0.6","true","true","false","true","594","9.372","453.7772491867247"
"1","0","true","true","false","true","652","6.668","1539.4842002212586"
"4","0.3","true","true","false","true","717","8.512","812.4959274612744"
"9","0.8","true","true","false","true","770","8.984","359.2614071312454"
"5","0.4","true","true","false","true","792","8.724","675.5694871273669"
"2","0.1","true","true","false","true","702","7.868","1329.4646897166824"
"6","0.5","true","true","false","true","727","9.004","538.5241515900684"
"8","0.7","true","true","false","true","628","8.692","413.54722386923294"
"3","0.2","true","true","false","true","525","8.616","1002.3181061478776"
"1","0","true","true","false","true","653","6.68","1540.9024085643803"
"9","0.8","true","true","false","true","771","8.984","359.26140713124556"
"4","0.3","true","true","false","true","718","8.512","812.4959274612742"
"7","0.6","true","true","false","true","595","9.372","453.77724918672476"
"5","0.4","true","true","false","true","793","8.724","675.5694871273668"
"2","0.1","true","true","false","true","703","7.868","1329.4646897166824"
"8","0.7","true","true","false","true","629","8.692","413.54722386923316"
"6","0.5","true","true","false","true","728","9.004","538.5241515900674"
"5","0.4","true","true","false","true","794","8.724","675.5694871273664"
"9","0.8","true","true","false","true","772","8.984","359.26140713124585"
"4","0.3","true","true","false","true","719","8.512","812.4959274612743"
"3","0.2","true","true","false","true","526","8.616","1002.3181061478774"
"2","0.1","true","true","false","true","704","7.868","1329.4646897166833"
"1","0","true","true","false","true","654","6.668","1540.9530562901914"
"7","0.6","true","true","false","true","596","9.372","453.7772491867249"
"8","0.7","true","true","false","true","630","8.692","413.54722386923316"
"5","0.4","true","true","false","true","795","8.724","675.5694871273664"
"6","0.5","true","true","false","true","729","9.004","538.524151590068"
"4","0.3","true","true","false","true","720","8.512","812.4959274612742"
"9","0.8","true","true","false","true","773","8.984","359.2614071312452"
"2","0.1","true","true","false","true","705","7.868","1329.464689716682"
"1","0","true","true","false","true","655","6.64","1539.8793557144777"
"3","0.2","true","true","false","true","527","8.616","1002.3181061478779"
"5","0.4","true","true","false","true","796","8.724","675.5694871273669"
"8","0.7","true","true","false","true","631","8.692","413.5472238692334"
"4","0.3","true","true","false","true","721","8.512","812.495927461275"
"7","0.6","true","true","false","true","597","9.372","453.77724918672493"
"9","0.8","true","true","false","true","774","8.984","359.26140713124556"
"6","0.5","true","true","false","true","730","9.004","538.5241515900676"
"1","0","true","true","false","true","656","6.628","1539.2793566700313"
"2","0.1","true","true","false","true","706","7.868","1329.4646897166822"
"5","0.4","true","true","false","true","797","8.724","675.5694871273669"
"3","0.2","true","true","false","true","528","8.616","1002.3181061478776"
"4","0.3","true","true","false","true","722","8.512","812.4959274612742"
"9","0.8","true","true","false","true","775","8.984","359.2614071312457"
"6","0.5","true","true","false","true","731","9.004","538.5241515900675"
"8","0.7","true","true","false","true","632","8.692","413.54722386923305"
"7","0.6","true","true","false","true","598","9.372","453.77724918672465"
"5","0.4","true","true","false","true","798","8.724","675.5694871273666"
"1","0","true","true","false","true","657","6.608","1539.7517670672898"
"2","0.1","true","true","false","true","707","7.868","1329.4646897166824"
"4","0.3","true","true","false","true","723","8.512","812.4959274612747"
"9","0.8","true","true","false","true","776","8.984","359.2614071312454"
"6","0.5","true","true","false","true","732","9.004","538.5241515900676"
"3","0.2","true","true","false","true","529","8.616","1002.3181061478772"
"5","0.4","true","true","false","true","799","8.724","675.5694871273672"
"8","0.7","true","true","false","true","633","8.692","413.5472238692333"
"2","0.1","true","true","false","true","708","7.868","1329.4646897166824"
"7","0.6","true","true","false","true","599","9.372","453.7772491867248"
"1","0","true","true","false","true","658","6.604","1539.0168125614207"
"4","0.3","true","true","false","true","724","8.512","812.4959274612745"
"9","0.8","true","true","false","true","777","8.984","359.2614071312454"
"6","0.5","true","true","false","true","733","9.004","538.5241515900682"
"5","0.4","true","true","false","true","800","8.724","675.5694871273669"
"8","0.7","true","true","false","true","634","8.692","413.54722386923316"
"2","0.1","true","true","false","true","709","7.868","1329.464689716683"
"4","0.3","true","true","false","true","725","8.512","812.4959274612745"
"3","0.2","true","true","false","true","530","8.616","1002.3181061478776"
"9","0.8","true","true","false","true","778","8.984","359.2614071312458"
"7","0.6","true","true","false","true","600","9.372","453.77724918672493"
"1","0","true","true","false","true","659","6.64","1538.3129605269528"
"5","0.4","true","true","false","true","801","8.724","675.5694871273668"
"6","0.5","true","true","false","true","734","9.004","538.5241515900676"
"8","0.7","true","true","false","true","635","8.692","413.5472238692335"
"4","0.3","true","true","false","true","726","8.512","812.4959274612742"
"2","0.1","true","true","false","true","710","7.868","1329.464689716682"
"9","0.8","true","true","false","true","779","8.984","359.26140713124556"
"5","0.4","true","true","false","true","802","8.724","675.5694871273663"
"1","0","true","true","false","true","660","6.636","1539.0809468224911"
"7","0.6","true","true","false","true","601","9.372","453.7772491867245"
"3","0.2","true","true","false","true","531","8.616","1002.3181061478779"
"6","0.5","true","true","false","true","735","9.004","538.5241515900673"
"4","0.3","true","true","false","true","727","8.512","812.4959274612751"
"8","0.7","true","true","false","true","636","8.692","413.5472238692334"
"5","0.4","true","true","false","true","803","8.724","675.569487127367"
"2","0.1","true","true","false","true","711","7.868","1329.4646897166829"
"9","0.8","true","true","false","true","780","8.984","359.2614071312455"
"1","0","true","true","false","true","661","6.636","1539.5720723504737"
"4","0.3","true","true","false","true","728","8.512","812.4959274612748"
"5","0.4","true","true","false","true","804","8.724","675.5694871273673"
"6","0.5","true","true","false","true","736","9.004","538.5241515900682"
"3","0.2","true","true","false","true","532","8.616","1002.3181061478776"
"7","0.6","true","true","false","true","602","9.372","453.7772491867249"
"9","0.8","true","true","false","true","781","8.984","359.26140713124545"
"8","0.7","true","true","false","true","637","8.692","413.5472238692329"
"2","0.1","true","true","false","true","712","7.868","1329.4646897166829"
"5","0.4","true","true","false","true","805","8.724","675.5694871273669"
"4","0.3","true","true","false","true","729","8.512","812.4959274612746"
"9","0.8","true","true","false","true","782","8.984","359.2614071312455"
"6","0.5","true","true","false","true","737","9.004","538.5241515900674"
"1","0","true","true","false","true","662","6.576","1539.8548029821645"
"5","0.4","true","true","false","true","806","8.724","675.5694871273665"
"8","0.7","true","true","false","true","638","8.692","413.54722386923254"
"2","0.1","true","true","false","true","713","7.868","1329.4646897166824"
"3","0.2","true","true","false","true","533","8.616","1002.3181061478774"
"7","0.6","true","true","false","true","603","9.372","453.77724918672516"
"4","0.3","true","true","false","true","730","8.512","812.4959274612742"
"9","0.8","true","true","false","true","783","8.984","359.2614071312454"
"5","0.4","true","true","false","true","807","8.724","675.5694871273665"
"6","0.5","true","true","false","true","738","9.004","538.5241515900682"
"1","0","true","true","false","true","663","6.6","1538.3410381602973"
"2","0.1","true","true","false","true","714","7.868","1329.4646897166833"
"8","0.7","true","true","false","true","639","8.692","413.54722386923294"
"4","0.3","true","true","false","true","731","8.512","812.4959274612742"
"5","0.4","true","true","false","true","808","8.724","675.5694871273669"
"9","0.8","true","true","false","true","784","8.984","359.2614071312455"
"3","0.2","true","true","false","true","534","8.616","1002.3181061478774"
"7","0.6","true","true","false","true","604","9.372","453.7772491867247"
"6","0.5","true","true","false","true","739","9.004","538.5241515900678"
"2","0.1","true","true","false","true","715","7.868","1329.4646897166829"
"5","0.4","true","true","false","true","809","8.724","675.5694871273669"
"1","0","true","true","false","true","664","6.604","1538.0729663341372"
"8","0.7","true","true","false","true","640","8.692","413.5472238692331"
"9","0.8","true","true","false","true","785","8.984","359.2614071312453"
"4","0.3","true","true","false","true","732","8.512","812.495927461275"
"6","0.5","true","true","false","true","740","9.004","538.5241515900675"
"5","0.4","true","true","false","true","810","8.724","675.569487127367"
"3","0.2","true","true","false","true","535","8.616","1002.3181061478781"
"7","0.6","true","true","false","true","605","9.372","453.7772491867248"
"9","0.8","true","true","false","true","786","8.984","359.26140713124573"
"2","0.1","true","true","false","true","716","7.868","1329.4646897166824"
"4","0.3","true","true","false","true","733","8.512","812.4959274612747"
"8","0.7","true","true","false","true","641","8.692","413.54722386923345"
"1","0","true","true","false","true","665","6.616","1538.552230320524"
"5","0.4","true","true","false","true","811","8.724","675.569487127366"
"6","0.5","true","true","false","true","741","9.004","538.5241515900672"
"9","0.8","true","true","false","true","787","8.984","359.26140713124556"
"3","0.2","true","true","false","true","536","8.616","1002.3181061478779"
"2","0.1","true","true","false","true","717","7.868","1329.4646897166824"
"4","0.3","true","true","false","true","734","8.512","812.4959274612747"
"7","0.6","true","true","false","true","606","9.372","453.7772491867248"
"5","0.4","true","true","false","true","812","8.724","675.5694871273664"
"8","0.7","true","true","false","true","642","8.692","413.5472238692331"
"6","0.5","true","true","false","true","742","9.004","538.5241515900685"
"9","0.8","true","true","false","true","788","8.984","359.2614071312452"
"1","0","true","true","false","true","666","6.608","1538.5839985885455"
"5","0.4","true","true","false","true","813","8.724","675.5694871273668"
"4","0.3","true","true","false","true","735","8.512","812.4959274612743"
"2","0.1","true","true","false","true","718","7.868","1329.4646897166826"
"7","0.6","true","true","false","true","607","9.372","453.7772491867252"
"3","0.2","true","true","false","true","537","8.616","1002.3181061478774"
"8","0.7","true","true","false","true","643","8.692","413.54722386923316"
"9","0.8","true","true","false","true","789","8.984","359.26140713124556"
"5","0.4","true","true","false","true","814","8.724","675.5694871273668"
"6","0.5","true","true","false","true","743","9.004","538.5241515900675"
"4","0.3","true","true","false","true","736","8.512","812.4959274612744"
"1","0","true","true","false","true","667","6.636","1538.697804621126"
"2","0.1","true","true","false","true","719","7.868","1329.464689716682"
"8","0.7","true","true","false","true","644","8.692","413.54722386923305"
"5","0.4","true","true","false","true","815","8.724","675.5694871273663"
"9","0.8","true","true","false","true","790","8.984","359.2614071312457"
"7","0.6","true","true","false","true","608","9.372","453.7772491867248"
"3","0.2","true","true","false","true","538","8.616","1002.3181061478774"
"6","0.5","true","true","false","true","744","9.004","538.5241515900681"
"4","0.3","true","true","false","true","737","8.512","812.4959274612751"
"1","0","true","true","false","true","668","6.636","1539.3821487306034"
"2","0.1","true","true","false","true","720","7.868","1329.464689716683"
"5","0.4","true","true","false","true","816","8.724","675.5694871273668"
"9","0.8","true","true","false","true","791","8.984","359.26140713124545"
"8","0.7","true","true","false","true","645","8.692","413.5472238692332"
"6","0.5","true","true","false","true","745","9.004","538.5241515900681"
"7","0.6","true","true","false","true","609","9.372","453.77724918672493"
"4","0.3","true","true","false","true","738","8.512","812.4959274612745"
"3","0.2","true","true","false","true","539","8.616","1002.3181061478774"
"5","0.4","true","true","false","true","817","8.724","675.5694871273668"
"2","0.1","true","true","false","true","721","7.868","1329.4646897166829"
"1","0","true","true","false","true","669","6.616","1539.7860685932287"
"9","0.8","true","true","false","true","792","8.984","359.26140713124516"
"6","0.5","true","true","false","true","746","9.004","538.5241515900677"
"8","0.7","true","true","false","true","646","8.692","413.5472238692335"
"4","0.3","true","true","false","true","739","8.512","812.4959274612746"
"5","0.4","true","true","false","true","818","8.724","675.5694871273669"
"7","0.6","true","true","false","true","610","9.372","453.7772491867251"
"9","0.8","true","true","false","true","793","8.984","359.26140713124556"
"2","0.1","true","true","false","true","722","7.868","1329.4646897166826"
"3","0.2","true","true","false","true","540","8.616","1002.3181061478771"
"1","0","true","true","false","true","670","6.62","1538.06739879051"
"6","0.5","true","true","false","true","747","9.004","538.5241515900683"
"4","0.3","true","true","false","true","740","8.512","812.4959274612742"
"5","0.4","true","true","false","true","819","8.724","675.5694871273669"
"9","0.8","true","true","false","true","794","8.984","359.26140713124545"
"8","0.7","true","true","false","true","647","8.692","413.5472238692333"
"7","0.6","true","true","false","true","611","9.372","453.777249186725"
"2","0.1","true","true","false","true","723","7.868","1329.4646897166824"
"1","0","true","true","false","true","671","6.636","1538.2727568103417"
"6","0.5","true","true","false","true","748","9.004","538.524151590068"
"5","0.4","true","true","false","true","820","8.724","675.5694871273672"
"3","0.2","true","true","false","true","541","8.616","1002.3181061478776"
"9","0.8","true","true","false","true","795","8.984","359.26140713124545"
"4","0.3","true","true","false","true","741","8.512","812.4959274612743"
"2","0.1","true","true","false","true","724","7.868","1329.464689716682"
"8","0.7","true","true","false","true","648","8.692","413.54722386923316"
"7","0.6","true","true","false","true","612","9.372","453.7772491867248"
"1","0","true","true","false","true","672","6.648","1537.8454401306476"
"9","0.8","true","true","false","true","796","8.984","359.2614071312452"
"5","0.4","true","true","false","true","821","8.724","675.5694871273664"
"6","0.5","true","true","false","true","749","9.004","538.524151590068"
"4","0.3","true","true","false","true","742","8.512","812.4959274612747"
"2","0.1","true","true","false","true","725","7.868","1329.4646897166824"
"3","0.2","true","true","false","true","542","8.616","1002.3181061478774"
"8","0.7","true","true","false","true","649","8.692","413.5472238692335"
"1","0","true","true","false","true","673","6.628","1539.2644789869562"
"7","0.6","true","true","false","true","613","9.372","453.7772491867248"
"5","0.4","true","true","false","true","822","8.724","675.5694871273669"
"9","0.8","true","true","false","true","797","8.984","359.26140713124556"
"6","0.5","true","true","false","true","750","9.004","538.524151590068"
"4","0.3","true","true","false","true","743","8.512","812.4959274612747"
"2","0.1","true","true","false","true","726","7.868","1329.4646897166826"
"5","0.4","true","true","false","true","823","8.724","675.5694871273669"
"8","0.7","true","true","false","true","650","8.692","413.54722386923333"
"1","0","true","true","false","true","674","6.632","1540.0285702755868"
"9","0.8","true","true","false","true","798","8.984","359.26140713124533"
"7","0.6","true","true","false","true","614","9.372","453.7772491867249"
"3","0.2","true","true","false","true","543","8.616","1002.3181061478771"
"6","0.5","true","true","false","true","751","9.004","538.5241515900682"
"4","0.3","true","true","false","true","744","8.512","812.4959274612748"
"2","0.1","true","true","false","true","727","7.868","1329.4646897166833"
"5","0.4","true","true","false","true","824","8.724","675.5694871273669"
"9","0.8","true","true","false","true","799","8.984","359.26140713124573"
"6","0.5","true","true","false","true","752","9.004","538.5241515900682"
"1","0","true","true","false","true","675","6.648","1541.8537863381111"
"4","0.3","true","true","false","true","745","8.512","812.4959274612746"
"7","0.6","true","true","false","true","615","9.372","453.7772491867248"
"8","0.7","true","true","false","true","651","8.692","413.5472238692334"
"3","0.2","true","true","false","true","544","8.616","1002.3181061478772"
"5","0.4","true","true","false","true","825","8.724","675.5694871273665"
"2","0.1","true","true","false","true","728","7.868","1329.4646897166822"
"9","0.8","true","true","false","true","800","8.984","359.2614071312452"
"6","0.5","true","true","false","true","753","9.004","538.524151590068"
"1","0","true","true","false","true","676","6.66","1541.6258198405867"
"4","0.3","true","true","false","true","746","8.512","812.4959274612748"
"5","0.4","true","true","false","true","826","8.724","675.5694871273662"
"7","0.6","true","true","false","true","616","9.372","453.77724918672476"
"2","0.1","true","true","false","true","729","7.868","1329.4646897166836"
"8","0.7","true","true","false","true","652","8.692","413.54722386923345"
"3","0.2","true","true","false","true","545","8.616","1002.3181061478776"
"9","0.8","true","true","false","true","801","8.984","359.2614071312455"
"6","0.5","true","true","false","true","754","9.004","538.524151590068"
"5","0.4","true","true","false","true","827","8.724","675.5694871273669"
"1","0","true","true","false","true","677","6.652","1540.0137535334097"
"4","0.3","true","true","false","true","747","8.512","812.4959274612744"
"2","0.1","true","true","false","true","730","7.868","1329.4646897166824"
"7","0.6","true","true","false","true","617","9.372","453.77724918672516"
"6","0.5","true","true","false","true","755","9.004","538.5241515900676"
"8","0.7","true","true","false","true","653","8.692","413.54722386923305"
"9","0.8","true","true","false","true","802","8.984","359.2614071312454"
"5","0.4","true","true","false","true","828","8.724","675.569487127367"
"3","0.2","true","true","false","true","546","8.616","1002.3181061478774"
"4","0.3","true","true","false","true","748","8.512","812.4959274612746"
"1","0","true","true","false","true","678","6.66","1539.4371322926827"
"2","0.1","true","true","false","true","731","7.868","1329.4646897166824"
"6","0.5","true","true","false","true","756","9.004","538.524151590068"
"9","0.8","true","true","false","true","803","8.984","359.26140713124556"
"7","0.6","true","true","false","true","618","9.372","453.7772491867248"
"5","0.4","true","true","false","true","829","8.724","675.5694871273665"
"8","0.7","true","true","false","true","654","8.692","413.54722386923333"
"4","0.3","true","true","false","true","749","8.512","812.4959274612747"
"2","0.1","true","true","false","true","732","7.868","1329.4646897166826"
"6","0.5","true","true","false","true","757","9.004","538.5241515900681"
"3","0.2","true","true","false","true","547","8.616","1002.3181061478779"
"1","0","true","true","false","true","679","6.644","1539.2823281492897"
"9","0.8","true","true","false","true","804","8.984","359.2614071312454"
"5","0.4","true","true","false","true","830","8.724","675.5694871273666"
"7","0.6","true","true","false","true","619","9.372","453.7772491867251"
"8","0.7","true","true","false","true","655","8.692","413.5472238692333"
"4","0.3","true","true","false","true","750","8.512","812.495927461275"
"6","0.5","true","true","false","true","758","9.004","538.524151590068"
"2","0.1","true","true","false","true","733","7.868","1329.4646897166829"
"5","0.4","true","true","false","true","831","8.724","675.5694871273666"
"9","0.8","true","true","false","true","805","8.984","359.26140713124556"
"1","0","true","true","false","true","680","6.652","1538.211515031758"
"3","0.2","true","true","false","true","548","8.616","1002.3181061478781"
"7","0.6","true","true","false","true","620","9.372","453.77724918672516"
"2","0.1","true","true","false","true","734","7.868","1329.464689716682"
"5","0.4","true","true","false","true","832","8.724","675.5694871273666"
"6","0.5","true","true","false","true","759","9.004","538.5241515900676"
"4","0.3","true","true","false","true","751","8.512","812.495927461274"
"8","0.7","true","true","false","true","656","8.692","413.547223869233"
"9","0.8","true","true","false","true","806","8.984","359.26140713124516"
"1","0","true","true","false","true","681","6.648","1538.851330089061"
"3","0.2","true","true","false","true","549","8.616","1002.3181061478768"
"2","0.1","true","true","false","true","735","7.868","1329.4646897166838"
"5","0.4","true","true","false","true","833","8.724","675.5694871273668"
"7","0.6","true","true","false","true","621","9.372","453.77724918672453"
"8","0.7","true","true","false","true","657","8.692","413.5472238692331"
"6","0.5","true","true","false","true","760","9.004","538.524151590068"
"4","0.3","true","true","false","true","752","8.512","812.4959274612743"
"9","0.8","true","true","false","true","807","8.984","359.2614071312456"
"1","0","true","true","false","true","682","6.652","1538.9466607090428"
"5","0.4","true","true","false","true","834","8.724","675.569487127367"
"2","0.1","true","true","false","true","736","7.868","1329.4646897166829"
"6","0.5","true","true","false","true","761","9.004","538.5241515900682"
"4","0.3","true","true","false","true","753","8.512","812.4959274612742"
"7","0.6","true","true","false","true","622","9.372","453.77724918672476"
"8","0.7","true","true","false","true","658","8.692","413.54722386923305"
"3","0.2","true","true","false","true","550","8.616","1002.3181061478776"
"9","0.8","true","true","false","true","808","8.984","359.2614071312452"
"1","0","true","true","false","true","683","6.636","1540.0647804402554"
"5","0.4","true","true","false","true","835","8.724","675.5694871273668"
"2","0.1","true","true","false","true","737","7.868","1329.4646897166824"
"4","0.3","true","true","false","true","754","8.512","812.4959274612748"
"6","0.5","true","true","false","true","762","9.004","538.5241515900676"
"9","0.8","true","true","false","true","809","8.984","359.2614071312454"
"7","0.6","true","true","false","true","623","9.372","453.77724918672453"
"8","0.7","true","true","false","true","659","8.692","413.54722386923305"
"3","0.2","true","true","false","true","551","8.616","1002.3181061478776"
"5","0.4","true","true","false","true","836","8.724","675.5694871273669"
"1","0","true","true","false","true","684","6.66","1540.9849573220292"
"2","0.1","true","true","false","true","738","7.868","1329.4646897166829"
"6","0.5","true","true","false","true","763","9.004","538.5241515900677"
"4","0.3","true","true","false","true","755","8.512","812.4959274612742"
"9","0.8","true","true","false","true","810","8.984","359.26140713124556"
"7","0.6","true","true","false","true","624","9.372","453.7772491867252"
"5","0.4","true","true","false","true","837","8.724","675.5694871273664"
"8","0.7","true","true","false","true","660","8.692","413.54722386923305"
"1","0","true","true","false","true","685","6.668","1540.0617071506301"
"2","0.1","true","true","false","true","739","7.868","1329.4646897166824"
"3","0.2","true","true","false","true","552","8.616","1002.3181061478781"
"6","0.5","true","true","false","true","764","9.004","538.5241515900681"
"4","0.3","true","true","false","true","756","8.512","812.4959274612738"
"9","0.8","true","true","false","true","811","8.984","359.2614071312455"
"5","0.4","true","true","false","true","838","8.724","675.5694871273671"
"7","0.6","true","true","false","true","625","9.372","453.7772491867249"
"1","0","true","true","false","true","686","6.688","1540.4092990794484"
"8","0.7","true","true","false","true","661","8.692","413.5472238692335"
"2","0.1","true","true","false","true","740","7.868","1329.464689716683"
"6","0.5","true","true","false","true","765","9.004","538.5241515900678"
"9","0.8","true","true","false","true","812","8.984","359.26140713124556"
"4","0.3","true","true","false","true","757","8.512","812.4959274612745"
"3","0.2","true","true","false","true","553","8.616","1002.3181061478774"
"5","0.4","true","true","false","true","839","8.724","675.5694871273668"
"6","0.5","true","true","false","true","766","9.004","538.5241515900678"
"1","0","true","true","false","true","687","6.68","1539.9959873152325"
"2","0.1","true","true","false","true","741","7.868","1329.4646897166826"
"7","0.6","true","true","false","true","626","9.372","453.77724918672493"
"9","0.8","true","true","false","true","813","8.984","359.2614071312452"
"8","0.7","true","true","false","true","662","8.692","413.5472238692331"
"4","0.3","true","true","false","true","758","8.512","812.4959274612742"
"5","0.4","true","true","false","true","840","8.724","675.569487127367"
"3","0.2","true","true","false","true","554","8.616","1002.3181061478776"
"6","0.5","true","true","false","true","767","9.004","538.5241515900681"
"9","0.8","true","true","false","true","814","8.984","359.2614071312456"
"2","0.1","true","true","false","true","742","7.868","1329.4646897166838"
"1","0","true","true","false","true","688","6.66","1542.3691753461167"
"4","0.3","true","true","false","true","759","8.512","812.4959274612748"
"8","0.7","true","true","false","true","663","8.692","413.54722386923316"
"7","0.6","true","true","false","true","627","9.372","453.77724918672476"
"5","0.4","true","true","false","true","841","8.724","675.5694871273672"
"6","0.5","true","true","false","true","768","9.004","538.5241515900678"
"9","0.8","true","true","false","true","815","8.984","359.2614071312455"
"3","0.2","true","true","false","true","555","8.616","1002.3181061478776"
"2","0.1","true","true","false","true","743","7.868","1329.4646897166822"
"4","0.3","true","true","false","true","760","8.512","812.4959274612739"
"8","0.7","true","true","false","true","664","8.692","413.5472238692331"
"5","0.4","true","true","false","true","842","8.724","675.5694871273666"
"1","0","true","true","false","true","689","6.652","1541.7603547172012"
"7","0.6","true","true","false","true","628","9.372","453.7772491867249"
"9","0.8","true","true","false","true","816","8.984","359.26140713124573"
"6","0.5","true","true","false","true","769","9.004","538.5241515900682"
"2","0.1","true","true","false","true","744","7.868","1329.4646897166824"
"3","0.2","true","true","false","true","556","8.616","1002.3181061478768"
"4","0.3","true","true","false","true","761","8.512","812.4959274612739"
"5","0.4","true","true","false","true","843","8.724","675.5694871273668"
"8","0.7","true","true","false","true","665","8.692","413.54722386923345"
"6","0.5","true","true","false","true","770","9.004","538.5241515900678"
"1","0","true","true","false","true","690","6.672","1542.478197217065"
"7","0.6","true","true","false","true","629","9.372","453.77724918672493"
"9","0.8","true","true","false","true","817","8.984","359.2614071312456"
"2","0.1","true","true","false","true","745","7.868","1329.4646897166826"
"4","0.3","true","true","false","true","762","8.512","812.4959274612746"
"5","0.4","true","true","false","true","844","8.724","675.5694871273663"
"3","0.2","true","true","false","true","557","8.616","1002.3181061478774"
"6","0.5","true","true","false","true","771","9.004","538.5241515900678"
"8","0.7","true","true","false","true","666","8.692","413.54722386923277"
"1","0","true","true","false","true","691","6.664","1541.7124903368028"
"9","0.8","true","true","false","true","818","8.984","359.26140713124556"
"7","0.6","true","true","false","true","630","9.372","453.77724918672465"
"4","0.3","true","true","false","true","763","8.512","812.4959274612737"
"2","0.1","true","true","false","true","746","7.868","1329.464689716682"
"5","0.4","true","true","false","true","845","8.724","675.5694871273666"
"6","0.5","true","true","false","true","772","9.004","538.5241515900676"
"3","0.2","true","true","false","true","558","8.616","1002.3181061478779"
"9","0.8","true","true","false","true","819","8.984","359.2614071312454"
"8","0.7","true","true","false","true","667","8.692","413.54722386923305"
"1","0","true","true","false","true","692","6.684","1542.0176854786953"
"5","0.4","true","true","false","true","846","8.724","675.5694871273662"
"4","0.3","true","true","false","true","764","8.512","812.4959274612747"
"2","0.1","true","true","false","true","747","7.868","1329.464689716682"
"7","0.6","true","true","false","true","631","9.372","453.7772491867248"
"6","0.5","true","true","false","true","773","9.004","538.5241515900676"
"9","0.8","true","true","false","true","820","8.984","359.2614071312455"
"5","0.4","true","true","false","true","847","8.724","675.569487127367"
"3","0.2","true","true","false","true","559","8.616","1002.3181061478772"
"1","0","true","true","false","true","693","6.672","1542.225534955498"
"8","0.7","true","true","false","true","668","8.692","413.5472238692332"
"4","0.3","true","true","false","true","765","8.512","812.4959274612747"
"2","0.1","true","true","false","true","748","7.868","1329.4646897166833"
"7","0.6","true","true","false","true","632","9.372","453.7772491867252"
"6","0.5","true","true","false","true","774","9.004","538.5241515900681"
"9","0.8","true","true","false","true","821","8.984","359.26140713124545"
"5","0.4","true","true","false","true","848","8.724","675.569487127367"
"1","0","true","true","false","true","694","6.688","1542.9472998919357"
"4","0.3","true","true","false","true","766","8.512","812.4959274612746"
"2","0.1","true","true","false","true","749","7.868","1329.464689716682"
"3","0.2","true","true","false","true","560","8.616","1002.3181061478774"
"8","0.7","true","true","false","true","669","8.692","413.5472238692333"
"6","0.5","true","true","false","true","775","9.004","538.5241515900681"
"7","0.6","true","true","false","true","633","9.372","453.7772491867247"
"9","0.8","true","true","false","true","822","8.984","359.2614071312456"
"5","0.4","true","true","false","true","849","8.724","675.5694871273668"
"1","0","true","true","false","true","695","6.716","1543.0921290136835"
"2","0.1","true","true","false","true","750","7.868","1329.4646897166829"
"4","0.3","true","true","false","true","767","8.512","812.4959274612742"
"6","0.5","true","true","false","true","776","9.004","538.524151590068"
"9","0.8","true","true","false","true","823","8.984","359.26140713124556"
"8","0.7","true","true","false","true","670","8.692","413.5472238692331"
"3","0.2","true","true","false","true","561","8.616","1002.3181061478779"
"7","0.6","true","true","false","true","634","9.372","453.7772491867248"
"5","0.4","true","true","false","true","850","8.724","675.5694871273666"
"1","0","true","true","false","true","696","6.696","1543.5373624043837"
"6","0.5","true","true","false","true","777","9.004","538.5241515900677"
"4","0.3","true","true","false","true","768","8.512","812.4959274612744"
"2","0.1","true","true","false","true","751","7.868","1329.4646897166838"
"9","0.8","true","true","false","true","824","8.984","359.26140713124545"
"7","0.6","true","true","false","true","635","9.372","453.77724918672465"
"8","0.7","true","true","false","true","671","8.692","413.54722386923345"
"5","0.4","true","true","false","true","851","8.724","675.5694871273668"
"3","0.2","true","true","false","true","562","8.616","1002.3181061478776"
"1","0","true","true","false","true","697","6.68","1543.2286163722154"
"9","0.8","true","true","false","true","825","8.984","359.2614071312455"
"6","0.5","true","true","false","true","778","9.004","538.5241515900674"
"4","0.3","true","true","false","true","769","8.512","812.4959274612746"
"2","0.1","true","true","false","true","752","7.868","1329.4646897166829"
"5","0.4","true","true","false","true","852","8.724","675.5694871273668"
"7","0.6","true","true","false","true","636","9.372","453.7772491867247"
"1","0","true","true","false","true","698","6.672","1543.540537674016"
"8","0.7","true","true","false","true","672","8.692","413.54722386923333"
"3","0.2","true","true","false","true","563","8.616","1002.3181061478772"
"6","0.5","true","true","false","true","779","9.004","538.524151590068"
"9","0.8","true","true","false","true","826","8.984","359.2614071312455"
"4","0.3","true","true","false","true","770","8.512","812.4959274612746"
"2","0.1","true","true","false","true","753","7.868","1329.4646897166826"
"5","0.4","true","true","false","true","853","8.724","675.5694871273665"
"1","0","true","true","false","true","699","6.712","1542.0237293304515"
"9","0.8","true","true","false","true","827","8.984","359.26140713124545"
"6","0.5","true","true","false","true","780","9.004","538.5241515900676"
"8","0.7","true","true","false","true","673","8.692","413.5472238692331"
"7","0.6","true","true","false","true","637","9.372","453.77724918672476"
"3","0.2","true","true","false","true","564","8.616","1002.3181061478771"
"5","0.4","true","true","false","true","854","8.724","675.5694871273671"
"4","0.3","true","true","false","true","771","8.512","812.4959274612742"
"9","0.8","true","true","false","true","828","8.984","359.2614071312458"
"2","0.1","true","true","false","true","754","7.868","1329.4646897166824"
"1","0","true","true","false","true","700","6.7","1541.3608730556198"
"3","0.2","true","true","false","true","565","8.616","1002.3181061478771"
"6","0.5","true","true","false","true","781","9.004","538.5241515900682"
"7","0.6","true","true","false","true","638","9.372","453.77724918672465"
"8","0.7","true","true","false","true","674","8.692","413.54722386923305"
"5","0.4","true","true","false","true","855","8.724","675.5694871273665"
"9","0.8","true","true","false","true","829","8.984","359.2614071312455"
"4","0.3","true","true","false","true","772","8.512","812.4959274612742"
"2","0.1","true","true","false","true","755","7.868","1329.4646897166822"
"1","0","true","true","false","true","701","6.708","1542.7837245688813"
"8","0.7","true","true","false","true","675","8.692","413.5472238692334"
"3","0.2","true","true","false","true","566","8.616","1002.3181061478779"
"6","0.5","true","true","false","true","782","9.004","538.5241515900676"
"5","0.4","true","true","false","true","856","8.724","675.5694871273671"
"9","0.8","true","true","false","true","830","8.984","359.26140713124573"
"7","0.6","true","true","false","true","639","9.372","453.77724918672527"
"2","0.1","true","true","false","true","756","7.868","1329.464689716682"
"4","0.3","true","true","false","true","773","8.512","812.4959274612743"
"1","0","true","true","false","true","702","6.728","1542.8691843942531"
"5","0.4","true","true","false","true","857","8.724","675.5694871273665"
"6","0.5","true","true","false","true","783","9.004","538.5241515900677"
"9","0.8","true","true","false","true","831","8.984","359.2614071312452"
"8","0.7","true","true","false","true","676","8.692","413.5472238692332"
"7","0.6","true","true","false","true","640","9.372","453.7772491867247"
"4","0.3","true","true","false","true","774","8.512","812.4959274612743"
"2","0.1","true","true","false","true","757","7.868","1329.4646897166824"
"3","0.2","true","true","false","true","567","8.616","1002.3181061478772"
"5","0.4","true","true","false","true","858","8.724","675.5694871273665"
"1","0","true","true","false","true","703","6.716","1543.0952979139915"
"6","0.5","true","true","false","true","784","9.004","538.5241515900681"
"9","0.8","true","true","false","true","832","8.984","359.26140713124556"
"4","0.3","true","true","false","true","775","8.512","812.4959274612747"
"8","0.7","true","true","false","true","677","8.692","413.5472238692334"
"2","0.1","true","true","false","true","758","7.868","1329.4646897166824"
"7","0.6","true","true","false","true","641","9.372","453.7772491867247"
"3","0.2","true","true","false","true","568","8.616","1002.3181061478776"
"1","0","true","true","false","true","704","6.724","1543.491908514973"
"5","0.4","true","true","false","true","859","8.724","675.5694871273665"
"9","0.8","true","true","false","true","833","8.984","359.2614071312454"
"6","0.5","true","true","false","true","785","9.004","538.5241515900675"
"4","0.3","true","true","false","true","776","8.512","812.4959274612745"
"8","0.7","true","true","false","true","678","8.692","413.54722386923316"
"2","0.1","true","true","false","true","759","7.868","1329.464689716683"
"7","0.6","true","true","false","true","642","9.372","453.77724918672516"
"5","0.4","true","true","false","true","860","8.724","675.5694871273669"
"1","0","true","true","false","true","705","6.708","1545.2967288561194"
"6","0.5","true","true","false","true","786","9.004","538.5241515900677"
"9","0.8","true","true","false","true","834","8.984","359.26140713124556"
"4","0.3","true","true","false","true","777","8.512","812.4959274612746"
"3","0.2","true","true","false","true","569","8.616","1002.3181061478768"
"8","0.7","true","true","false","true","679","8.692","413.5472238692331"
"5","0.4","true","true","false","true","861","8.724","675.5694871273668"
"2","0.1","true","true","false","true","760","7.868","1329.464689716682"
"7","0.6","true","true","false","true","643","9.372","453.7772491867249"
"9","0.8","true","true","false","true","835","8.984","359.2614071312455"
"6","0.5","true","true","false","true","787","9.004","538.5241515900682"
"1","0","true","true","false","true","706","6.716","1545.20303078087"
"4","0.3","true","true","false","true","778","8.512","812.4959274612748"
"3","0.2","true","true","false","true","570","8.616","1002.3181061478781"
"5","0.4","true","true","false","true","862","8.724","675.5694871273671"
"2","0.1","true","true","false","true","761","7.868","1329.4646897166822"
"8","0.7","true","true","false","true","680","8.692","413.5472238692331"
"9","0.8","true","true","false","true","836","8.984","359.26140713124545"
"6","0.5","true","true","false","true","788","9.004","538.5241515900678"
"7","0.6","true","true","false","true","644","9.372","453.77724918672453"
"1","0","true","true","false","true","707","6.72","1546.3915942252256"
"4","0.3","true","true","false","true","779","8.512","812.4959274612751"
"5","0.4","true","true","false","true","863","8.724","675.5694871273669"
"6","0.5","true","true","false","true","789","9.004","538.5241515900682"
"9","0.8","true","true","false","true","837","8.984","359.2614071312455"
"2","0.1","true","true","false","true","762","7.868","1329.4646897166829"
"3","0.2","true","true","false","true","571","8.616","1002.3181061478768"
"8","0.7","true","true","false","true","681","8.692","413.5472238692333"
"4","0.3","true","true","false","true","780","8.512","812.4959274612748"
"7","0.6","true","true","false","true","645","9.372","453.77724918672493"
"1","0","true","true","false","true","708","6.712","1546.3247633794942"
"5","0.4","true","true","false","true","864","8.724","675.5694871273668"
"9","0.8","true","true","false","true","838","8.984","359.26140713124545"
"6","0.5","true","true","false","true","790","9.004","538.5241515900678"
"2","0.1","true","true","false","true","763","7.868","1329.4646897166829"
"4","0.3","true","true","false","true","781","8.512","812.4959274612742"
"8","0.7","true","true","false","true","682","8.692","413.54722386923333"
"3","0.2","true","true","false","true","572","8.616","1002.3181061478764"
"1","0","true","true","false","true","709","6.728","1546.666557822806"
"7","0.6","true","true","false","true","646","9.372","453.7772491867249"
"5","0.4","true","true","false","true","865","8.724","675.5694871273669"
"6","0.5","true","true","false","true","791","9.004","538.5241515900676"
"9","0.8","true","true","false","true","839","8.984","359.2614071312454"
"2","0.1","true","true","false","true","764","7.868","1329.4646897166824"
"4","0.3","true","true","false","true","782","8.512","812.4959274612742"
"8","0.7","true","true","false","true","683","8.692","413.54722386923333"
"5","0.4","true","true","false","true","866","8.724","675.5694871273661"
"6","0.5","true","true","false","true","792","9.004","538.5241515900676"
"1","0","true","true","false","true","710","6.72","1547.722998971215"
"7","0.6","true","true","false","true","647","9.372","453.7772491867251"
"2","0.1","true","true","false","true","765","7.868","1329.464689716683"
"3","0.2","true","true","false","true","573","8.616","1002.3181061478776"
"9","0.8","true","true","false","true","840","8.984","359.2614071312457"
"4","0.3","true","true","false","true","783","8.512","812.4959274612747"
"5","0.4","true","true","false","true","867","8.724","675.5694871273665"
"8","0.7","true","true","false","true","684","8.692","413.5472238692332"
"6","0.5","true","true","false","true","793","9.004","538.524151590068"
"1","0","true","true","false","true","711","6.708","1548.0314994456978"
"2","0.1","true","true","false","true","766","7.868","1329.4646897166836"
"4","0.3","true","true","false","true","784","8.512","812.4959274612748"
"9","0.8","true","true","false","true","841","8.984","359.2614071312454"
"7","0.6","true","true","false","true","648","9.372","453.77724918672465"
"5","0.4","true","true","false","true","868","8.724","675.5694871273666"
"3","0.2","true","true","false","true","574","8.616","1002.3181061478783"
"8","0.7","true","true","false","true","685","8.692","413.54722386923294"
"1","0","true","true","false","true","712","6.712","1547.8637933420182"
"6","0.5","true","true","false","true","794","9.004","538.5241515900678"
"2","0.1","true","true","false","true","767","7.868","1329.4646897166826"
"4","0.3","true","true","false","true","785","8.512","812.4959274612744"
"5","0.4","true","true","false","true","869","8.724","675.5694871273673"
"9","0.8","true","true","false","true","842","8.984","359.26140713124556"
"3","0.2","true","true","false","true","575","8.616","1002.3181061478768"
"6","0.5","true","true","false","true","795","9.004","538.5241515900678"
"8","0.7","true","true","false","true","686","8.692","413.5472238692331"
"7","0.6","true","true","false","true","649","9.372","453.777249186725"
"1","0","true","true","false","true","713","6.712","1547.0218912249973"
"2","0.1","true","true","false","true","768","7.868","1329.4646897166842"
"4","0.3","true","true","false","true","786","8.512","812.4959274612742"
"5","0.4","true","true","false","true","870","8.724","675.5694871273665"
"9","0.8","true","true","false","true","843","8.984","359.2614071312455"
"6","0.5","true","true","false","true","796","9.004","538.5241515900682"
"3","0.2","true","true","false","true","576","8.616","1002.3181061478781"
"2","0.1","true","true","false","true","769","7.868","1329.464689716683"
"8","0.7","true","true","false","true","687","8.692","413.5472238692336"
"1","0","true","true","false","true","714","6.704","1547.630601291592"
"7","0.6","true","true","false","true","650","9.372","453.77724918672476"
"4","0.3","true","true","false","true","787","8.512","812.4959274612739"
"5","0.4","true","true","false","true","871","8.724","675.5694871273661"
"9","0.8","true","true","false","true","844","8.984","359.26140713124556"
"6","0.5","true","true","false","true","797","9.004","538.5241515900681"
"7","0.6","true","true","false","true","651","9.372","453.7772491867249"
"1","0","true","true","false","true","715","6.696","1548.1438950997451"
"2","0.1","true","true","false","true","770","7.868","1329.464689716682"
"5","0.4","true","true","false","true","872","8.724","675.5694871273669"
"4","0.3","true","true","false","true","788","8.512","812.4959274612737"
"3","0.2","true","true","false","true","577","8.616","1002.3181061478771"
"9","0.8","true","true","false","true","845","8.984","359.26140713124556"
"8","0.7","true","true","false","true","688","8.692","413.5472238692333"
"6","0.5","true","true","false","true","798","9.004","538.5241515900677"
"7","0.6","true","true","false","true","652","9.372","453.77724918672465"
"5","0.4","true","true","false","true","873","8.724","675.5694871273669"
"2","0.1","true","true","false","true","771","7.868","1329.4646897166829"
"1","0","true","true","false","true","716","6.672","1548.701867520063"
"9","0.8","true","true","false","true","846","8.984","359.26140713124516"
"4","0.3","true","true","false","true","789","8.512","812.4959274612747"
"3","0.2","true","true","false","true","578","8.616","1002.3181061478776"
"6","0.5","true","true","false","true","799","9.004","538.5241515900683"
"7","0.6","true","true","false","true","653","9.372","453.7772491867247"
"8","0.7","true","true","false","true","689","8.692","413.54722386923316"
"1","0","true","true","false","true","717","6.676","1549.7037728849518"
"2","0.1","true","true","false","true","772","7.868","1329.4646897166829"
"5","0.4","true","true","false","true","874","8.724","675.5694871273668"
"9","0.8","true","true","false","true","847","8.984","359.2614071312455"
"6","0.5","true","true","false","true","800","9.004","538.524151590068"
"7","0.6","true","true","false","true","654","9.372","453.7772491867247"
"4","0.3","true","true","false","true","790","8.512","812.4959274612743"
"1","0","true","true","false","true","718","6.644","1549.9606682910012"
"3","0.2","true","true","false","true","579","8.616","1002.3181061478779"
"8","0.7","true","true","false","true","690","8.692","413.54722386923316"
"2","0.1","true","true","false","true","773","7.868","1329.4646897166822"
"5","0.4","true","true","false","true","875","8.724","675.5694871273666"
"9","0.8","true","true","false","true","848","8.984","359.26140713124556"
"6","0.5","true","true","false","true","801","9.004","538.5241515900677"
"1","0","true","true","false","true","719","6.644","1551.108340039182"
"7","0.6","true","true","false","true","655","9.372","453.7772491867247"
"3","0.2","true","true","false","true","580","8.616","1002.3181061478774"
"4","0.3","true","true","false","true","791","8.512","812.4959274612748"
"8","0.7","true","true","false","true","691","8.692","413.54722386923294"
"9","0.8","true","true","false","true","849","8.984","359.2614071312455"
"1","0","true","true","false","true","720","6.66","1550.733788619301"
"6","0.5","true","true","false","true","802","9.004","538.5241515900681"
"5","0.4","true","true","false","true","876","8.724","675.5694871273664"
"2","0.1","true","true","false","true","774","7.868","1329.4646897166838"
"9","0.8","true","true","false","true","850","8.984","359.26140713124556"
"7","0.6","true","true","false","true","656","9.372","453.777249186725"
"1","0","true","true","false","true","721","6.628","1549.9415328778432"
"4","0.3","true","true","false","true","792","8.512","812.4959274612745"
"6","0.5","true","true","false","true","803","9.004","538.5241515900681"
"8","0.7","true","true","false","true","692","8.692","413.5472238692331"
"9","0.8","true","true","false","true","851","8.984","359.2614071312453"
"3","0.2","true","true","false","true","581","8.616","1002.3181061478781"
"2","0.1","true","true","false","true","775","7.868","1329.4646897166833"
"5","0.4","true","true","false","true","877","8.724","675.5694871273666"
"1","0","true","true","false","true","722","6.644","1549.3771967839511"
"4","0.3","true","true","false","true","793","8.512","812.4959274612744"
"7","0.6","true","true","false","true","657","9.372","453.77724918672516"
"6","0.5","true","true","false","true","804","9.004","538.5241515900682"
"5","0.4","true","true","false","true","878","8.724","675.5694871273669"
"9","0.8","true","true","false","true","852","8.984","359.26140713124516"
"2","0.1","true","true","false","true","776","7.868","1329.464689716683"
"4","0.3","true","true","false","true","794","8.512","812.4959274612745"
"8","0.7","true","true","false","true","693","8.692","413.5472238692334"
"1","0","true","true","false","true","723","6.664","1547.7024500764646"
"6","0.5","true","true","false","true","805","9.004","538.524151590068"
"3","0.2","true","true","false","true","582","8.616","1002.3181061478776"
"9","0.8","true","true","false","true","853","8.984","359.2614071312454"
"7","0.6","true","true","false","true","658","9.372","453.7772491867248"
"5","0.4","true","true","false","true","879","8.724","675.569487127367"
"2","0.1","true","true","false","true","777","7.868","1329.4646897166826"
"6","0.5","true","true","false","true","806","9.004","538.5241515900677"
"8","0.7","true","true","false","true","694","8.692","413.54722386923305"
"1","0","true","true","false","true","724","6.66","1547.2737701469055"
"4","0.3","true","true","false","true","795","8.512","812.4959274612742"
"9","0.8","true","true","false","true","854","8.984","359.2614071312455"
"5","0.4","true","true","false","true","880","8.724","675.5694871273669"
"2","0.1","true","true","false","true","778","7.868","1329.4646897166829"
"7","0.6","true","true","false","true","659","9.372","453.777249186725"
"3","0.2","true","true","false","true","583","8.616","1002.3181061478774"
"1","0","true","true","false","true","725","6.664","1546.6271179989315"
"6","0.5","true","true","false","true","807","9.004","538.5241515900681"
"8","0.7","true","true","false","true","695","8.692","413.54722386923305"
"4","0.3","true","true","false","true","796","8.512","812.4959274612742"
"9","0.8","true","true","false","true","855","8.984","359.2614071312454"
"5","0.4","true","true","false","true","881","8.724","675.5694871273669"
"2","0.1","true","true","false","true","779","7.868","1329.4646897166824"
"7","0.6","true","true","false","true","660","9.372","453.7772491867251"
"6","0.5","true","true","false","true","808","9.004","538.5241515900681"
"1","0","true","true","false","true","726","6.684","1545.6891310236551"
"4","0.3","true","true","false","true","797","8.512","812.4959274612747"
"9","0.8","true","true","false","true","856","8.984","359.2614071312452"
"5","0.4","true","true","false","true","882","8.724","675.5694871273668"
"8","0.7","true","true","false","true","696","8.692","413.5472238692332"
"3","0.2","true","true","false","true","584","8.616","1002.3181061478771"
"2","0.1","true","true","false","true","780","7.868","1329.4646897166824"
"6","0.5","true","true","false","true","809","9.004","538.524151590068"
"7","0.6","true","true","false","true","661","9.372","453.7772491867249"
"1","0","true","true","false","true","727","6.66","1545.0096169558617"
"5","0.4","true","true","false","true","883","8.724","675.5694871273666"
"4","0.3","true","true","false","true","798","8.512","812.4959274612746"
"9","0.8","true","true","false","true","857","8.984","359.2614071312457"
"2","0.1","true","true","false","true","781","7.868","1329.4646897166829"
"3","0.2","true","true","false","true","585","8.616","1002.3181061478779"
"1","0","true","true","false","true","728","6.664","1544.0129872275254"
"5","0.4","true","true","false","true","884","8.724","675.5694871273665"
"6","0.5","true","true","false","true","810","9.004","538.5241515900677"
"7","0.6","true","true","false","true","662","9.372","453.7772491867248"
"8","0.7","true","true","false","true","697","8.692","413.5472238692333"
"4","0.3","true","true","false","true","799","8.512","812.4959274612744"
"9","0.8","true","true","false","true","858","8.984","359.26140713124556"
"5","0.4","true","true","false","true","885","8.724","675.5694871273669"
"2","0.1","true","true","false","true","782","7.868","1329.4646897166826"
"3","0.2","true","true","false","true","586","8.616","1002.3181061478772"
"1","0","true","true","false","true","729","6.656","1544.8713142055115"
"4","0.3","true","true","false","true","800","8.512","812.4959274612747"
"9","0.8","true","true","false","true","859","8.984","359.2614071312453"
"6","0.5","true","true","false","true","811","9.004","538.5241515900676"
"7","0.6","true","true","false","true","663","9.372","453.77724918672476"
"5","0.4","true","true","false","true","886","8.724","675.5694871273665"
"8","0.7","true","true","false","true","698","8.692","413.547223869233"
"2","0.1","true","true","false","true","783","7.868","1329.464689716683"
"1","0","true","true","false","true","730","6.668","1545.0225579234802"
"3","0.2","true","true","false","true","587","8.616","1002.3181061478779"
"4","0.3","true","true","false","true","801","8.512","812.4959274612745"
"9","0.8","true","true","false","true","860","8.984","359.26140713124556"
"7","0.6","true","true","false","true","664","9.372","453.7772491867252"
"1","0","true","true","false","true","731","6.68","1547.10243490543"
"6","0.5","true","true","false","true","812","9.004","538.5241515900675"
"5","0.4","true","true","false","true","887","8.724","675.5694871273666"
"8","0.7","true","true","false","true","699","8.692","413.547223869233"
"2","0.1","true","true","false","true","784","7.868","1329.4646897166822"
"4","0.3","true","true","false","true","802","8.512","812.4959274612747"
"9","0.8","true","true","false","true","861","8.984","359.2614071312455"
"7","0.6","true","true","false","true","665","9.372","453.777249186725"
"3","0.2","true","true","false","true","588","8.616","1002.3181061478774"
"1","0","true","true","false","true","732","6.632","1545.9218760359618"
"6","0.5","true","true","false","true","813","9.004","538.524151590068"
"5","0.4","true","true","false","true","888","8.724","675.5694871273665"
"4","0.3","true","true","false","true","803","8.512","812.4959274612746"
"8","0.7","true","true","false","true","700","8.692","413.54722386923305"
"7","0.6","true","true","false","true","666","9.372","453.77724918672476"
"2","0.1","true","true","false","true","785","7.868","1329.4646897166826"
"9","0.8","true","true","false","true","862","8.984","359.2614071312453"
"6","0.5","true","true","false","true","814","9.004","538.5241515900677"
"5","0.4","true","true","false","true","889","8.724","675.5694871273669"
"3","0.2","true","true","false","true","589","8.616","1002.3181061478772"
"1","0","true","true","false","true","733","6.64","1545.39684881007"
"4","0.3","true","true","false","true","804","8.512","812.495927461275"
"8","0.7","true","true","false","true","701","8.692","413.54722386923305"
"7","0.6","true","true","false","true","667","9.372","453.7772491867248"
"2","0.1","true","true","false","true","786","7.868","1329.4646897166824"
"1","0","true","true","false","true","734","6.736","1545.6703804776344"
"6","0.5","true","true","false","true","815","9.004","538.5241515900676"
"3","0.2","true","true","false","true","590","8.616","1002.3181061478774"
"9","0.8","true","true","false","true","863","8.984","359.26140713124533"
"8","0.7","true","true","false","true","702","8.692","413.54722386923277"
"4","0.3","true","true","false","true","805","8.512","812.4959274612742"
"5","0.4","true","true","false","true","890","8.724","675.5694871273668"
"2","0.1","true","true","false","true","787","7.868","1329.4646897166829"
"7","0.6","true","true","false","true","668","9.372","453.7772491867247"
"1","0","true","true","false","true","735","6.664","1546.2018991609784"
"9","0.8","true","true","false","true","864","8.984","359.26140713124556"
"3","0.2","true","true","false","true","591","8.616","1002.3181061478772"
"6","0.5","true","true","false","true","816","9.004","538.5241515900682"
"5","0.4","true","true","false","true","891","8.724","675.5694871273669"
"8","0.7","true","true","false","true","703","8.692","413.54722386923333"
"4","0.3","true","true","false","true","806","8.512","812.4959274612736"
"7","0.6","true","true","false","true","669","9.372","453.7772491867253"
"9","0.8","true","true","false","true","865","8.984","359.26140713124545"
"2","0.1","true","true","false","true","788","7.868","1329.4646897166824"
"1","0","true","true","false","true","736","6.688","1545.6305525322157"
"8","0.7","true","true","false","true","704","8.692","413.547223869233"
"5","0.4","true","true","false","true","892","8.724","675.5694871273665"
"6","0.5","true","true","false","true","817","9.004","538.5241515900682"
"3","0.2","true","true","false","true","592","8.616","1002.3181061478779"
"7","0.6","true","true","false","true","670","9.372","453.7772491867249"
"4","0.3","true","true","false","true","807","8.512","812.4959274612742"
"9","0.8","true","true","false","true","866","8.984","359.2614071312457"
"2","0.1","true","true","false","true","789","7.868","1329.4646897166822"
"1","0","true","true","false","true","737","6.672","1546.9582072649434"
"5","0.4","true","true","false","true","893","8.724","675.5694871273665"
"8","0.7","true","true","false","true","705","8.692","413.54722386923305"
"7","0.6","true","true","false","true","671","9.372","453.7772491867246"
"9","0.8","true","true","false","true","867","8.984","359.26140713124556"
"6","0.5","true","true","false","true","818","9.004","538.5241515900675"
"3","0.2","true","true","false","true","593","8.616","1002.3181061478768"
"1","0","true","true","false","true","738","6.708","1546.9142594923892"
"4","0.3","true","true","false","true","808","8.512","812.4959274612747"
"5","0.4","true","true","false","true","894","8.724","675.5694871273666"
"2","0.1","true","true","false","true","790","7.868","1329.464689716682"
"8","0.7","true","true","false","true","706","8.692","413.54722386923333"
"1","0","true","true","false","true","739","6.684","1547.1193315543362"
"9","0.8","true","true","false","true","868","8.984","359.2614071312454"
"6","0.5","true","true","false","true","819","9.004","538.5241515900675"
"4","0.3","true","true","false","true","809","8.512","812.4959274612751"
"3","0.2","true","true","false","true","594","8.616","1002.3181061478768"
"5","0.4","true","true","false","true","895","8.724","675.5694871273664"
"2","0.1","true","true","false","true","791","7.868","1329.4646897166824"
"7","0.6","true","true","false","true","672","9.372","453.77724918672476"
"8","0.7","true","true","false","true","707","8.692","413.5472238692334"
"1","0","true","true","false","true","740","6.672","1545.8396308886615"
"5","0.4","true","true","false","true","896","8.724","675.5694871273666"
"7","0.6","true","true","false","true","673","9.372","453.777249186725"
"9","0.8","true","true","false","true","869","8.984","359.26140713124533"
"6","0.5","true","true","false","true","820","9.004","538.5241515900677"
"3","0.2","true","true","false","true","595","8.616","1002.3181061478772"
"4","0.3","true","true","false","true","810","8.512","812.4959274612744"
"2","0.1","true","true","false","true","792","7.868","1329.4646897166822"
"5","0.4","true","true","false","true","897","8.724","675.5694871273671"
"8","0.7","true","true","false","true","708","8.692","413.54722386923305"
"6","0.5","true","true","false","true","821","9.004","538.5241515900676"
"9","0.8","true","true","false","true","870","8.984","359.26140713124556"
"1","0","true","true","false","true","741","6.66","1545.6162123724023"
"4","0.3","true","true","false","true","811","8.512","812.495927461274"
"7","0.6","true","true","false","true","674","9.372","453.77724918672453"
"3","0.2","true","true","false","true","596","8.616","1002.3181061478779"
"2","0.1","true","true","false","true","793","7.868","1329.4646897166829"
"5","0.4","true","true","false","true","898","8.724","675.5694871273665"
"8","0.7","true","true","false","true","709","8.692","413.5472238692331"
"9","0.8","true","true","false","true","871","8.984","359.26140713124556"
"6","0.5","true","true","false","true","822","9.004","538.524151590068"
"1","0","true","true","false","true","742","6.668","1547.5383583066198"
"4","0.3","true","true","false","true","812","8.512","812.4959274612746"
"7","0.6","true","true","false","true","675","9.372","453.7772491867248"
"2","0.1","true","true","false","true","794","7.868","1329.4646897166836"
"5","0.4","true","true","false","true","899","8.724","675.5694871273665"
"9","0.8","true","true","false","true","872","8.984","359.26140713124556"
"6","0.5","true","true","false","true","823","9.004","538.5241515900677"
"3","0.2","true","true","false","true","597","8.616","1002.3181061478774"
"1","0","true","true","false","true","743","6.64","1546.4083923497549"
"8","0.7","true","true","false","true","710","8.692","413.54722386923305"
"4","0.3","true","true","false","true","813","8.512","812.4959274612744"
"7","0.6","true","true","false","true","676","9.372","453.777249186725"
"5","0.4","true","true","false","true","900","8.724","675.5694871273668"
"9","0.8","true","true","false","true","873","8.984","359.2614071312455"
"6","0.5","true","true","false","true","824","9.004","538.524151590068"
"3","0.2","true","true","false","true","598","8.616","1002.3181061478774"
"2","0.1","true","true","false","true","795","7.868","1329.4646897166833"
"1","0","true","true","false","true","744","6.632","1546.0817720138539"
"8","0.7","true","true","false","true","711","8.692","413.5472238692335"
"4","0.3","true","true","false","true","814","8.512","812.495927461275"
"5","0.4","true","true","false","true","901","8.724","675.5694871273663"
"7","0.6","true","true","false","true","677","9.372","453.77724918672516"
"6","0.5","true","true","false","true","825","9.004","538.5241515900674"
"9","0.8","true","true","false","true","874","8.984","359.26140713124556"
"3","0.2","true","true","false","true","599","8.616","1002.3181061478772"
"2","0.1","true","true","false","true","796","7.868","1329.4646897166824"
"5","0.4","true","true","false","true","902","8.724","675.5694871273665"
"8","0.7","true","true","false","true","712","8.692","413.5472238692333"
"4","0.3","true","true","false","true","815","8.512","812.4959274612747"
"1","0","true","true","false","true","745","6.652","1547.0488239599817"
"9","0.8","true","true","false","true","875","8.984","359.2614071312452"
"7","0.6","true","true","false","true","678","9.372","453.77724918672465"
"6","0.5","true","true","false","true","826","9.004","538.5241515900681"
"5","0.4","true","true","false","true","903","8.724","675.5694871273666"
"2","0.1","true","true","false","true","797","7.868","1329.4646897166826"
"4","0.3","true","true","false","true","816","8.512","812.4959274612746"
"8","0.7","true","true","false","true","713","8.692","413.5472238692333"
"3","0.2","true","true","false","true","600","8.616","1002.3181061478781"
"1","0","true","true","false","true","746","6.664","1547.0160104494873"
"7","0.6","true","true","false","true","679","9.372","453.77724918672516"
"9","0.8","true","true","false","true","876","8.984","359.26140713124556"
"6","0.5","true","true","false","true","827","9.004","538.5241515900678"
"5","0.4","true","true","false","true","904","8.724","675.5694871273669"
"2","0.1","true","true","false","true","798","7.868","1329.4646897166824"
"4","0.3","true","true","false","true","817","8.512","812.4959274612747"
"1","0","true","true","false","true","747","6.644","1547.366854800464"
"3","0.2","true","true","false","true","601","8.616","1002.3181061478771"
"7","0.6","true","true","false","true","680","9.372","453.7772491867248"
"8","0.7","true","true","false","true","714","8.692","413.5472238692331"
"9","0.8","true","true","false","true","877","8.984","359.26140713124516"
"6","0.5","true","true","false","true","828","9.004","538.5241515900676"
"5","0.4","true","true","false","true","905","8.724","675.5694871273665"
"2","0.1","true","true","false","true","799","7.868","1329.4646897166824"
"4","0.3","true","true","false","true","818","8.512","812.495927461274"
"1","0","true","true","false","true","748","6.644","1548.351752759298"
"9","0.8","true","true","false","true","878","8.984","359.26140713124545"
"7","0.6","true","true","false","true","681","9.372","453.77724918672493"
"6","0.5","true","true","false","true","829","9.004","538.5241515900682"
"5","0.4","true","true","false","true","906","8.724","675.5694871273671"
"2","0.1","true","true","false","true","800","7.868","1329.4646897166836"
"1","0","true","true","false","true","749","6.616","1549.7662531028977"
"3","0.2","true","true","false","true","602","8.616","1002.3181061478772"
"4","0.3","true","true","false","true","819","8.512","812.4959274612748"
"8","0.7","true","true","false","true","715","8.692","413.5472238692332"
"6","0.5","true","true","false","true","830","9.004","538.5241515900674"
"9","0.8","true","true","false","true","879","8.984","359.2614071312457"
"1","0","true","true","false","true","750","6.628","1550.02887285716"
"5","0.4","true","true","false","true","907","8.724","675.5694871273669"
"7","0.6","true","true","false","true","682","9.372","453.7772491867246"
"2","0.1","true","true","false","true","801","7.868","1329.4646897166829"
"4","0.3","true","true","false","true","820","8.512","812.4959274612744"
"8","0.7","true","true","false","true","716","8.692","413.5472238692331"
"9","0.8","true","true","false","true","880","8.984","359.26140713124585"
"6","0.5","true","true","false","true","831","9.004","538.5241515900677"
"3","0.2","true","true","false","true","603","8.616","1002.3181061478771"
"2","0.1","true","true","false","true","802","7.868","1329.4646897166824"
"1","0","true","true","false","true","751","6.62","1550.2257635671754"
"5","0.4","true","true","false","true","908","8.724","675.5694871273662"
"4","0.3","true","true","false","true","821","8.512","812.4959274612742"
"8","0.7","true","true","false","true","717","8.692","413.54722386923316"
"9","0.8","true","true","false","true","881","8.984","359.2614071312455"
"7","0.6","true","true","false","true","683","9.372","453.777249186725"
"6","0.5","true","true","false","true","832","9.004","538.5241515900682"
"3","0.2","true","true","false","true","604","8.616","1002.3181061478772"
"2","0.1","true","true","false","true","803","7.868","1329.464689716682"
"5","0.4","true","true","false","true","909","8.724","675.5694871273668"
"1","0","true","true","false","true","752","6.612","1550.559554018963"
"4","0.3","true","true","false","true","822","8.512","812.4959274612745"
"7","0.6","true","true","false","true","684","9.372","453.77724918672516"
"8","0.7","true","true","false","true","718","8.692","413.54722386923333"
"6","0.5","true","true","false","true","833","9.004","538.5241515900675"
"9","0.8","true","true","false","true","882","8.984","359.2614071312454"
"2","0.1","true","true","false","true","804","7.868","1329.4646897166829"
"5","0.4","true","true","false","true","910","8.724","675.5694871273669"
"6","0.5","true","true","false","true","834","9.004","538.5241515900681"
"4","0.3","true","true","false","true","823","8.512","812.4959274612743"
"7","0.6","true","true","false","true","685","9.372","453.777249186725"
"1","0","true","true","false","true","753","6.62","1552.4800713385303"
"8","0.7","true","true","false","true","719","8.692","413.54722386923316"
"3","0.2","true","true","false","true","605","8.616","1002.3181061478779"
"9","0.8","true","true","false","true","883","8.984","359.26140713124556"
"5","0.4","true","true","false","true","911","8.724","675.5694871273665"
"2","0.1","true","true","false","true","805","7.868","1329.4646897166826"
"4","0.3","true","true","false","true","824","8.512","812.4959274612742"
"1","0","true","true","false","true","754","6.636","1551.8629622745402"
"6","0.5","true","true","false","true","835","9.004","538.5241515900676"
"7","0.6","true","true","false","true","686","9.372","453.77724918672476"
"8","0.7","true","true","false","true","720","8.692","413.54722386923305"
"3","0.2","true","true","false","true","606","8.616","1002.3181061478776"
"9","0.8","true","true","false","true","884","8.984","359.2614071312456"
"5","0.4","true","true","false","true","912","8.724","675.5694871273666"
"4","0.3","true","true","false","true","825","8.512","812.4959274612744"
"6","0.5","true","true","false","true","836","9.004","538.5241515900681"
"1","0","true","true","false","true","755","6.596","1551.2458826296206"
"2","0.1","true","true","false","true","806","7.868","1329.4646897166829"
"7","0.6","true","true","false","true","687","9.372","453.7772491867251"
"3","0.2","true","true","false","true","607","8.616","1002.3181061478779"
"9","0.8","true","true","false","true","885","8.984","359.2614071312455"
"8","0.7","true","true","false","true","721","8.692","413.5472238692333"
"1","0","true","true","false","true","756","6.628","1549.4546169723894"
"6","0.5","true","true","false","true","837","9.004","538.5241515900681"
"5","0.4","true","true","false","true","913","8.724","675.5694871273668"
"2","0.1","true","true","false","true","807","7.868","1329.464689716683"
"4","0.3","true","true","false","true","826","8.512","812.4959274612742"
"9","0.8","true","true","false","true","886","8.984","359.2614071312452"
"7","0.6","true","true","false","true","688","9.372","453.77724918672493"
"8","0.7","true","true","false","true","722","8.692","413.54722386923356"
"6","0.5","true","true","false","true","838","9.004","538.524151590068"
"3","0.2","true","true","false","true","608","8.616","1002.3181061478779"
"1","0","true","true","false","true","757","6.584","1549.1103089058952"
"9","0.8","true","true","false","true","887","8.984","359.26140713124516"
"2","0.1","true","true","false","true","808","7.868","1329.4646897166824"
"5","0.4","true","true","false","true","914","8.724","675.5694871273669"
"4","0.3","true","true","false","true","827","8.512","812.4959274612745"
"7","0.6","true","true","false","true","689","9.372","453.7772491867249"
"8","0.7","true","true","false","true","723","8.692","413.5472238692333"
"1","0","true","true","false","true","758","6.624","1548.271802362564"
"6","0.5","true","true","false","true","839","9.004","538.5241515900677"
"3","0.2","true","true","false","true","609","8.616","1002.3181061478771"
"9","0.8","true","true","false","true","888","8.984","359.2614071312455"
"5","0.4","true","true","false","true","915","8.724","675.5694871273669"
"2","0.1","true","true","false","true","809","7.868","1329.464689716682"
"4","0.3","true","true","false","true","828","8.512","812.4959274612743"
"6","0.5","true","true","false","true","840","9.004","538.524151590068"
"1","0","true","true","false","true","759","6.616","1547.7239209211398"
"8","0.7","true","true","false","true","724","8.692","413.54722386923356"
"9","0.8","true","true","false","true","889","8.984","359.2614071312456"
"7","0.6","true","true","false","true","690","9.372","453.77724918672465"
"3","0.2","true","true","false","true","610","8.616","1002.3181061478766"
"5","0.4","true","true","false","true","916","8.724","675.5694871273665"
"6","0.5","true","true","false","true","841","9.004","538.524151590068"
"2","0.1","true","true","false","true","810","7.868","1329.4646897166833"
"4","0.3","true","true","false","true","829","8.512","812.4959274612742"
"9","0.8","true","true","false","true","890","8.984","359.2614071312454"
"1","0","true","true","false","true","760","6.616","1547.8977049040948"
"5","0.4","true","true","false","true","917","8.724","675.5694871273665"
"8","0.7","true","true","false","true","725","8.692","413.54722386923316"
"3","0.2","true","true","false","true","611","8.616","1002.3181061478768"
"6","0.5","true","true","false","true","842","9.004","538.5241515900677"
"7","0.6","true","true","false","true","691","9.372","453.7772491867251"
"2","0.1","true","true","false","true","811","7.868","1329.464689716683"
"4","0.3","true","true","false","true","830","8.512","812.4959274612743"
"9","0.8","true","true","false","true","891","8.984","359.26140713124556"
"5","0.4","true","true","false","true","918","8.724","675.569487127367"
"3","0.2","true","true","false","true","612","8.616","1002.3181061478776"
"1","0","true","true","false","true","761","6.612","1548.2639120554616"
"6","0.5","true","true","false","true","843","9.004","538.5241515900682"
"8","0.7","true","true","false","true","726","8.692","413.5472238692333"
"2","0.1","true","true","false","true","812","7.868","1329.464689716682"
"4","0.3","true","true","false","true","831","8.512","812.4959274612743"
"7","0.6","true","true","false","true","692","9.372","453.7772491867247"
"9","0.8","true","true","false","true","892","8.984","359.2614071312459"
"5","0.4","true","true","false","true","919","8.724","675.5694871273669"
"1","0","true","true","false","true","762","6.652","1547.9346165809318"
"6","0.5","true","true","false","true","844","9.004","538.5241515900675"
"3","0.2","true","true","false","true","613","8.616","1002.3181061478779"
"8","0.7","true","true","false","true","727","8.692","413.54722386923333"
"2","0.1","true","true","false","true","813","7.868","1329.4646897166836"
"9","0.8","true","true","false","true","893","8.984","359.2614071312457"
"7","0.6","true","true","false","true","693","9.372","453.7772491867248"
"4","0.3","true","true","false","true","832","8.512","812.4959274612746"
"5","0.4","true","true","false","true","920","8.724","675.5694871273666"
"3","0.2","true","true","false","true","614","8.616","1002.3181061478774"
"6","0.5","true","true","false","true","845","9.004","538.5241515900681"
"1","0","true","true","false","true","763","6.664","1548.7488022664015"
"8","0.7","true","true","false","true","728","8.692","413.5472238692334"
"2","0.1","true","true","false","true","814","7.868","1329.464689716682"
"7","0.6","true","true","false","true","694","9.372","453.7772491867246"
"5","0.4","true","true","false","true","921","8.724","675.5694871273665"
"9","0.8","true","true","false","true","894","8.984","359.2614071312457"
"4","0.3","true","true","false","true","833","8.512","812.4959274612742"
"1","0","true","true","false","true","764","6.7","1550.1621627969075"
"8","0.7","true","true","false","true","729","8.692","413.54722386923316"
"6","0.5","true","true","false","true","846","9.004","538.5241515900676"
"7","0.6","true","true","false","true","695","9.372","453.7772491867246"
"5","0.4","true","true","false","true","922","8.724","675.5694871273665"
"2","0.1","true","true","false","true","815","7.868","1329.4646897166824"
"3","0.2","true","true","false","true","615","8.616","1002.3181061478772"
"9","0.8","true","true","false","true","895","8.984","359.2614071312457"
"6","0.5","true","true","false","true","847","9.004","538.5241515900681"
"7","0.6","true","true","false","true","696","9.372","453.77724918672493"
"4","0.3","true","true","false","true","834","8.512","812.4959274612746"
"8","0.7","true","true","false","true","730","8.692","413.5472238692334"
"5","0.4","true","true","false","true","923","8.724","675.5694871273668"
"1","0","true","true","false","true","765","6.664","1549.7661230453134"
"2","0.1","true","true","false","true","816","7.868","1329.464689716682"
"3","0.2","true","true","false","true","616","8.616","1002.3181061478772"
"6","0.5","true","true","false","true","848","9.004","538.5241515900676"
"9","0.8","true","true","false","true","896","8.984","359.2614071312455"
"7","0.6","true","true","false","true","697","9.372","453.7772491867249"
"4","0.3","true","true","false","true","835","8.512","812.4959274612747"
"8","0.7","true","true","false","true","731","8.692","413.54722386923305"
"5","0.4","true","true","false","true","924","8.724","675.5694871273662"
"1","0","true","true","false","true","766","6.676","1548.7023769277278"
"6","0.5","true","true","false","true","849","9.004","538.5241515900684"
"2","0.1","true","true","false","true","817","7.868","1329.4646897166815"
"9","0.8","true","true","false","true","897","8.984","359.2614071312456"
"4","0.3","true","true","false","true","836","8.512","812.495927461275"
"7","0.6","true","true","false","true","698","9.372","453.7772491867251"
"8","0.7","true","true","false","true","732","8.692","413.54722386923316"
"5","0.4","true","true","false","true","925","8.724","675.5694871273669"
"3","0.2","true","true","false","true","617","8.616","1002.3181061478774"
"6","0.5","true","true","false","true","850","9.004","538.5241515900681"
"1","0","true","true","false","true","767","6.656","1548.6036653951367"
"9","0.8","true","true","false","true","898","8.984","359.2614071312458"
"2","0.1","true","true","false","true","818","7.868","1329.4646897166833"
"4","0.3","true","true","false","true","837","8.512","812.4959274612742"
"5","0.4","true","true","false","true","926","8.724","675.5694871273672"
"7","0.6","true","true","false","true","699","9.372","453.77724918672516"
"8","0.7","true","true","false","true","733","8.692","413.54722386923305"
"6","0.5","true","true","false","true","851","9.004","538.5241515900677"
"9","0.8","true","true","false","true","899","8.984","359.26140713124545"
"1","0","true","true","false","true","768","6.668","1550.165947670007"
"3","0.2","true","true","false","true","618","8.616","1002.3181061478776"
"5","0.4","true","true","false","true","927","8.724","675.569487127367"
"8","0.7","true","true","false","true","734","8.692","413.5472238692334"
"4","0.3","true","true","false","true","838","8.512","812.495927461275"
"2","0.1","true","true","false","true","819","7.868","1329.4646897166826"
"7","0.6","true","true","false","true","700","9.372","453.77724918672465"
"1","0","true","true","false","true","769","6.672","1551.110661494614"
"6","0.5","true","true","false","true","852","9.004","538.5241515900678"
"9","0.8","true","true","false","true","900","8.984","359.2614071312456"
"5","0.4","true","true","false","true","928","8.724","675.5694871273672"
"8","0.7","true","true","false","true","735","8.692","413.5472238692334"
"4","0.3","true","true","false","true","839","8.512","812.4959274612733"
"6","0.5","true","true","false","true","853","9.004","538.5241515900677"
"1","0","true","true","false","true","770","6.672","1549.1359283034205"
"2","0.1","true","true","false","true","820","7.868","1329.4646897166829"
"7","0.6","true","true","false","true","701","9.372","453.77724918672465"
"3","0.2","true","true","false","true","619","8.616","1002.3181061478772"
"9","0.8","true","true","false","true","901","8.984","359.26140713124556"
"5","0.4","true","true","false","true","929","8.724","675.5694871273669"
"6","0.5","true","true","false","true","854","9.004","538.5241515900677"
"8","0.7","true","true","false","true","736","8.692","413.54722386923345"
"4","0.3","true","true","false","true","840","8.512","812.4959274612745"
"3","0.2","true","true","false","true","620","8.616","1002.3181061478776"
"7","0.6","true","true","false","true","702","9.372","453.77724918672493"
"2","0.1","true","true","false","true","821","7.868","1329.4646897166826"
"1","0","true","true","false","true","771","6.708","1548.554469145089"
"5","0.4","true","true","false","true","930","8.724","675.5694871273669"
"9","0.8","true","true","false","true","902","8.984","359.26140713124545"
"6","0.5","true","true","false","true","855","9.004","538.5241515900681"
"1","0","true","true","false","true","772","6.692","1548.475361269572"
"4","0.3","true","true","false","true","841","8.512","812.4959274612743"
"3","0.2","true","true","false","true","621","8.616","1002.3181061478776"
"7","0.6","true","true","false","true","703","9.372","453.77724918672516"
"5","0.4","true","true","false","true","931","8.724","675.5694871273665"
"8","0.7","true","true","false","true","737","8.692","413.54722386923294"
"2","0.1","true","true","false","true","822","7.868","1329.4646897166826"
"9","0.8","true","true","false","true","903","8.984","359.26140713124545"
"4","0.3","true","true","false","true","842","8.512","812.4959274612746"
"1","0","true","true","false","true","773","6.66","1548.9071100632593"
"6","0.5","true","true","false","true","856","9.004","538.524151590068"
"7","0.6","true","true","false","true","704","9.372","453.7772491867249"
"5","0.4","true","true","false","true","932","8.724","675.5694871273666"
"3","0.2","true","true","false","true","622","8.616","1002.3181061478772"
"8","0.7","true","true","false","true","738","8.692","413.5472238692333"
"4","0.3","true","true","false","true","843","8.512","812.4959274612744"
"9","0.8","true","true","false","true","904","8.984","359.26140713124545"
"2","0.1","true","true","false","true","823","7.868","1329.4646897166829"
"6","0.5","true","true","false","true","857","9.004","538.524151590068"
"5","0.4","true","true","false","true","933","8.724","675.5694871273669"
"7","0.6","true","true","false","true","705","9.372","453.7772491867251"
"1","0","true","true","false","true","774","6.68","1550.565056584099"
"3","0.2","true","true","false","true","623","8.616","1002.3181061478772"
"8","0.7","true","true","false","true","739","8.692","413.5472238692331"
"4","0.3","true","true","false","true","844","8.512","812.4959274612746"
"9","0.8","true","true","false","true","905","8.984","359.26140713124533"
"6","0.5","true","true","false","true","858","9.004","538.5241515900682"
"2","0.1","true","true","false","true","824","7.868","1329.4646897166833"
"5","0.4","true","true","false","true","934","8.724","675.5694871273665"
"1","0","true","true","false","true","775","6.68","1551.9450435112783"
"7","0.6","true","true","false","true","706","9.372","453.77724918672527"
"4","0.3","true","true","false","true","845","8.512","812.4959274612746"
"9","0.8","true","true","false","true","906","8.984","359.2614071312455"
"6","0.5","true","true","false","true","859","9.004","538.5241515900677"
"3","0.2","true","true","false","true","624","8.616","1002.3181061478772"
"2","0.1","true","true","false","true","825","7.868","1329.4646897166833"
"5","0.4","true","true","false","true","935","8.724","675.5694871273669"
"8","0.7","true","true","false","true","740","8.692","413.5472238692329"
"7","0.6","true","true","false","true","707","9.372","453.7772491867253"
"4","0.3","true","true","false","true","846","8.512","812.4959274612742"
"9","0.8","true","true","false","true","907","8.984","359.2614071312459"
"1","0","true","true","false","true","776","6.688","1552.428508321956"
"6","0.5","true","true","false","true","860","9.004","538.5241515900683"
"2","0.1","true","true","false","true","826","7.868","1329.4646897166829"
"5","0.4","true","true","false","true","936","8.724","675.5694871273669"
"3","0.2","true","true","false","true","625","8.616","1002.3181061478779"
"4","0.3","true","true","false","true","847","8.512","812.4959274612738"
"8","0.7","true","true","false","true","741","8.692","413.54722386923333"
"7","0.6","true","true","false","true","708","9.372","453.777249186725"
"9","0.8","true","true","false","true","908","8.984","359.2614071312454"
"1","0","true","true","false","true","777","6.744","1551.4185428609228"
"6","0.5","true","true","false","true","861","9.004","538.5241515900678"
"2","0.1","true","true","false","true","827","7.868","1329.4646897166817"
"5","0.4","true","true","false","true","937","8.724","675.5694871273668"
"3","0.2","true","true","false","true","626","8.616","1002.3181061478776"
"4","0.3","true","true","false","true","848","8.512","812.4959274612739"
"9","0.8","true","true","false","true","909","8.984","359.26140713124545"
"1","0","true","true","false","true","778","6.744","1553.4032613364784"
"5","0.4","true","true","false","true","938","8.724","675.5694871273669"
"8","0.7","true","true","false","true","742","8.692","413.54722386923345"
"6","0.5","true","true","false","true","862","9.004","538.5241515900676"
"2","0.1","true","true","false","true","828","7.868","1329.4646897166833"
"7","0.6","true","true","false","true","709","9.372","453.7772491867253"
"4","0.3","true","true","false","true","849","8.512","812.4959274612744"
"9","0.8","true","true","false","true","910","8.984","359.2614071312455"
"5","0.4","true","true","false","true","939","8.724","675.5694871273664"
"3","0.2","true","true","false","true","627","8.616","1002.3181061478779"
"1","0","true","true","false","true","779","6.744","1553.5262158421233"
"2","0.1","true","true","false","true","829","7.868","1329.4646897166829"
"8","0.7","true","true","false","true","743","8.692","413.54722386923305"
"6","0.5","true","true","false","true","863","9.004","538.5241515900677"
"4","0.3","true","true","false","true","850","8.512","812.4959274612744"
"9","0.8","true","true","false","true","911","8.984","359.2614071312453"
"7","0.6","true","true","false","true","710","9.372","453.77724918672476"
"5","0.4","true","true","false","true","940","8.724","675.5694871273672"
"1","0","true","true","false","true","780","6.752","1553.034596848061"
"6","0.5","true","true","false","true","864","9.004","538.5241515900678"
"3","0.2","true","true","false","true","628","8.616","1002.3181061478774"
"2","0.1","true","true","false","true","830","7.868","1329.464689716682"
"8","0.7","true","true","false","true","744","8.692","413.54722386923333"
"4","0.3","true","true","false","true","851","8.512","812.4959274612743"
"9","0.8","true","true","false","true","912","8.984","359.2614071312456"
"5","0.4","true","true","false","true","941","8.724","675.5694871273666"
"7","0.6","true","true","false","true","711","9.372","453.77724918672465"
"1","0","true","true","false","true","781","6.736","1553.2940810506882"
"2","0.1","true","true","false","true","831","7.868","1329.4646897166824"
"6","0.5","true","true","false","true","865","9.004","538.5241515900683"
"4","0.3","true","true","false","true","852","8.512","812.4959274612739"
"9","0.8","true","true","false","true","913","8.984","359.2614071312454"
"3","0.2","true","true","false","true","629","8.616","1002.3181061478771"
"5","0.4","true","true","false","true","942","8.724","675.5694871273665"
"8","0.7","true","true","false","true","745","8.692","413.54722386923333"
"7","0.6","true","true","false","true","712","9.372","453.7772491867251"
"1","0","true","true","false","true","782","6.74","1553.862309714131"
"6","0.5","true","true","false","true","866","9.004","538.524151590068"
"4","0.3","true","true","false","true","853","8.512","812.4959274612748"
"2","0.1","true","true","false","true","832","7.868","1329.4646897166833"
"9","0.8","true","true","false","true","914","8.984","359.26140713124516"
"5","0.4","true","true","false","true","943","8.724","675.569487127367"
"3","0.2","true","true","false","true","630","8.616","1002.3181061478771"
"8","0.7","true","true","false","true","746","8.692","413.54722386923345"
"7","0.6","true","true","false","true","713","9.372","453.77724918672453"
"1","0","true","true","false","true","783","6.744","1554.0173140109932"
"6","0.5","true","true","false","true","867","9.004","538.524151590068"
"4","0.3","true","true","false","true","854","8.512","812.4959274612739"
"2","0.1","true","true","false","true","833","7.868","1329.4646897166826"
"9","0.8","true","true","false","true","915","8.984","359.2614071312457"
"5","0.4","true","true","false","true","944","8.724","675.5694871273666"
"8","0.7","true","true","false","true","747","8.692","413.54722386923305"
"3","0.2","true","true","false","true","631","8.616","1002.3181061478774"
"1","0","true","true","false","true","784","6.728","1552.0892142643552"
"6","0.5","true","true","false","true","868","9.004","538.5241515900678"
"7","0.6","true","true","false","true","714","9.372","453.7772491867249"
"9","0.8","true","true","false","true","916","8.984","359.2614071312454"
"2","0.1","true","true","false","true","834","7.868","1329.4646897166826"
"4","0.3","true","true","false","true","855","8.512","812.4959274612744"
"5","0.4","true","true","false","true","945","8.724","675.569487127367"
"8","0.7","true","true","false","true","748","8.692","413.54722386923316"
"6","0.5","true","true","false","true","869","9.004","538.5241515900682"
"9","0.8","true","true","false","true","917","8.984","359.2614071312455"
"1","0","true","true","false","true","785","6.724","1551.630422922822"
"3","0.2","true","true","false","true","632","8.616","1002.3181061478774"
"5","0.4","true","true","false","true","946","8.724","675.5694871273665"
"4","0.3","true","true","false","true","856","8.512","812.4959274612746"
"2","0.1","true","true","false","true","835","7.868","1329.464689716682"
"7","0.6","true","true","false","true","715","9.372","453.77724918672465"
"6","0.5","true","true","false","true","870","9.004","538.5241515900675"
"9","0.8","true","true","false","true","918","8.984","359.26140713124556"
"4","0.3","true","true","false","true","857","8.512","812.4959274612746"
"3","0.2","true","true","false","true","633","8.616","1002.3181061478772"
"1","0","true","true","false","true","786","6.724","1551.452662491025"
"8","0.7","true","true","false","true","749","8.692","413.54722386923305"
"5","0.4","true","true","false","true","947","8.724","675.5694871273668"
"7","0.6","true","true","false","true","716","9.372","453.7772491867249"
"2","0.1","true","true","false","true","836","7.868","1329.4646897166824"
"6","0.5","true","true","false","true","871","9.004","538.5241515900675"
"5","0.4","true","true","false","true","948","8.724","675.5694871273668"
"4","0.3","true","true","false","true","858","8.512","812.4959274612739"
"9","0.8","true","true","false","true","919","8.984","359.26140713124533"
"1","0","true","true","false","true","787","6.716","1553.6351872639887"
"8","0.7","true","true","false","true","750","8.692","413.54722386923356"
"3","0.2","true","true","false","true","634","8.616","1002.3181061478779"
"2","0.1","true","true","false","true","837","7.868","1329.4646897166829"
"6","0.5","true","true","false","true","872","9.004","538.5241515900676"
"5","0.4","true","true","false","true","949","8.724","675.5694871273672"
"7","0.6","true","true","false","true","717","9.372","453.7772491867251"
"1","0","true","true","false","true","788","6.7","1553.0208863390658"
"4","0.3","true","true","false","true","859","8.512","812.495927461274"
"8","0.7","true","true","false","true","751","8.692","413.54722386923333"
"9","0.8","true","true","false","true","920","8.984","359.2614071312457"
"2","0.1","true","true","false","true","838","7.868","1329.4646897166829"
"5","0.4","true","true","false","true","950","8.724","675.5694871273664"
"6","0.5","true","true","false","true","873","9.004","538.5241515900681"
"7","0.6","true","true","false","true","718","9.372","453.77724918672493"
"3","0.2","true","true","false","true","635","8.616","1002.3181061478776"
"1","0","true","true","false","true","789","6.728","1552.870154484712"
"4","0.3","true","true","false","true","860","8.512","812.4959274612747"
"9","0.8","true","true","false","true","921","8.984","359.26140713124556"
"2","0.1","true","true","false","true","839","7.868","1329.4646897166838"
"8","0.7","true","true","false","true","752","8.692","413.5472238692332"
"5","0.4","true","true","false","true","951","8.724","675.569487127367"
"1","0","true","true","false","true","790","6.676","1553.636271893477"
"4","0.3","true","true","false","true","861","8.512","812.4959274612746"
"6","0.5","true","true","false","true","874","9.004","538.5241515900677"
"9","0.8","true","true","false","true","922","8.984","359.2614071312454"
"3","0.2","true","true","false","true","636","8.616","1002.3181061478779"
"7","0.6","true","true","false","true","719","9.372","453.77724918672493"
"2","0.1","true","true","false","true","840","7.868","1329.4646897166824"
"5","0.4","true","true","false","true","952","8.724","675.5694871273668"
"8","0.7","true","true","false","true","753","8.692","413.54722386923333"
"1","0","true","true","false","true","791","6.684","1554.6041782736495"
"4","0.3","true","true","false","true","862","8.512","812.4959274612744"
"9","0.8","true","true","false","true","923","8.984","359.26140713124556"
"6","0.5","true","true","false","true","875","9.004","538.5241515900678"
"5","0.4","true","true","false","true","953","8.724","675.5694871273663"
"2","0.1","true","true","false","true","841","7.868","1329.464689716682"
"3","0.2","true","true","false","true","637","8.616","1002.3181061478772"
"7","0.6","true","true","false","true","720","9.372","453.7772491867247"
"9","0.8","true","true","false","true","924","8.984","359.2614071312457"
"8","0.7","true","true","false","true","754","8.692","413.54722386923305"
"4","0.3","true","true","false","true","863","8.512","812.4959274612745"
"5","0.4","true","true","false","true","954","8.724","675.5694871273664"
"1","0","true","true","false","true","792","6.696","1555.8830927814251"
"6","0.5","true","true","false","true","876","9.004","538.5241515900678"
"2","0.1","true","true","false","true","842","7.868","1329.4646897166826"
"3","0.2","true","true","false","true","638","8.616","1002.3181061478771"
"7","0.6","true","true","false","true","721","9.372","453.77724918672476"
"9","0.8","true","true","false","true","925","8.984","359.2614071312452"
"4","0.3","true","true","false","true","864","8.512","812.4959274612747"
"5","0.4","true","true","false","true","955","8.724","675.5694871273666"
"8","0.7","true","true","false","true","755","8.692","413.54722386923305"
"1","0","true","true","false","true","793","6.712","1556.3474927695606"
"6","0.5","true","true","false","true","877","9.004","538.5241515900676"
"2","0.1","true","true","false","true","843","7.868","1329.4646897166824"
"4","0.3","true","true","false","true","865","8.512","812.4959274612747"
"9","0.8","true","true","false","true","926","8.984","359.2614071312455"
"3","0.2","true","true","false","true","639","8.616","1002.3181061478771"
"7","0.6","true","true","false","true","722","9.372","453.7772491867247"
"5","0.4","true","true","false","true","956","8.724","675.5694871273669"
"1","0","true","true","false","true","794","6.716","1555.958372110788"
"8","0.7","true","true","false","true","756","8.692","413.5472238692333"
"6","0.5","true","true","false","true","878","9.004","538.5241515900678"
"2","0.1","true","true","false","true","844","7.868","1329.4646897166815"
"4","0.3","true","true","false","true","866","8.512","812.4959274612742"
"9","0.8","true","true","false","true","927","8.984","359.26140713124545"
"5","0.4","true","true","false","true","957","8.724","675.569487127367"
"7","0.6","true","true","false","true","723","9.372","453.77724918672493"
"1","0","true","true","false","true","795","6.688","1557.3241051706284"
"3","0.2","true","true","false","true","640","8.616","1002.3181061478772"
"8","0.7","true","true","false","true","757","8.692","413.5472238692331"
"6","0.5","true","true","false","true","879","9.004","538.5241515900678"
"2","0.1","true","true","false","true","845","7.868","1329.464689716682"
"9","0.8","true","true","false","true","928","8.984","359.26140713124533"
"5","0.4","true","true","false","true","958","8.724","675.569487127367"
"4","0.3","true","true","false","true","867","8.512","812.4959274612745"
"1","0","true","true","false","true","796","6.668","1557.942625128939"
"7","0.6","true","true","false","true","724","9.372","453.777249186725"
"3","0.2","true","true","false","true","641","8.616","1002.3181061478772"
"6","0.5","true","true","false","true","880","9.004","538.5241515900681"
"8","0.7","true","true","false","true","758","8.692","413.54722386923294"
"9","0.8","true","true","false","true","929","8.984","359.2614071312455"
"2","0.1","true","true","false","true","846","7.868","1329.4646897166824"
"4","0.3","true","true","false","true","868","8.512","812.4959274612744"
"5","0.4","true","true","false","true","959","8.724","675.5694871273663"
"1","0","true","true","false","true","797","6.66","1558.5471968492072"
"7","0.6","true","true","false","true","725","9.372","453.77724918672493"
"6","0.5","true","true","false","true","881","9.004","538.5241515900674"
"9","0.8","true","true","false","true","930","8.984","359.2614071312457"
"5","0.4","true","true","false","true","960","8.724","675.569487127367"
"2","0.1","true","true","false","true","847","7.868","1329.4646897166836"
"4","0.3","true","true","false","true","869","8.512","812.4959274612739"
"8","0.7","true","true","false","true","759","8.692","413.5472238692333"
"3","0.2","true","true","false","true","642","8.616","1002.3181061478771"
"1","0","true","true","false","true","798","6.672","1557.7912684379428"
"6","0.5","true","true","false","true","882","9.004","538.5241515900681"
"9","0.8","true","true","false","true","931","8.984","359.2614071312454"
"5","0.4","true","true","false","true","961","8.724","675.5694871273669"
"7","0.6","true","true","false","true","726","9.372","453.77724918672476"
"2","0.1","true","true","false","true","848","7.868","1329.464689716682"
"4","0.3","true","true","false","true","870","8.512","812.4959274612742"
"8","0.7","true","true","false","true","760","8.692","413.5472238692333"
"3","0.2","true","true","false","true","643","8.616","1002.3181061478776"
"6","0.5","true","true","false","true","883","9.004","538.5241515900681"
"9","0.8","true","true","false","true","932","8.984","359.26140713124556"
"5","0.4","true","true","false","true","962","8.724","675.5694871273666"
"1","0","true","true","false","true","799","6.672","1557.92138136394"
"4","0.3","true","true","false","true","871","8.512","812.4959274612746"
"7","0.6","true","true","false","true","727","9.372","453.77724918672544"
"2","0.1","true","true","false","true","849","7.868","1329.4646897166815"
"8","0.7","true","true","false","true","761","8.692","413.54722386923345"
"6","0.5","true","true","false","true","884","9.004","538.524151590068"
"9","0.8","true","true","false","true","933","8.984","359.26140713124556"
"5","0.4","true","true","false","true","963","8.724","675.5694871273668"
"3","0.2","true","true","false","true","644","8.616","1002.3181061478774"
"1","0","true","true","false","true","800","6.672","1557.6348832310757"
"4","0.3","true","true","false","true","872","8.512","812.4959274612747"
"2","0.1","true","true","false","true","850","7.868","1329.464689716683"
"7","0.6","true","true","false","true","728","9.372","453.77724918672476"
"6","0.5","true","true","false","true","885","9.004","538.524151590068"
"9","0.8","true","true","false","true","934","8.984","359.26140713124556"
"5","0.4","true","true","false","true","964","8.724","675.569487127367"
"8","0.7","true","true","false","true","762","8.692","413.54722386923356"
"3","0.2","true","true","false","true","645","8.616","1002.3181061478771"
"1","0","true","true","false","true","801","6.7","1558.9824048649052"
"4","0.3","true","true","false","true","873","8.512","812.495927461275"
"2","0.1","true","true","false","true","851","7.868","1329.4646897166822"
"9","0.8","true","true","false","true","935","8.984","359.2614071312454"
"7","0.6","true","true","false","true","729","9.372","453.7772491867247"
"5","0.4","true","true","false","true","965","8.724","675.5694871273665"
"6","0.5","true","true","false","true","886","9.004","538.5241515900676"
"8","0.7","true","true","false","true","763","8.692","413.54722386923333"
"1","0","true","true","false","true","802","6.744","1560.3097104982908"
"4","0.3","true","true","false","true","874","8.512","812.495927461274"
"2","0.1","true","true","false","true","852","7.868","1329.464689716683"
"9","0.8","true","true","false","true","936","8.984","359.2614071312455"
"3","0.2","true","true","false","true","646","8.616","1002.3181061478772"
"6","0.5","true","true","false","true","887","9.004","538.5241515900681"
"5","0.4","true","true","false","true","966","8.724","675.5694871273666"
"7","0.6","true","true","false","true","730","9.372","453.7772491867249"
"8","0.7","true","true","false","true","764","8.692","413.54722386923333"
"4","0.3","true","true","false","true","875","8.512","812.4959274612746"
"1","0","true","true","false","true","803","6.748","1560.6413270658159"
"2","0.1","true","true","false","true","853","7.868","1329.4646897166824"
"9","0.8","true","true","false","true","937","8.984","359.2614071312456"
"6","0.5","true","true","false","true","888","9.004","538.524151590068"
"5","0.4","true","true","false","true","967","8.724","675.5694871273669"
"3","0.2","true","true","false","true","647","8.616","1002.3181061478779"
"7","0.6","true","true","false","true","731","9.372","453.77724918672493"
"4","0.3","true","true","false","true","876","8.512","812.4959274612744"
"8","0.7","true","true","false","true","765","8.692","413.54722386923356"
"9","0.8","true","true","false","true","938","8.984","359.26140713124573"
"2","0.1","true","true","false","true","854","7.868","1329.4646897166836"
"1","0","true","true","false","true","804","6.752","1560.9446302752774"
"5","0.4","true","true","false","true","968","8.724","675.5694871273669"
"6","0.5","true","true","false","true","889","9.004","538.5241515900682"
"7","0.6","true","true","false","true","732","9.372","453.77724918672493"
"4","0.3","true","true","false","true","877","8.512","812.4959274612736"
"3","0.2","true","true","false","true","648","8.616","1002.3181061478774"
"2","0.1","true","true","false","true","855","7.868","1329.4646897166822"
"9","0.8","true","true","false","true","939","8.984","359.2614071312456"
"8","0.7","true","true","false","true","766","8.692","413.54722386923316"
"6","0.5","true","true","false","true","890","9.004","538.524151590068"
"5","0.4","true","true","false","true","969","8.724","675.5694871273663"
"1","0","true","true","false","true","805","6.748","1560.4711695128717"
"4","0.3","true","true","false","true","878","8.512","812.4959274612743"
"9","0.8","true","true","false","true","940","8.984","359.2614071312454"
"2","0.1","true","true","false","true","856","7.868","1329.4646897166822"
"7","0.6","true","true","false","true","733","9.372","453.7772491867246"
"3","0.2","true","true","false","true","649","8.616","1002.3181061478774"
"5","0.4","true","true","false","true","970","8.724","675.5694871273668"
"1","0","true","true","false","true","806","6.748","1559.6862072411545"
"8","0.7","true","true","false","true","767","8.692","413.54722386923305"
"6","0.5","true","true","false","true","891","9.004","538.5241515900684"
"4","0.3","true","true","false","true","879","8.512","812.4959274612746"
"9","0.8","true","true","false","true","941","8.984","359.2614071312454"
"2","0.1","true","true","false","true","857","7.868","1329.4646897166836"
"5","0.4","true","true","false","true","971","8.724","675.5694871273664"
"7","0.6","true","true","false","true","734","9.372","453.7772491867248"
"6","0.5","true","true","false","true","892","9.004","538.5241515900681"
"1","0","true","true","false","true","807","6.728","1560.3201743922311"
"3","0.2","true","true","false","true","650","8.616","1002.3181061478779"
"8","0.7","true","true","false","true","768","8.692","413.54722386923316"
"4","0.3","true","true","false","true","880","8.512","812.4959274612745"
"9","0.8","true","true","false","true","942","8.984","359.2614071312453"
"2","0.1","true","true","false","true","858","7.868","1329.464689716682"
"5","0.4","true","true","false","true","972","8.724","675.5694871273669"
"6","0.5","true","true","false","true","893","9.004","538.524151590068"
"7","0.6","true","true","false","true","735","9.372","453.7772491867248"
"1","0","true","true","false","true","808","6.732","1559.7604260141877"
"8","0.7","true","true","false","true","769","8.692","413.5472238692332"
"3","0.2","true","true","false","true","651","8.616","1002.3181061478774"
"9","0.8","true","true","false","true","943","8.984","359.2614071312455"
"4","0.3","true","true","false","true","881","8.512","812.495927461275"
"5","0.4","true","true","false","true","973","8.724","675.5694871273668"
"2","0.1","true","true","false","true","859","7.868","1329.4646897166833"
"6","0.5","true","true","false","true","894","9.004","538.524151590068"
"1","0","true","true","false","true","809","6.732","1560.5903406197247"
"8","0.7","true","true","false","true","770","8.692","413.5472238692332"
"5","0.4","true","true","false","true","974","8.724","675.5694871273665"
"9","0.8","true","true","false","true","944","8.984","359.26140713124545"
"4","0.3","true","true","false","true","882","8.512","812.4959274612746"
"7","0.6","true","true","false","true","736","9.372","453.77724918672465"
"2","0.1","true","true","false","true","860","7.868","1329.464689716683"
"3","0.2","true","true","false","true","652","8.616","1002.3181061478779"
"6","0.5","true","true","false","true","895","9.004","538.5241515900676"
"5","0.4","true","true","false","true","975","8.724","675.5694871273665"
"1","0","true","true","false","true","810","6.76","1559.387966476517"
"9","0.8","true","true","false","true","945","8.984","359.2614071312454"
"4","0.3","true","true","false","true","883","8.512","812.4959274612743"
"8","0.7","true","true","false","true","771","8.692","413.54722386923305"
"2","0.1","true","true","false","true","861","7.868","1329.4646897166824"
"6","0.5","true","true","false","true","896","9.004","538.5241515900681"
"7","0.6","true","true","false","true","737","9.372","453.77724918672493"
"3","0.2","true","true","false","true","653","8.616","1002.3181061478776"
"9","0.8","true","true","false","true","946","8.984","359.2614071312454"
"5","0.4","true","true","false","true","976","8.724","675.5694871273669"
"4","0.3","true","true","false","true","884","8.512","812.495927461275"
"1","0","true","true","false","true","811","6.748","1558.9755355394927"
"8","0.7","true","true","false","true","772","8.692","413.5472238692334"
"2","0.1","true","true","false","true","862","7.868","1329.4646897166824"
"6","0.5","true","true","false","true","897","9.004","538.5241515900682"
"9","0.8","true","true","false","true","947","8.984","359.2614071312456"
"5","0.4","true","true","false","true","977","8.724","675.5694871273669"
"7","0.6","true","true","false","true","738","9.372","453.7772491867248"
"4","0.3","true","true","false","true","885","8.512","812.4959274612747"
"3","0.2","true","true","false","true","654","8.616","1002.3181061478771"
"1","0","true","true","false","true","812","6.756","1560.3429189103126"
"2","0.1","true","true","false","true","863","7.868","1329.4646897166824"
"8","0.7","true","true","false","true","773","8.692","413.54722386923305"
"6","0.5","true","true","false","true","898","9.004","538.5241515900675"
"9","0.8","true","true","false","true","948","8.984","359.26140713124573"
"5","0.4","true","true","false","true","978","8.724","675.5694871273665"
"4","0.3","true","true","false","true","886","8.512","812.4959274612745"
"1","0","true","true","false","true","813","6.744","1560.4217358121537"
"7","0.6","true","true","false","true","739","9.372","453.77724918672493"
"3","0.2","true","true","false","true","655","8.616","1002.3181061478768"
"2","0.1","true","true","false","true","864","7.868","1329.4646897166833"
"9","0.8","true","true","false","true","949","8.984","359.26140713124556"
"6","0.5","true","true","false","true","899","9.004","538.5241515900681"
"8","0.7","true","true","false","true","774","8.692","413.54722386923294"
"5","0.4","true","true","false","true","979","8.724","675.5694871273665"
"4","0.3","true","true","false","true","887","8.512","812.4959274612747"
"7","0.6","true","true","false","true","740","9.372","453.77724918672493"
"1","0","true","true","false","true","814","6.74","1559.4456097271484"
"3","0.2","true","true","false","true","656","8.616","1002.3181061478766"
"9","0.8","true","true","false","true","950","8.984","359.2614071312456"
"5","0.4","true","true","false","true","980","8.724","675.5694871273671"
"2","0.1","true","true","false","true","865","7.868","1329.4646897166836"
"6","0.5","true","true","false","true","900","9.004","538.5241515900681"
"8","0.7","true","true","false","true","775","8.692","413.54722386923316"
"4","0.3","true","true","false","true","888","8.512","812.4959274612743"
"1","0","true","true","false","true","815","6.724","1558.8372662373265"
"9","0.8","true","true","false","true","951","8.984","359.2614071312455"
"5","0.4","true","true","false","true","981","8.724","675.5694871273668"
"2","0.1","true","true","false","true","866","7.868","1329.464689716683"
"7","0.6","true","true","false","true","741","9.372","453.7772491867247"
"6","0.5","true","true","false","true","901","9.004","538.5241515900681"
"3","0.2","true","true","false","true","657","8.616","1002.3181061478774"
"8","0.7","true","true","false","true","776","8.692","413.5472238692332"
"4","0.3","true","true","false","true","889","8.512","812.4959274612752"
"5","0.4","true","true","false","true","982","8.724","675.5694871273666"
"9","0.8","true","true","false","true","952","8.984","359.2614071312454"
"2","0.1","true","true","false","true","867","7.868","1329.4646897166833"
"1","0","true","true","false","true","816","6.712","1557.4976191738006"
"6","0.5","true","true","false","true","902","9.004","538.5241515900677"
"7","0.6","true","true","false","true","742","9.372","453.7772491867249"
"4","0.3","true","true","false","true","890","8.512","812.4959274612746"
"8","0.7","true","true","false","true","777","8.692","413.5472238692328"
"3","0.2","true","true","false","true","658","8.616","1002.3181061478781"
"5","0.4","true","true","false","true","983","8.724","675.5694871273671"
"9","0.8","true","true","false","true","953","8.984","359.2614071312457"
"2","0.1","true","true","false","true","868","7.868","1329.4646897166822"
"1","0","true","true","false","true","817","6.736","1557.6521213192214"
"6","0.5","true","true","false","true","903","9.004","538.524151590068"
"4","0.3","true","true","false","true","891","8.512","812.4959274612745"
"5","0.4","true","true","false","true","984","8.724","675.5694871273669"
"7","0.6","true","true","false","true","743","9.372","453.77724918672493"
"3","0.2","true","true","false","true","659","8.616","1002.3181061478768"
"8","0.7","true","true","false","true","778","8.692","413.54722386923345"
"9","0.8","true","true","false","true","954","8.984","359.26140713124545"
"6","0.5","true","true","false","true","904","9.004","538.5241515900681"
"2","0.1","true","true","false","true","869","7.868","1329.464689716683"
"4","0.3","true","true","false","true","892","8.512","812.4959274612745"
"1","0","true","true","false","true","818","6.724","1556.9054625785054"
"5","0.4","true","true","false","true","985","8.724","675.5694871273665"
"9","0.8","true","true","false","true","955","8.984","359.26140713124545"
"7","0.6","true","true","false","true","744","9.372","453.77724918672493"
"8","0.7","true","true","false","true","779","8.692","413.54722386923333"
"2","0.1","true","true","false","true","870","7.868","1329.464689716683"
"6","0.5","true","true","false","true","905","9.004","538.5241515900681"
"3","0.2","true","true","false","true","660","8.616","1002.3181061478776"
"5","0.4","true","true","false","true","986","8.724","675.5694871273671"
"4","0.3","true","true","false","true","893","8.512","812.4959274612746"
"1","0","true","true","false","true","819","6.712","1554.7765540878718"
"9","0.8","true","true","false","true","956","8.984","359.2614071312454"
"6","0.5","true","true","false","true","906","9.004","538.524151590068"
"2","0.1","true","true","false","true","871","7.868","1329.464689716682"
"7","0.6","true","true","false","true","745","9.372","453.7772491867245"
"8","0.7","true","true","false","true","780","8.692","413.5472238692335"
"5","0.4","true","true","false","true","987","8.724","675.5694871273668"
"4","0.3","true","true","false","true","894","8.512","812.4959274612744"
"9","0.8","true","true","false","true","957","8.984","359.26140713124556"
"3","0.2","true","true","false","true","661","8.616","1002.3181061478779"
"1","0","true","true","false","true","820","6.716","1556.655056082509"
"5","0.4","true","true","false","true","988","8.724","675.5694871273665"
"2","0.1","true","true","false","true","872","7.868","1329.4646897166826"
"9","0.8","true","true","false","true","958","8.984","359.26140713124556"
"4","0.3","true","true","false","true","895","8.512","812.4959274612744"
"6","0.5","true","true","false","true","907","9.004","538.524151590068"
"8","0.7","true","true","false","true","781","8.692","413.5472238692333"
"7","0.6","true","true","false","true","746","9.372","453.77724918672516"
"5","0.4","true","true","false","true","989","8.724","675.5694871273662"
"1","0","true","true","false","true","821","6.728","1556.4653633176795"
"3","0.2","true","true","false","true","662","8.616","1002.3181061478771"
"9","0.8","true","true","false","true","959","8.984","359.2614071312453"
"4","0.3","true","true","false","true","896","8.512","812.4959274612745"
"2","0.1","true","true","false","true","873","7.868","1329.4646897166824"
"8","0.7","true","true","false","true","782","8.692","413.5472238692332"
"6","0.5","true","true","false","true","908","9.004","538.5241515900676"
"7","0.6","true","true","false","true","747","9.372","453.77724918672493"
"5","0.4","true","true","false","true","990","8.724","675.5694871273664"
"9","0.8","true","true","false","true","960","8.984","359.26140713124556"
"1","0","true","true","false","true","822","6.728","1555.6243398573286"
"4","0.3","true","true","false","true","897","8.512","812.495927461275"
"3","0.2","true","true","false","true","663","8.616","1002.3181061478776"
"2","0.1","true","true","false","true","874","7.868","1329.4646897166824"
"6","0.5","true","true","false","true","909","9.004","538.5241515900677"
"5","0.4","true","true","false","true","991","8.724","675.5694871273669"
"8","0.7","true","true","false","true","783","8.692","413.5472238692332"
"1","0","true","true","false","true","823","6.752","1556.6267694384883"
"7","0.6","true","true","false","true","748","9.372","453.7772491867249"
"9","0.8","true","true","false","true","961","8.984","359.2614071312457"
"4","0.3","true","true","false","true","898","8.512","812.4959274612742"
"2","0.1","true","true","false","true","875","7.868","1329.464689716683"
"5","0.4","true","true","false","true","992","8.724","675.569487127367"
"3","0.2","true","true","false","true","664","8.616","1002.3181061478779"
"6","0.5","true","true","false","true","910","9.004","538.5241515900674"
"8","0.7","true","true","false","true","784","8.692","413.5472238692331"
"9","0.8","true","true","false","true","962","8.984","359.26140713124556"
"4","0.3","true","true","false","true","899","8.512","812.495927461275"
"1","0","true","true","false","true","824","6.712","1555.990132989011"
"7","0.6","true","true","false","true","749","9.372","453.77724918672516"
"5","0.4","true","true","false","true","993","8.724","675.5694871273671"
"2","0.1","true","true","false","true","876","7.868","1329.4646897166822"
"6","0.5","true","true","false","true","911","9.004","538.5241515900681"
"3","0.2","true","true","false","true","665","8.616","1002.3181061478774"
"9","0.8","true","true","false","true","963","8.984","359.26140713124556"
"8","0.7","true","true","false","true","785","8.692","413.5472238692332"
"4","0.3","true","true","false","true","900","8.512","812.4959274612746"
"1","0","true","true","false","true","825","6.736","1555.5855529577957"
"5","0.4","true","true","false","true","994","8.724","675.5694871273669"
"7","0.6","true","true","false","true","750","9.372","453.77724918672476"
"2","0.1","true","true","false","true","877","7.868","1329.4646897166829"
"9","0.8","true","true","false","true","964","8.984","359.26140713124573"
"6","0.5","true","true","false","true","912","9.004","538.5241515900676"
"8","0.7","true","true","false","true","786","8.692","413.54722386923316"
"4","0.3","true","true","false","true","901","8.512","812.4959274612742"
"3","0.2","true","true","false","true","666","8.616","1002.3181061478774"
"5","0.4","true","true","false","true","995","8.724","675.5694871273669"
"1","0","true","true","false","true","826","6.704","1555.5798880292277"
"9","0.8","true","true","false","true","965","8.984","359.26140713124545"
"2","0.1","true","true","false","true","878","7.868","1329.4646897166829"
"6","0.5","true","true","false","true","913","9.004","538.524151590068"
"7","0.6","true","true","false","true","751","9.372","453.77724918672476"
"4","0.3","true","true","false","true","902","8.512","812.4959274612744"
"5","0.4","true","true","false","true","996","8.724","675.5694871273664"
"8","0.7","true","true","false","true","787","8.692","413.5472238692332"
"3","0.2","true","true","false","true","667","8.616","1002.3181061478776"
"9","0.8","true","true","false","true","966","8.984","359.2614071312454"
"1","0","true","true","false","true","827","6.7","1555.6171654109198"
"2","0.1","true","true","false","true","879","7.868","1329.4646897166829"
"6","0.5","true","true","false","true","914","9.004","538.524151590068"
"4","0.3","true","true","false","true","903","8.512","812.4959274612745"
"5","0.4","true","true","false","true","997","8.724","675.5694871273666"
"7","0.6","true","true","false","true","752","9.372","453.7772491867245"
"8","0.7","true","true","false","true","788","8.692","413.54722386923316"
"9","0.8","true","true","false","true","967","8.984","359.261407131245"
"3","0.2","true","true","false","true","668","8.616","1002.3181061478788"
"1","0","true","true","false","true","828","6.728","1554.7638154473536"
"5","0.4","true","true","false","true","998","8.724","675.5694871273672"
"2","0.1","true","true","false","true","880","7.868","1329.4646897166829"
"4","0.3","true","true","false","true","904","8.512","812.495927461274"
"6","0.5","true","true","false","true","915","9.004","538.5241515900675"
"9","0.8","true","true","false","true","968","8.984","359.26140713124556"
"8","0.7","true","true","false","true","789","8.692","413.5472238692335"
"7","0.6","true","true","false","true","753","9.372","453.77724918672493"
"5","0.4","true","true","false","true","999","8.724","675.5694871273671"
"4","0.3","true","true","false","true","905","8.512","812.4959274612745"
"2","0.1","true","true","false","true","881","7.868","1329.4646897166826"
"3","0.2","true","true","false","true","669","8.616","1002.3181061478768"
"1","0","true","true","false","true","829","6.716","1554.648319144869"
"6","0.5","true","true","false","true","916","9.004","538.524151590068"
"9","0.8","true","true","false","true","969","8.984","359.26140713124533"
"8","0.7","true","true","false","true","790","8.692","413.54722386923305"
"7","0.6","true","true","false","true","754","9.372","453.77724918672516"
"4","0.3","true","true","false","true","906","8.512","812.4959274612747"
"9","0.8","true","true","false","true","970","8.984","359.2614071312455"
"6","0.5","true","true","false","true","917","9.004","538.5241515900675"
"2","0.1","true","true","false","true","882","7.868","1329.4646897166824"
"3","0.2","true","true","false","true","670","8.616","1002.3181061478776"
"1","0","true","true","false","true","830","6.736","1555.2054481826958"
"8","0.7","true","true","false","true","791","8.692","413.54722386923333"
"9","0.8","true","true","false","true","971","8.984","359.2614071312454"
"7","0.6","true","true","false","true","755","9.372","453.77724918672493"
"4","0.3","true","true","false","true","907","8.512","812.4959274612742"
"6","0.5","true","true","false","true","918","9.004","538.524151590068"
"3","0.2","true","true","false","true","671","8.616","1002.3181061478774"
"2","0.1","true","true","false","true","883","7.868","1329.464689716682"
"1","0","true","true","false","true","831","6.744","1554.1848830229237"
"9","0.8","true","true","false","true","972","8.984","359.2614071312452"
"8","0.7","true","true","false","true","792","8.692","413.547223869233"
"4","0.3","true","true","false","true","908","8.512","812.4959274612744"
"6","0.5","true","true","false","true","919","9.004","538.5241515900683"
"2","0.1","true","true","false","true","884","7.868","1329.464689716682"
"3","0.2","true","true","false","true","672","8.616","1002.3181061478776"
"7","0.6","true","true","false","true","756","9.372","453.777249186725"
"9","0.8","true","true","false","true","973","8.984","359.26140713124545"
"1","0","true","true","false","true","832","6.708","1554.197538122966"
"8","0.7","true","true","false","true","793","8.692","413.5472238692331"
"4","0.3","true","true","false","true","909","8.512","812.4959274612746"
"6","0.5","true","true","false","true","920","9.004","538.524151590068"
"2","0.1","true","true","false","true","885","7.868","1329.4646897166824"
"9","0.8","true","true","false","true","974","8.984","359.26140713124556"
"3","0.2","true","true","false","true","673","8.616","1002.3181061478783"
"7","0.6","true","true","false","true","757","9.372","453.77724918672527"
"1","0","true","true","false","true","833","6.728","1554.1961923174838"
"4","0.3","true","true","false","true","910","8.512","812.4959274612737"
"8","0.7","true","true","false","true","794","8.692","413.54722386923345"
"6","0.5","true","true","false","true","921","9.004","538.5241515900681"
"9","0.8","true","true","false","true","975","8.984","359.2614071312454"
"2","0.1","true","true","false","true","886","7.868","1329.464689716683"
"3","0.2","true","true","false","true","674","8.616","1002.3181061478768"
"4","0.3","true","true","false","true","911","8.512","812.495927461274"
"7","0.6","true","true","false","true","758","9.372","453.7772491867254"
"1","0","true","true","false","true","834","6.7","1555.5865851538117"
"9","0.8","true","true","false","true","976","8.984","359.2614071312452"
"6","0.5","true","true","false","true","922","9.004","538.524151590068"
"8","0.7","true","true","false","true","795","8.692","413.54722386923305"
"2","0.1","true","true","false","true","887","7.868","1329.464689716683"
"1","0","true","true","false","true","835","6.704","1555.1490488093666"
"4","0.3","true","true","false","true","912","8.512","812.4959274612747"
"9","0.8","true","true","false","true","977","8.984","359.2614071312452"
"3","0.2","true","true","false","true","675","8.616","1002.3181061478779"
"7","0.6","true","true","false","true","759","9.372","453.7772491867251"
"6","0.5","true","true","false","true","923","9.004","538.5241515900681"
"8","0.7","true","true","false","true","796","8.692","413.54722386923316"
"2","0.1","true","true","false","true","888","7.868","1329.4646897166822"
"1","0","true","true","false","true","836","6.728","1554.3590977244792"
"9","0.8","true","true","false","true","978","8.984","359.26140713124533"
"4","0.3","true","true","false","true","913","8.512","812.4959274612751"
"6","0.5","true","true","false","true","924","9.004","538.524151590068"
"7","0.6","true","true","false","true","760","9.372","453.7772491867248"
"3","0.2","true","true","false","true","676","8.616","1002.3181061478774"
"8","0.7","true","true","false","true","797","8.692","413.54722386923333"
"2","0.1","true","true","false","true","889","7.868","1329.464689716683"
"4","0.3","true","true","false","true","914","8.512","812.4959274612738"
"1","0","true","true","false","true","837","6.696","1555.4075125068969"
"9","0.8","true","true","false","true","979","8.984","359.2614071312457"
"6","0.5","true","true","false","true","925","9.004","538.5241515900681"
"7","0.6","true","true","false","true","761","9.372","453.77724918672476"
"8","0.7","true","true","false","true","798","8.692","413.5472238692332"
"2","0.1","true","true","false","true","890","7.868","1329.4646897166824"
"3","0.2","true","true","false","true","677","8.616","1002.3181061478768"
"1","0","true","true","false","true","838","6.736","1556.2744965743834"
"4","0.3","true","true","false","true","915","8.512","812.4959274612746"
"9","0.8","true","true","false","true","980","8.984","359.2614071312454"
"6","0.5","true","true","false","true","926","9.004","538.5241515900682"
"7","0.6","true","true","false","true","762","9.372","453.77724918672465"
"8","0.7","true","true","false","true","799","8.692","413.5472238692331"
"2","0.1","true","true","false","true","891","7.868","1329.4646897166826"
"4","0.3","true","true","false","true","916","8.512","812.4959274612735"
"3","0.2","true","true","false","true","678","8.616","1002.3181061478772"
"9","0.8","true","true","false","true","981","8.984","359.26140713124556"
"1","0","true","true","false","true","839","6.712","1556.1886239469618"
"6","0.5","true","true","false","true","927","9.004","538.524151590068"
"8","0.7","true","true","false","true","800","8.692","413.5472238692333"
"7","0.6","true","true","false","true","763","9.372","453.77724918672493"
"4","0.3","true","true","false","true","917","8.512","812.4959274612743"
"2","0.1","true","true","false","true","892","7.868","1329.4646897166829"
"9","0.8","true","true","false","true","982","8.984","359.2614071312454"
"6","0.5","true","true","false","true","928","9.004","538.5241515900682"
"1","0","true","true","false","true","840","6.716","1556.2087399387622"
"3","0.2","true","true","false","true","679","8.616","1002.3181061478779"
"8","0.7","true","true","false","true","801","8.692","413.54722386923316"
"7","0.6","true","true","false","true","764","9.372","453.77724918672493"
"9","0.8","true","true","false","true","983","8.984","359.26140713124545"
"4","0.3","true","true","false","true","918","8.512","812.4959274612739"
"2","0.1","true","true","false","true","893","7.868","1329.4646897166824"
"6","0.5","true","true","false","true","929","9.004","538.5241515900673"
"1","0","true","true","false","true","841","6.716","1556.0660117279858"
"3","0.2","true","true","false","true","680","8.616","1002.3181061478772"
"10","0.9","true","true","false","true","0","6.588","<RuntimePrimitiveException>"
"8","0.7","true","true","false","true","802","8.692","413.54722386923305"
"9","0.8","true","true","false","true","984","8.984","359.2614071312457"
"4","0.3","true","true","false","true","919","8.512","812.4959274612746"
"7","0.6","true","true","false","true","765","9.372","453.7772491867251"
"1","0","true","true","false","true","842","6.756","1555.8610653757953"
"6","0.5","true","true","false","true","930","9.004","538.5241515900678"
"2","0.1","true","true","false","true","894","7.868","1329.464689716683"
"10","0.9","true","true","false","true","1","6.644","368.863541853327"
"8","0.7","true","true","false","true","803","8.692","413.5472238692335"
"9","0.8","true","true","false","true","985","8.984","359.2614071312453"
"4","0.3","true","true","false","true","920","8.512","812.4959274612744"
"3","0.2","true","true","false","true","681","8.616","1002.3181061478772"
"7","0.6","true","true","false","true","766","9.372","453.7772491867251"
"1","0","true","true","false","true","843","6.724","1556.8267873026232"
"6","0.5","true","true","false","true","931","9.004","538.5241515900682"
"2","0.1","true","true","false","true","895","7.868","1329.4646897166833"
"10","0.9","true","true","false","true","2","6.616","404.31975131004657"
"4","0.3","true","true","false","true","921","8.512","812.4959274612746"
"9","0.8","true","true","false","true","986","8.984","359.2614071312454"
"8","0.7","true","true","false","true","804","8.692","413.5472238692332"
"3","0.2","true","true","false","true","682","8.616","1002.3181061478772"
"7","0.6","true","true","false","true","767","9.372","453.7772491867247"
"6","0.5","true","true","false","true","932","9.004","538.5241515900681"
"1","0","true","true","false","true","844","6.74","1556.3663175605782"
"2","0.1","true","true","false","true","896","7.868","1329.4646897166829"
"9","0.8","true","true","false","true","987","8.984","359.2614071312452"
"10","0.9","true","true","false","true","3","6.684","411.4473077357116"
"4","0.3","true","true","false","true","922","8.512","812.4959274612742"
"8","0.7","true","true","false","true","805","8.692","413.5472238692332"
"3","0.2","true","true","false","true","683","8.616","1002.3181061478774"
"6","0.5","true","true","false","true","933","9.004","538.5241515900675"
"9","0.8","true","true","false","true","988","8.984","359.2614071312454"
"2","0.1","true","true","false","true","897","7.868","1329.464689716683"
"4","0.3","true","true","false","true","923","8.512","812.4959274612744"
"7","0.6","true","true","false","true","768","9.372","453.7772491867247"
"10","0.9","true","true","false","true","4","6.84","405.5316456679885"
"1","0","true","true","false","true","845","6.736","1555.6634705774693"
"8","0.7","true","true","false","true","806","8.692","413.5472238692336"
"9","0.8","true","true","false","true","989","8.984","359.2614071312455"
"6","0.5","true","true","false","true","934","9.004","538.524151590068"
"2","0.1","true","true","false","true","898","7.868","1329.4646897166826"
"4","0.3","true","true","false","true","924","8.512","812.4959274612742"
"10","0.9","true","true","false","true","5","6.904","392.7984481159348"
"3","0.2","true","true","false","true","684","8.616","1002.3181061478776"
"7","0.6","true","true","false","true","769","9.372","453.7772491867245"
"1","0","true","true","false","true","846","6.748","1556.17095662652"
"8","0.7","true","true","false","true","807","8.692","413.54722386923294"
"9","0.8","true","true","false","true","990","8.984","359.2614071312457"
"4","0.3","true","true","false","true","925","8.512","812.4959274612747"
"6","0.5","true","true","false","true","935","9.004","538.5241515900674"
"2","0.1","true","true","false","true","899","7.868","1329.4646897166824"
"10","0.9","true","true","false","true","6","7.068","386.56051020423155"
"7","0.6","true","true","false","true","770","9.372","453.77724918672465"
"1","0","true","true","false","true","847","6.744","1555.4194229877446"
"3","0.2","true","true","false","true","685","8.616","1002.3181061478779"
"9","0.8","true","true","false","true","991","8.984","359.2614071312455"
"8","0.7","true","true","false","true","808","8.692","413.5472238692334"
"2","0.1","true","true","false","true","900","7.868","1329.4646897166826"
"6","0.5","true","true","false","true","936","9.004","538.5241515900682"
"4","0.3","true","true","false","true","926","8.512","812.4959274612744"
"10","0.9","true","true","false","true","7","7.196","378.6650773759254"
"9","0.8","true","true","false","true","992","8.984","359.2614071312454"
"3","0.2","true","true","false","true","686","8.616","1002.3181061478779"
"1","0","true","true","false","true","848","6.744","1555.5419823652462"
"7","0.6","true","true","false","true","771","9.372","453.7772491867247"
"2","0.1","true","true","false","true","901","7.868","1329.4646897166833"
"8","0.7","true","true","false","true","809","8.692","413.54722386923316"
"4","0.3","true","true","false","true","927","8.512","812.4959274612751"
"6","0.5","true","true","false","true","937","9.004","538.5241515900682"
"10","0.9","true","true","false","true","8","7.336","372.21377801020964"
"9","0.8","true","true","false","true","993","8.984","359.26140713124556"
"1","0","true","true","false","true","849","6.752","1554.3052353106657"
"7","0.6","true","true","false","true","772","9.372","453.77724918672476"
"4","0.3","true","true","false","true","928","8.512","812.4959274612746"
"3","0.2","true","true","false","true","687","8.616","1002.3181061478774"
"2","0.1","true","true","false","true","902","7.868","1329.4646897166829"
"8","0.7","true","true","false","true","810","8.692","413.54722386923333"
"10","0.9","true","true","false","true","9","7.528","365.23802950973084"
"6","0.5","true","true","false","true","938","9.004","538.5241515900676"
"9","0.8","true","true","false","true","994","8.984","359.2614071312454"
"1","0","true","true","false","true","850","6.744","1553.0821327075646"
"4","0.3","true","true","false","true","929","8.512","812.495927461274"
"2","0.1","true","true","false","true","903","7.868","1329.4646897166824"
"7","0.6","true","true","false","true","773","9.372","453.777249186725"
"3","0.2","true","true","false","true","688","8.616","1002.3181061478776"
"10","0.9","true","true","false","true","10","7.672","358.1848566115109"
"8","0.7","true","true","false","true","811","8.692","413.54722386923356"
"6","0.5","true","true","false","true","939","9.004","538.5241515900681"
"9","0.8","true","true","false","true","995","8.984","359.2614071312455"
"4","0.3","true","true","false","true","930","8.512","812.4959274612744"
"1","0","true","true","false","true","851","6.724","1552.5766152216047"
"2","0.1","true","true","false","true","904","7.868","1329.4646897166822"
"10","0.9","true","true","false","true","11","7.696","351.5516118429254"
"7","0.6","true","true","false","true","774","9.372","453.77724918672476"
"6","0.5","true","true","false","true","940","9.004","538.5241515900674"
"3","0.2","true","true","false","true","689","8.616","1002.3181061478771"
"8","0.7","true","true","false","true","812","8.692","413.5472238692332"
"9","0.8","true","true","false","true","996","8.984","359.26140713124556"
"4","0.3","true","true","false","true","931","8.512","812.4959274612742"
"1","0","true","true","false","true","852","6.744","1553.2949985401176"
"2","0.1","true","true","false","true","905","7.868","1329.4646897166829"
"10","0.9","true","true","false","true","12","7.82","346.916257859895"
"6","0.5","true","true","false","true","941","9.004","538.5241515900676"
"7","0.6","true","true","false","true","775","9.372","453.77724918672493"
"9","0.8","true","true","false","true","997","8.984","359.26140713124516"
"8","0.7","true","true","false","true","813","8.692","413.54722386923305"
"3","0.2","true","true","false","true","690","8.616","1002.3181061478774"
"1","0","true","true","false","true","853","6.732","1553.4212661570166"
"4","0.3","true","true","false","true","932","8.512","812.4959274612743"
"2","0.1","true","true","false","true","906","7.868","1329.4646897166824"
"6","0.5","true","true","false","true","942","9.004","538.524151590068"
"10","0.9","true","true","false","true","13","7.856","342.30429609099565"
"9","0.8","true","true","false","true","998","8.984","359.2614071312457"
"7","0.6","true","true","false","true","776","9.372","453.77724918672465"
"8","0.7","true","true","false","true","814","8.692","413.54722386923333"
"4","0.3","true","true","false","true","933","8.512","812.4959274612746"
"1","0","true","true","false","true","854","6.76","1555.1102434059776"
"3","0.2","true","true","false","true","691","8.616","1002.3181061478772"
"2","0.1","true","true","false","true","907","7.868","1329.4646897166826"
"6","0.5","true","true","false","true","943","9.004","538.5241515900681"
"10","0.9","true","true","false","true","14","7.964","337.0273095136255"
"9","0.8","true","true","false","true","999","8.984","359.26140713124545"
"7","0.6","true","true","false","true","777","9.372","453.77724918672476"
"8","0.7","true","true","false","true","815","8.692","413.54722386923305"
"4","0.3","true","true","false","true","934","8.512","812.4959274612743"
"1","0","true","true","false","true","855","6.748","1555.524527662706"
"2","0.1","true","true","false","true","908","7.868","1329.4646897166829"
"6","0.5","true","true","false","true","944","9.004","538.5241515900681"
"10","0.9","true","true","false","true","15","8.12","332.3712392412073"
"3","0.2","true","true","false","true","692","8.616","1002.3181061478779"
"7","0.6","true","true","false","true","778","9.372","453.77724918672476"
"8","0.7","true","true","false","true","816","8.692","413.54722386923333"
"4","0.3","true","true","false","true","935","8.512","812.4959274612746"
"6","0.5","true","true","false","true","945","9.004","538.524151590068"
"10","0.9","true","true","false","true","16","8.26","329.6348511642327"
"1","0","true","true","false","true","856","6.744","1555.901094253718"
"2","0.1","true","true","false","true","909","7.868","1329.4646897166826"
"3","0.2","true","true","false","true","693","8.616","1002.3181061478772"
"7","0.6","true","true","false","true","779","9.372","453.77724918672476"
"4","0.3","true","true","false","true","936","8.512","812.4959274612745"
"8","0.7","true","true","false","true","817","8.692","413.5472238692331"
"10","0.9","true","true","false","true","17","8.392","326.84361383430104"
"6","0.5","true","true","false","true","946","9.004","538.5241515900682"
"2","0.1","true","true","false","true","910","7.868","1329.4646897166829"
"1","0","true","true","false","true","857","6.74","1555.7831609067343"
"7","0.6","true","true","false","true","780","9.372","453.777249186725"
"4","0.3","true","true","false","true","937","8.512","812.4959274612747"
"3","0.2","true","true","false","true","694","8.616","1002.3181061478779"
"10","0.9","true","true","false","true","18","8.456","324.07982943354244"
"8","0.7","true","true","false","true","818","8.692","413.5472238692333"
"1","0","true","true","false","true","858","6.716","1555.5450363796115"
"6","0.5","true","true","false","true","947","9.004","538.5241515900683"
"2","0.1","true","true","false","true","911","7.868","1329.464689716683"
"4","0.3","true","true","false","true","938","8.512","812.4959274612747"
"7","0.6","true","true","false","true","781","9.372","453.777249186725"
"10","0.9","true","true","false","true","19","8.512","322.4425210544666"
"6","0.5","true","true","false","true","948","9.004","538.524151590068"
"1","0","true","true","false","true","859","6.692","1555.7059584382966"
"3","0.2","true","true","false","true","695","8.616","1002.3181061478776"
"8","0.7","true","true","false","true","819","8.692","413.5472238692332"
"2","0.1","true","true","false","true","912","7.868","1329.4646897166826"
"7","0.6","true","true","false","true","782","9.372","453.77724918672493"
"4","0.3","true","true","false","true","939","8.512","812.4959274612748"
"6","0.5","true","true","false","true","949","9.004","538.524151590068"
"10","0.9","true","true","false","true","20","8.552","321.5914831495476"
"1","0","true","true","false","true","860","6.736","1555.8856987092906"
"3","0.2","true","true","false","true","696","8.616","1002.3181061478776"
"2","0.1","true","true","false","true","913","7.868","1329.4646897166836"
"8","0.7","true","true","false","true","820","8.692","413.54722386923294"
"7","0.6","true","true","false","true","783","9.372","453.7772491867251"
"1","0","true","true","false","true","861","6.736","1556.6436301556741"
"6","0.5","true","true","false","true","950","9.004","538.5241515900677"
"10","0.9","true","true","false","true","21","8.612","320.79008427989794"
"4","0.3","true","true","false","true","940","8.512","812.4959274612744"
"3","0.2","true","true","false","true","697","8.616","1002.3181061478771"
"8","0.7","true","true","false","true","821","8.692","413.54722386923294"
"7","0.6","true","true","false","true","784","9.372","453.7772491867248"
"2","0.1","true","true","false","true","914","7.868","1329.4646897166826"
"1","0","true","true","false","true","862","6.736","1557.6252070825253"
"6","0.5","true","true","false","true","951","9.004","538.5241515900681"
"10","0.9","true","true","false","true","22","8.612","319.6011381101588"
"4","0.3","true","true","false","true","941","8.512","812.4959274612743"
"3","0.2","true","true","false","true","698","8.616","1002.3181061478774"
"1","0","true","true","false","true","863","6.736","1557.221770373979"
"2","0.1","true","true","false","true","915","7.868","1329.4646897166824"
"6","0.5","true","true","false","true","952","9.004","538.524151590068"
"7","0.6","true","true","false","true","785","9.372","453.7772491867248"
"10","0.9","true","true","false","true","23","8.652","318.44497105820614"
"4","0.3","true","true","false","true","942","8.512","812.4959274612742"
"8","0.7","true","true","false","true","822","8.692","413.5472238692331"
"1","0","true","true","false","true","864","6.74","1557.467225732245"
"3","0.2","true","true","false","true","699","8.616","1002.3181061478776"
"6","0.5","true","true","false","true","953","9.004","538.5241515900675"
"2","0.1","true","true","false","true","916","7.868","1329.4646897166829"
"8","0.7","true","true","false","true","823","8.692","413.5472238692332"
"7","0.6","true","true","false","true","786","9.372","453.77724918672493"
"10","0.9","true","true","false","true","24","8.68","317.5359368467081"
"4","0.3","true","true","false","true","943","8.512","812.4959274612743"
"1","0","true","true","false","true","865","6.748","1558.486665009732"
"6","0.5","true","true","false","true","954","9.004","538.5241515900677"
"10","0.9","true","true","false","true","25","8.736","316.8078661883181"
"3","0.2","true","true","false","true","700","8.616","1002.3181061478776"
"8","0.7","true","true","false","true","824","8.692","413.5472238692331"
"2","0.1","true","true","false","true","917","7.868","1329.4646897166829"
"4","0.3","true","true","false","true","944","8.512","812.4959274612746"
"1","0","true","true","false","true","866","6.756","1558.1285686842014"
"7","0.6","true","true","false","true","787","9.372","453.7772491867251"
"6","0.5","true","true","false","true","955","9.004","538.5241515900678"
"10","0.9","true","true","false","true","26","8.788","316.06303908010534"
"2","0.1","true","true","false","true","918","7.868","1329.464689716682"
"3","0.2","true","true","false","true","701","8.616","1002.3181061478774"
"1","0","true","true","false","true","867","6.76","1557.914144417147"
"8","0.7","true","true","false","true","825","8.692","413.5472238692332"
"6","0.5","true","true","false","true","956","9.004","538.5241515900682"
"4","0.3","true","true","false","true","945","8.512","812.4959274612746"
"10","0.9","true","true","false","true","27","8.728","315.73635752662466"
"7","0.6","true","true","false","true","788","9.372","453.777249186725"
"2","0.1","true","true","false","true","919","7.868","1329.4646897166836"
"1","0","true","true","false","true","868","6.752","1557.1119121873344"
"10","0.9","true","true","false","true","28","8.748","315.4422341057619"
"6","0.5","true","true","false","true","957","9.004","538.5241515900676"
"3","0.2","true","true","false","true","702","8.616","1002.3181061478774"
"4","0.3","true","true","false","true","946","8.512","812.4959274612743"
"8","0.7","true","true","false","true","826","8.692","413.5472238692332"
"7","0.6","true","true","false","true","789","9.372","453.7772491867246"
"1","0","true","true","false","true","869","6.732","1556.414943004393"
"10","0.9","true","true","false","true","29","8.764","315.27939664947814"
"6","0.5","true","true","false","true","958","9.004","538.5241515900682"
"2","0.1","true","true","false","true","920","7.868","1329.4646897166833"
"4","0.3","true","true","false","true","947","8.512","812.4959274612744"
"3","0.2","true","true","false","true","703","8.616","1002.3181061478772"
"8","0.7","true","true","false","true","827","8.692","413.54722386923345"
"7","0.6","true","true","false","true","790","9.372","453.7772491867248"
"1","0","true","true","false","true","870","6.756","1557.6693258002392"
"10","0.9","true","true","false","true","30","8.772","314.9561167412006"
"6","0.5","true","true","false","true","959","9.004","538.5241515900684"
"2","0.1","true","true","false","true","921","7.868","1329.4646897166833"
"11","1","true","true","false","true","0","6.996","<RuntimePrimitiveException>"
"4","0.3","true","true","false","true","948","8.512","812.4959274612746"
"7","0.6","true","true","false","true","791","9.372","453.7772491867246"
"8","0.7","true","true","false","true","828","8.692","413.5472238692331"
"3","0.2","true","true","false","true","704","8.616","1002.3181061478776"
"1","0","true","true","false","true","871","6.756","1557.4319091448351"
"10","0.9","true","true","false","true","31","8.772","314.893226353298"
"6","0.5","true","true","false","true","960","9.004","538.524151590068"
"2","0.1","true","true","false","true","922","7.868","1329.4646897166824"
"4","0.3","true","true","false","true","949","8.512","812.4959274612753"
"11","1","true","true","false","true","1","7.16","367.57802551355473"
"1","0","true","true","false","true","872","6.756","1557.7300445609155"
"7","0.6","true","true","false","true","792","9.372","453.7772491867251"
"10","0.9","true","true","false","true","32","8.776","314.77558628235516"
"8","0.7","true","true","false","true","829","8.692","413.54722386923345"
"6","0.5","true","true","false","true","961","9.004","538.524151590068"
"3","0.2","true","true","false","true","705","8.616","1002.3181061478774"
"2","0.1","true","true","false","true","923","7.868","1329.4646897166822"
"4","0.3","true","true","false","true","950","8.512","812.4959274612736"
"1","0","true","true","false","true","873","6.736","1558.796873180211"
"11","1","true","true","false","true","2","7.068","382.3977244854472"
"6","0.5","true","true","false","true","962","9.004","538.5241515900676"
"10","0.9","true","true","false","true","33","8.788","314.65650758553693"
"2","0.1","true","true","false","true","924","7.868","1329.464689716682"
"7","0.6","true","true","false","true","793","9.372","453.77724918672516"
"3","0.2","true","true","false","true","706","8.616","1002.3181061478774"
"8","0.7","true","true","false","true","830","8.692","413.54722386923305"
"4","0.3","true","true","false","true","951","8.512","812.4959274612745"
"1","0","true","true","false","true","874","6.74","1559.2195442788084"
"6","0.5","true","true","false","true","963","9.004","538.5241515900678"
"10","0.9","true","true","false","true","34","8.796","314.53618716596196"
"11","1","true","true","false","true","3","7.12","382.71144612489434"
"2","0.1","true","true","false","true","925","7.868","1329.4646897166833"
"7","0.6","true","true","false","true","794","9.372","453.77724918672516"
"8","0.7","true","true","false","true","831","8.692","413.54722386923305"
"3","0.2","true","true","false","true","707","8.616","1002.3181061478781"
"4","0.3","true","true","false","true","952","8.512","812.4959274612743"
"1","0","true","true","false","true","875","6.748","1559.0311538727462"
"6","0.5","true","true","false","true","964","9.004","538.5241515900681"
"10","0.9","true","true","false","true","35","8.796","314.5029847021568"
"2","0.1","true","true","false","true","926","7.868","1329.4646897166829"
"11","1","true","true","false","true","4","7.168","371.7551945205859"
"7","0.6","true","true","false","true","795","9.372","453.7772491867249"
"8","0.7","true","true","false","true","832","8.692","413.54722386923333"
"4","0.3","true","true","false","true","953","8.512","812.4959274612747"
"6","0.5","true","true","false","true","965","9.004","538.524151590068"
"10","0.9","true","true","false","true","36","8.796","314.50298470215665"
"1","0","true","true","false","true","876","6.732","1558.9030732050387"
"3","0.2","true","true","false","true","708","8.616","1002.3181061478772"
"2","0.1","true","true","false","true","927","7.868","1329.4646897166829"
"11","1","true","true","false","true","5","7.34","364.18002953339254"
"7","0.6","true","true","false","true","796","9.372","453.7772491867246"
"4","0.3","true","true","false","true","954","8.512","812.4959274612748"
"6","0.5","true","true","false","true","966","9.004","538.5241515900681"
"10","0.9","true","true","false","true","37","8.796","314.5029847021567"
"8","0.7","true","true","false","true","833","8.692","413.54722386923345"
"1","0","true","true","false","true","877","6.736","1560.481703865162"
"2","0.1","true","true","false","true","928","7.868","1329.4646897166826"
"3","0.2","true","true","false","true","709","8.616","1002.3181061478766"
"11","1","true","true","false","true","6","7.584","356.88012069465924"
"7","0.6","true","true","false","true","797","9.372","453.7772491867247"
"6","0.5","true","true","false","true","967","9.004","538.524151590068"
"4","0.3","true","true","false","true","955","8.512","812.4959274612751"
"8","0.7","true","true","false","true","834","8.692","413.54722386923316"
"10","0.9","true","true","false","true","38","8.796","314.5029847021567"
"1","0","true","true","false","true","878","6.732","1559.8901889475578"
"2","0.1","true","true","false","true","929","7.868","1329.4646897166824"
"3","0.2","true","true","false","true","710","8.616","1002.3181061478768"
"6","0.5","true","true","false","true","968","9.004","538.524151590068"
"4","0.3","true","true","false","true","956","8.512","812.4959274612746"
"11","1","true","true","false","true","7","7.756","347.95601408227054"
"8","0.7","true","true","false","true","835","8.692","413.54722386923294"
"10","0.9","true","true","false","true","39","8.796","314.50298470215665"
"7","0.6","true","true","false","true","798","9.372","453.777249186725"
"2","0.1","true","true","false","true","930","7.868","1329.4646897166824"
"1","0","true","true","false","true","879","6.736","1559.7228130154795"
"6","0.5","true","true","false","true","969","9.004","538.524151590068"
"8","0.7","true","true","false","true","836","8.692","413.54722386923305"
"4","0.3","true","true","false","true","957","8.512","812.4959274612745"
"11","1","true","true","false","true","8","7.868","339.2406893980546"
"10","0.9","true","true","false","true","40","8.796","314.5029847021568"
"3","0.2","true","true","false","true","711","8.616","1002.3181061478771"
"2","0.1","true","true","false","true","931","7.868","1329.4646897166829"
"7","0.6","true","true","false","true","799","9.372","453.77724918672476"
"1","0","true","true","false","true","880","6.74","1558.8684832036397"
"6","0.5","true","true","false","true","970","9.004","538.5241515900677"
"4","0.3","true","true","false","true","958","8.512","812.4959274612751"
"8","0.7","true","true","false","true","837","8.692","413.5472238692335"
"11","1","true","true","false","true","9","8.016","331.54700787804325"
"10","0.9","true","true","false","true","41","8.796","314.50298470215677"
"2","0.1","true","true","false","true","932","7.868","1329.4646897166829"
"6","0.5","true","true","false","true","971","9.004","538.5241515900682"
"3","0.2","true","true","false","true","712","8.616","1002.3181061478783"
"1","0","true","true","false","true","881","6.736","1559.7500998725468"
"7","0.6","true","true","false","true","800","9.372","453.77724918672493"
"4","0.3","true","true","false","true","959","8.512","812.495927461275"
"8","0.7","true","true","false","true","838","8.692","413.5472238692335"
"11","1","true","true","false","true","10","8.168","324.65442343047545"
"2","0.1","true","true","false","true","933","7.868","1329.4646897166822"
"10","0.9","true","true","false","true","42","8.796","314.5029847021567"
"6","0.5","true","true","false","true","972","9.004","538.5241515900677"
"1","0","true","true","false","true","882","6.752","1558.9974151373985"
"7","0.6","true","true","false","true","801","9.372","453.77724918672527"
"3","0.2","true","true","false","true","713","8.616","1002.3181061478786"
"4","0.3","true","true","false","true","960","8.512","812.4959274612738"
"8","0.7","true","true","false","true","839","8.692","413.54722386923316"
"11","1","true","true","false","true","11","8.316","317.45558689297195"
"2","0.1","true","true","false","true","934","7.868","1329.4646897166829"
"10","0.9","true","true","false","true","43","8.796","314.5029847021568"
"6","0.5","true","true","false","true","973","9.004","538.5241515900676"
"1","0","true","true","false","true","883","6.76","1557.309189703463"
"10","0.9","true","true","false","true","44","8.796","314.50298470215677"
"4","0.3","true","true","false","true","961","8.512","812.4959274612745"
"7","0.6","true","true","false","true","802","9.372","453.7772491867248"
"2","0.1","true","true","false","true","935","7.868","1329.4646897166829"
"11","1","true","true","false","true","12","8.544","311.4923282949115"
"3","0.2","true","true","false","true","714","8.616","1002.3181061478772"
"8","0.7","true","true","false","true","840","8.692","413.5472238692329"
"6","0.5","true","true","false","true","974","9.004","538.5241515900677"
"1","0","true","true","false","true","884","6.736","1556.6720291985457"
"10","0.9","true","true","false","true","45","8.796","314.5029847021567"
"4","0.3","true","true","false","true","962","8.512","812.4959274612744"
"2","0.1","true","true","false","true","936","7.868","1329.4646897166829"
"11","1","true","true","false","true","13","8.588","307.0282364023365"
"7","0.6","true","true","false","true","803","9.372","453.7772491867249"
"3","0.2","true","true","false","true","715","8.616","1002.3181061478774"
"6","0.5","true","true","false","true","975","9.004","538.524151590068"
"8","0.7","true","true","false","true","841","8.692","413.5472238692334"
"1","0","true","true","false","true","885","6.74","1556.7328706390047"
"10","0.9","true","true","false","true","46","8.796","314.5029847021566"
"2","0.1","true","true","false","true","937","7.868","1329.4646897166829"
"11","1","true","true","false","true","14","8.792","303.01589205930594"
"4","0.3","true","true","false","true","963","8.512","812.4959274612742"
"6","0.5","true","true","false","true","976","9.004","538.5241515900678"
"7","0.6","true","true","false","true","804","9.372","453.7772491867249"
"8","0.7","true","true","false","true","842","8.692","413.54722386923333"
"3","0.2","true","true","false","true","716","8.616","1002.3181061478774"
"10","0.9","true","true","false","true","47","8.796","314.50298470215694"
"1","0","true","true","false","true","886","6.74","1555.791971570074"
"2","0.1","true","true","false","true","938","7.868","1329.4646897166824"
"4","0.3","true","true","false","true","964","8.512","812.4959274612747"
"11","1","true","true","false","true","15","8.912","299.48007180499485"
"6","0.5","true","true","false","true","977","9.004","538.524151590068"
"7","0.6","true","true","false","true","805","9.372","453.7772491867248"
"10","0.9","true","true","false","true","48","8.796","314.5029847021567"
"8","0.7","true","true","false","true","843","8.692","413.5472238692332"
"1","0","true","true","false","true","887","6.74","1555.9812978889368"
"2","0.1","true","true","false","true","939","7.868","1329.4646897166824"
"3","0.2","true","true","false","true","717","8.616","1002.3181061478776"
"11","1","true","true","false","true","16","8.996","296.07271817071427"
"4","0.3","true","true","false","true","965","8.512","812.4959274612742"
"6","0.5","true","true","false","true","978","9.004","538.524151590068"
"10","0.9","true","true","false","true","49","8.796","314.50298470215677"
"7","0.6","true","true","false","true","806","9.372","453.7772491867246"
"1","0","true","true","false","true","888","6.764","1555.7454836534562"
"2","0.1","true","true","false","true","940","7.868","1329.4646897166824"
"8","0.7","true","true","false","true","844","8.692","413.54722386923345"
"4","0.3","true","true","false","true","966","8.512","812.4959274612745"
"3","0.2","true","true","false","true","718","8.616","1002.3181061478772"
"6","0.5","true","true","false","true","979","9.004","538.5241515900673"
"11","1","true","true","false","true","17","9.084","293.31843744270867"
"10","0.9","true","true","false","true","50","8.796","314.5029847021564"
"7","0.6","true","true","false","true","807","9.372","453.77724918672493"
"2","0.1","true","true","false","true","941","7.868","1329.4646897166824"
"1","0","true","true","false","true","889","6.74","1555.1298391310193"
"4","0.3","true","true","false","true","967","8.512","812.4959274612742"
"8","0.7","true","true","false","true","845","8.692","413.5472238692332"
"11","1","true","true","false","true","18","9.148","291.0025224657527"
"6","0.5","true","true","false","true","980","9.004","538.524151590068"
"7","0.6","true","true","false","true","808","9.372","453.7772491867247"
"3","0.2","true","true","false","true","719","8.616","1002.3181061478779"
"10","0.9","true","true","false","true","51","8.796","314.50298470215665"
"1","0","true","true","false","true","890","6.74","1555.0418811549882"
"2","0.1","true","true","false","true","942","7.868","1329.464689716682"
"4","0.3","true","true","false","true","968","8.512","812.495927461275"
"11","1","true","true","false","true","19","9.192","289.19383118903954"
"6","0.5","true","true","false","true","981","9.004","538.524151590068"
"8","0.7","true","true","false","true","846","8.692","413.54722386923305"
"10","0.9","true","true","false","true","52","8.796","314.5029847021566"
"7","0.6","true","true","false","true","809","9.372","453.7772491867251"
"1","0","true","true","false","true","891","6.74","1554.5099139983686"
"3","0.2","true","true","false","true","720","8.616","1002.3181061478783"
"2","0.1","true","true","false","true","943","7.868","1329.4646897166826"
"4","0.3","true","true","false","true","969","8.512","812.4959274612744"
"11","1","true","true","false","true","20","9.292","287.1114132048068"
"6","0.5","true","true","false","true","982","9.004","538.5241515900682"
"10","0.9","true","true","false","true","53","8.796","314.5029847021566"
"7","0.6","true","true","false","true","810","9.372","453.77724918672465"
"8","0.7","true","true","false","true","847","8.692","413.5472238692332"
"1","0","true","true","false","true","892","6.748","1553.9253602351614"
"2","0.1","true","true","false","true","944","7.868","1329.4646897166833"
"4","0.3","true","true","false","true","970","8.512","812.4959274612747"
"3","0.2","true","true","false","true","721","8.616","1002.3181061478772"
"6","0.5","true","true","false","true","983","9.004","538.5241515900682"
"11","1","true","true","false","true","21","9.324","285.4340129256932"
"10","0.9","true","true","false","true","54","8.796","314.5029847021567"
"2","0.1","true","true","false","true","945","7.868","1329.4646897166829"
"8","0.7","true","true","false","true","848","8.692","413.54722386923356"
"1","0","true","true","false","true","893","6.732","1553.1442858986134"
"7","0.6","true","true","false","true","811","9.372","453.7772491867253"
"6","0.5","true","true","false","true","984","9.004","538.5241515900676"
"3","0.2","true","true","false","true","722","8.616","1002.3181061478771"
"4","0.3","true","true","false","true","971","8.512","812.4959274612743"
"10","0.9","true","true","false","true","55","8.796","314.50298470215654"
"11","1","true","true","false","true","22","9.336","284.3225022015843"
"8","0.7","true","true","false","true","849","8.692","413.54722386923305"
"2","0.1","true","true","false","true","946","7.868","1329.464689716683"
"1","0","true","true","false","true","894","6.732","1552.8745144443922"
"6","0.5","true","true","false","true","985","9.004","538.5241515900681"
"7","0.6","true","true","false","true","812","9.372","453.77724918672527"
"4","0.3","true","true","false","true","972","8.512","812.4959274612737"
"10","0.9","true","true","false","true","56","8.796","314.50298470215694"
"3","0.2","true","true","false","true","723","8.616","1002.3181061478779"
"11","1","true","true","false","true","23","9.32","283.33642634393584"
"8","0.7","true","true","false","true","850","8.692","413.54722386923316"
"7","0.6","true","true","false","true","813","9.372","453.77724918672476"
"1","0","true","true","false","true","895","6.76","1554.1740872167777"
"4","0.3","true","true","false","true","973","8.512","812.4959274612745"
"10","0.9","true","true","false","true","57","8.796","314.50298470215654"
"2","0.1","true","true","false","true","947","7.868","1329.4646897166824"
"3","0.2","true","true","false","true","724","8.616","1002.3181061478779"
"6","0.5","true","true","false","true","986","9.004","538.5241515900678"
"11","1","true","true","false","true","24","9.324","282.61843804012716"
"8","0.7","true","true","false","true","851","8.692","413.5472238692332"
"4","0.3","true","true","false","true","974","8.512","812.4959274612747"
"7","0.6","true","true","false","true","814","9.372","453.7772491867248"
"2","0.1","true","true","false","true","948","7.868","1329.4646897166822"
"3","0.2","true","true","false","true","725","8.616","1002.3181061478776"
"10","0.9","true","true","false","true","58","8.796","314.5029847021567"
"1","0","true","true","false","true","896","6.764","1554.0701053803402"
"6","0.5","true","true","false","true","987","9.004","538.5241515900678"
"11","1","true","true","false","true","25","9.316","282.2356226055247"
"4","0.3","true","true","false","true","975","8.512","812.4959274612747"
"8","0.7","true","true","false","true","852","8.692","413.54722386923316"
"7","0.6","true","true","false","true","815","9.372","453.77724918672476"
"10","0.9","true","true","false","true","59","8.796","314.50298470215654"
"1","0","true","true","false","true","897","6.764","1554.938975206406"
"2","0.1","true","true","false","true","949","7.868","1329.4646897166829"
"6","0.5","true","true","false","true","988","9.004","538.524151590068"
"3","0.2","true","true","false","true","726","8.616","1002.3181061478771"
"11","1","true","true","false","true","26","9.312","282.0234286157774"
"4","0.3","true","true","false","true","976","8.512","812.4959274612743"
"8","0.7","true","true","false","true","853","8.692","413.547223869233"
"10","0.9","true","true","false","true","60","8.796","314.50298470215677"
"2","0.1","true","true","false","true","950","7.868","1329.4646897166824"
"6","0.5","true","true","false","true","989","9.004","538.524151590068"
"7","0.6","true","true","false","true","816","9.372","453.77724918672476"
"1","0","true","true","false","true","898","6.74","1554.6664643569102"
"11","1","true","true","false","true","27","9.308","281.86973321241004"
"3","0.2","true","true","false","true","727","8.616","1002.3181061478774"
"4","0.3","true","true","false","true","977","8.512","812.4959274612744"
"10","0.9","true","true","false","true","61","8.796","314.50298470215677"
"2","0.1","true","true","false","true","951","7.868","1329.4646897166824"
"8","0.7","true","true","false","true","854","8.692","413.5472238692335"
"6","0.5","true","true","false","true","990","9.004","538.5241515900678"
"11","1","true","true","false","true","28","9.324","281.66203772020157"
"1","0","true","true","false","true","899","6.744","1554.0987660810779"
"7","0.6","true","true","false","true","817","9.372","453.77724918672493"
"4","0.3","true","true","false","true","978","8.512","812.4959274612742"
"10","0.9","true","true","false","true","62","8.796","314.5029847021568"
"3","0.2","true","true","false","true","728","8.616","1002.3181061478776"
"2","0.1","true","true","false","true","952","7.868","1329.464689716683"
"11","1","true","true","false","true","29","9.308","281.5934900800979"
"6","0.5","true","true","false","true","991","9.004","538.5241515900676"
"8","0.7","true","true","false","true","855","8.692","413.54722386923305"
"1","0","true","true","false","true","900","6.744","1553.8106911422244"
"7","0.6","true","true","false","true","818","9.372","453.7772491867249"
"4","0.3","true","true","false","true","979","8.512","812.4959274612744"
"10","0.9","true","true","false","true","63","8.796","314.50298470215654"
"11","1","true","true","false","true","30","9.308","281.5934900800981"
"2","0.1","true","true","false","true","953","7.868","1329.4646897166824"
"6","0.5","true","true","false","true","992","9.004","538.5241515900678"
"3","0.2","true","true","false","true","729","8.616","1002.3181061478772"
"1","0","true","true","false","true","901","6.748","1553.4655649577587"
"4","0.3","true","true","false","true","980","8.512","812.4959274612743"
"8","0.7","true","true","false","true","856","8.692","413.5472238692329"
"10","0.9","true","true","false","true","64","8.796","314.50298470215665"
"7","0.6","true","true","false","true","819","9.372","453.7772491867247"
"11","1","true","true","false","true","31","9.308","281.59349008009815"
"2","0.1","true","true","false","true","954","7.868","1329.4646897166836"
"6","0.5","true","true","false","true","993","9.004","538.5241515900676"
"1","0","true","true","false","true","902","6.724","1552.760366244694"
"3","0.2","true","true","false","true","730","8.616","1002.3181061478774"
"10","0.9","true","true","false","true","65","8.796","314.50298470215665"
"4","0.3","true","true","false","true","981","8.512","812.4959274612738"
"8","0.7","true","true","false","true","857","8.692","413.5472238692331"
"2","0.1","true","true","false","true","955","7.868","1329.464689716683"
"11","1","true","true","false","true","32","9.308","281.59349008009815"
"6","0.5","true","true","false","true","994","9.004","538.5241515900676"
"7","0.6","true","true","false","true","820","9.372","453.777249186725"
"1","0","true","true","false","true","903","6.744","1551.90621760133"
"10","0.9","true","true","false","true","66","8.796","314.50298470215677"
"3","0.2","true","true","false","true","731","8.616","1002.3181061478771"
"4","0.3","true","true","false","true","982","8.512","812.4959274612745"
"8","0.7","true","true","false","true","858","8.692","413.5472238692335"
"11","1","true","true","false","true","33","9.308","281.5934900800983"
"2","0.1","true","true","false","true","956","7.868","1329.4646897166817"
"6","0.5","true","true","false","true","995","9.004","538.5241515900681"
"7","0.6","true","true","false","true","821","9.372","453.7772491867255"
"1","0","true","true","false","true","904","6.716","1551.1680547626167"
"10","0.9","true","true","false","true","67","8.796","314.50298470215665"
"4","0.3","true","true","false","true","983","8.512","812.4959274612745"
"11","1","true","true","false","true","34","9.308","281.59349008009826"
"3","0.2","true","true","false","true","732","8.616","1002.3181061478776"
"2","0.1","true","true","false","true","957","7.868","1329.4646897166833"
"8","0.7","true","true","false","true","859","8.692","413.5472238692335"
"6","0.5","true","true","false","true","996","9.004","538.524151590068"
"7","0.6","true","true","false","true","822","9.372","453.7772491867245"
"10","0.9","true","true","false","true","68","8.796","314.502984702157"
"1","0","true","true","false","true","905","6.736","1551.8051102875756"
"4","0.3","true","true","false","true","984","8.512","812.4959274612743"
"11","1","true","true","false","true","35","9.308","281.59349008009826"
"2","0.1","true","true","false","true","958","7.868","1329.4646897166829"
"3","0.2","true","true","false","true","733","8.616","1002.3181061478774"
"6","0.5","true","true","false","true","997","9.004","538.5241515900682"
"8","0.7","true","true","false","true","860","8.692","413.5472238692333"
"10","0.9","true","true","false","true","69","8.796","314.5029847021567"
"1","0","true","true","false","true","906","6.748","1551.3865849700926"
"7","0.6","true","true","false","true","823","9.372","453.77724918672493"
"4","0.3","true","true","false","true","985","8.512","812.4959274612743"
"11","1","true","true","false","true","36","9.308","281.5934900800983"
"2","0.1","true","true","false","true","959","7.868","1329.464689716682"
"6","0.5","true","true","false","true","998","9.004","538.5241515900681"
"10","0.9","true","true","false","true","70","8.796","314.50298470215665"
"3","0.2","true","true","false","true","734","8.616","1002.3181061478783"
"8","0.7","true","true","false","true","861","8.692","413.5472238692332"
"1","0","true","true","false","true","907","6.72","1552.2410285630206"
"4","0.3","true","true","false","true","986","8.512","812.495927461274"
"11","1","true","true","false","true","37","9.308","281.5934900800982"
"7","0.6","true","true","false","true","824","9.372","453.77724918672493"
"2","0.1","true","true","false","true","960","7.868","1329.464689716684"
"10","0.9","true","true","false","true","71","8.796","314.50298470215665"
"6","0.5","true","true","false","true","999","9.004","538.5241515900678"
"8","0.7","true","true","false","true","862","8.692","413.5472238692333"
"3","0.2","true","true","false","true","735","8.616","1002.3181061478774"
"11","1","true","true","false","true","38","9.308","281.59349008009826"
"4","0.3","true","true","false","true","987","8.512","812.4959274612747"
"1","0","true","true","false","true","908","6.728","1551.5264339803273"
"7","0.6","true","true","false","true","825","9.372","453.7772491867248"
"10","0.9","true","true","false","true","72","8.796","314.5029847021568"
"2","0.1","true","true","false","true","961","7.868","1329.4646897166824"
"8","0.7","true","true","false","true","863","8.692","413.5472238692332"
"3","0.2","true","true","false","true","736","8.616","1002.3181061478772"
"4","0.3","true","true","false","true","988","8.512","812.4959274612742"
"11","1","true","true","false","true","39","9.308","281.59349008009815"
"10","0.9","true","true","false","true","73","8.796","314.50298470215654"
"1","0","true","true","false","true","909","6.724","1551.2588202176055"
"2","0.1","true","true","false","true","962","7.868","1329.4646897166829"
"7","0.6","true","true","false","true","826","9.372","453.7772491867248"
"10","0.9","true","true","false","true","74","8.796","314.50298470215654"
"8","0.7","true","true","false","true","864","8.692","413.5472238692332"
"11","1","true","true","false","true","40","9.308","281.5934900800983"
"4","0.3","true","true","false","true","989","8.512","812.4959274612746"
"3","0.2","true","true","false","true","737","8.616","1002.3181061478772"
"1","0","true","true","false","true","910","6.716","1551.8149893238974"
"2","0.1","true","true","false","true","963","7.868","1329.4646897166824"
"7","0.6","true","true","false","true","827","9.372","453.7772491867246"
"10","0.9","true","true","false","true","75","8.796","314.5029847021568"
"4","0.3","true","true","false","true","990","8.512","812.4959274612748"
"8","0.7","true","true","false","true","865","8.692","413.54722386923316"
"11","1","true","true","false","true","41","9.308","281.5934900800981"
"1","0","true","true","false","true","911","6.72","1552.5019877996422"
"3","0.2","true","true","false","true","738","8.616","1002.3181061478771"
"2","0.1","true","true","false","true","964","7.868","1329.4646897166829"
"7","0.6","true","true","false","true","828","9.372","453.7772491867251"
"10","0.9","true","true","false","true","76","8.796","314.50298470215654"
"4","0.3","true","true","false","true","991","8.512","812.4959274612747"
"11","1","true","true","false","true","42","9.308","281.59349008009843"
"8","0.7","true","true","false","true","866","8.692","413.54722386923305"
"1","0","true","true","false","true","912","6.736","1553.3855844623226"
"2","0.1","true","true","false","true","965","7.868","1329.464689716683"
"3","0.2","true","true","false","true","739","8.616","1002.3181061478772"
"10","0.9","true","true","false","true","77","8.796","314.50298470215665"
"4","0.3","true","true","false","true","992","8.512","812.4959274612744"
"11","1","true","true","false","true","43","9.308","281.5934900800983"
"7","0.6","true","true","false","true","829","9.372","453.777249186725"
"2","0.1","true","true","false","true","966","7.868","1329.4646897166815"
"8","0.7","true","true","false","true","867","8.692","413.5472238692332"
"1","0","true","true","false","true","913","6.724","1553.5328532579772"
"10","0.9","true","true","false","true","78","8.796","314.5029847021568"
"3","0.2","true","true","false","true","740","8.616","1002.3181061478772"
"4","0.3","true","true","false","true","993","8.512","812.4959274612735"
"11","1","true","true","false","true","44","9.308","281.5934900800982"
"2","0.1","true","true","false","true","967","7.868","1329.4646897166815"
"7","0.6","true","true","false","true","830","9.372","453.7772491867248"
"8","0.7","true","true","false","true","868","8.692","413.54722386923305"
"10","0.9","true","true","false","true","79","8.796","314.5029847021566"
"1","0","true","true","false","true","914","6.728","1553.472862350297"
"4","0.3","true","true","false","true","994","8.512","812.4959274612748"
"11","1","true","true","false","true","45","9.308","281.59349008009826"
"3","0.2","true","true","false","true","741","8.616","1002.3181061478771"
"10","0.9","true","true","false","true","80","8.796","314.5029847021568"
"2","0.1","true","true","false","true","968","7.868","1329.4646897166824"
"8","0.7","true","true","false","true","869","8.692","413.54722386923333"
"1","0","true","true","false","true","915","6.74","1554.5727822928336"
"7","0.6","true","true","false","true","831","9.372","453.7772491867247"
"4","0.3","true","true","false","true","995","8.512","812.4959274612742"
"11","1","true","true","false","true","46","9.308","281.5934900800982"
"10","0.9","true","true","false","true","81","8.796","314.50298470215665"
"3","0.2","true","true","false","true","742","8.616","1002.3181061478768"
"2","0.1","true","true","false","true","969","7.868","1329.4646897166829"
"1","0","true","true","false","true","916","6.736","1555.3275579622239"
"8","0.7","true","true","false","true","870","8.692","413.54722386923294"
"11","1","true","true","false","true","47","9.308","281.5934900800983"
"4","0.3","true","true","false","true","996","8.512","812.4959274612748"
"7","0.6","true","true","false","true","832","9.372","453.7772491867251"
"10","0.9","true","true","false","true","82","8.796","314.5029847021567"
"3","0.2","true","true","false","true","743","8.616","1002.3181061478772"
"2","0.1","true","true","false","true","970","7.868","1329.4646897166824"
"8","0.7","true","true","false","true","871","8.692","413.5472238692333"
"4","0.3","true","true","false","true","997","8.512","812.4959274612748"
"11","1","true","true","false","true","48","9.308","281.5934900800983"
"1","0","true","true","false","true","917","6.74","1554.9386382453488"
"7","0.6","true","true","false","true","833","9.372","453.77724918672476"
"10","0.9","true","true","false","true","83","8.796","314.50298470215637"
"4","0.3","true","true","false","true","998","8.512","812.4959274612746"
"11","1","true","true","false","true","49","9.308","281.5934900800984"
"2","0.1","true","true","false","true","971","7.868","1329.4646897166826"
"1","0","true","true","false","true","918","6.736","1555.2357194559218"
"3","0.2","true","true","false","true","744","8.616","1002.3181061478771"
"8","0.7","true","true","false","true","872","8.692","413.54722386923333"
"10","0.9","true","true","false","true","84","8.796","314.5029847021565"
"7","0.6","true","true","false","true","834","9.372","453.77724918672476"
"4","0.3","true","true","false","true","999","8.512","812.4959274612746"
"2","0.1","true","true","false","true","972","7.868","1329.4646897166822"
"11","1","true","true","false","true","50","9.308","281.5934900800983"
"1","0","true","true","false","true","919","6.724","1554.7073863247458"
"10","0.9","true","true","false","true","85","8.796","314.5029847021564"
"8","0.7","true","true","false","true","873","8.692","413.54722386923316"
"3","0.2","true","true","false","true","745","8.616","1002.3181061478774"
"7","0.6","true","true","false","true","835","9.372","453.777249186725"
"11","1","true","true","false","true","51","9.308","281.5934900800984"
"2","0.1","true","true","false","true","973","7.868","1329.4646897166824"
"10","0.9","true","true","false","true","86","8.796","314.50298470215677"
"1","0","true","true","false","true","920","6.74","1554.1909614808385"
"8","0.7","true","true","false","true","874","8.692","413.5472238692328"
"3","0.2","true","true","false","true","746","8.616","1002.3181061478771"
"7","0.6","true","true","false","true","836","9.372","453.7772491867251"
"11","1","true","true","false","true","52","9.308","281.59349008009815"
"2","0.1","true","true","false","true","974","7.868","1329.4646897166826"
"10","0.9","true","true","false","true","87","8.796","314.50298470215665"
"1","0","true","true","false","true","921","6.776","1553.5177754920549"
"8","0.7","true","true","false","true","875","8.692","413.5472238692334"
"3","0.2","true","true","false","true","747","8.616","1002.3181061478774"
"11","1","true","true","false","true","53","9.308","281.59349008009826"
"7","0.6","true","true","false","true","837","9.372","453.77724918672516"
"10","0.9","true","true","false","true","88","8.796","314.50298470215654"
"2","0.1","true","true","false","true","975","7.868","1329.4646897166826"
"1","0","true","true","false","true","922","6.764","1552.5320766789437"
"8","0.7","true","true","false","true","876","8.692","413.5472238692331"
"11","1","true","true","false","true","54","9.308","281.5934900800981"
"3","0.2","true","true","false","true","748","8.616","1002.3181061478772"
"10","0.9","true","true","false","true","89","8.796","314.5029847021567"
"7","0.6","true","true","false","true","838","9.372","453.77724918672493"
"2","0.1","true","true","false","true","976","7.868","1329.4646897166829"
"1","0","true","true","false","true","923","6.756","1551.8641548406158"
"8","0.7","true","true","false","true","877","8.692","413.54722386923305"
"11","1","true","true","false","true","55","9.308","281.5934900800984"
"10","0.9","true","true","false","true","90","8.796","314.5029847021566"
"3","0.2","true","true","false","true","749","8.616","1002.3181061478776"
"2","0.1","true","true","false","true","977","7.868","1329.464689716683"
"7","0.6","true","true","false","true","839","9.372","453.77724918672493"
"1","0","true","true","false","true","924","6.732","1551.9797662692442"
"10","0.9","true","true","false","true","91","8.796","314.50298470215654"
"11","1","true","true","false","true","56","9.308","281.59349008009843"
"8","0.7","true","true","false","true","878","8.692","413.54722386923305"
"2","0.1","true","true","false","true","978","7.868","1329.4646897166829"
"3","0.2","true","true","false","true","750","8.616","1002.3181061478772"
"7","0.6","true","true","false","true","840","9.372","453.7772491867248"
"1","0","true","true","false","true","925","6.74","1551.6879774245626"
"10","0.9","true","true","false","true","92","8.796","314.50298470215654"
"11","1","true","true","false","true","57","9.308","281.5934900800983"
"8","0.7","true","true","false","true","879","8.692","413.54722386923345"
"2","0.1","true","true","false","true","979","7.868","1329.4646897166824"
"10","0.9","true","true","false","true","93","8.796","314.50298470215694"
"3","0.2","true","true","false","true","751","8.616","1002.3181061478774"
"7","0.6","true","true","false","true","841","9.372","453.7772491867252"
"1","0","true","true","false","true","926","6.76","1552.718719457942"
"11","1","true","true","false","true","58","9.308","281.5934900800982"
"8","0.7","true","true","false","true","880","8.692","413.54722386923316"
"2","0.1","true","true","false","true","980","7.868","1329.4646897166833"
"10","0.9","true","true","false","true","94","8.796","314.5029847021568"
"11","1","true","true","false","true","59","9.308","281.5934900800985"
"7","0.6","true","true","false","true","842","9.372","453.7772491867251"
"3","0.2","true","true","false","true","752","8.616","1002.3181061478771"
"1","0","true","true","false","true","927","6.752","1552.665606291557"
"8","0.7","true","true","false","true","881","8.692","413.54722386923316"
"10","0.9","true","true","false","true","95","8.796","314.50298470215665"
"2","0.1","true","true","false","true","981","7.868","1329.4646897166836"
"11","1","true","true","false","true","60","9.308","281.59349008009826"
"1","0","true","true","false","true","928","6.752","1552.034753492829"
"7","0.6","true","true","false","true","843","9.372","453.77724918672493"
"8","0.7","true","true","false","true","882","8.692","413.54722386923305"
"3","0.2","true","true","false","true","753","8.616","1002.3181061478772"
"10","0.9","true","true","false","true","96","8.796","314.5029847021568"
"2","0.1","true","true","false","true","982","7.868","1329.4646897166817"
"11","1","true","true","false","true","61","9.308","281.5934900800983"
"1","0","true","true","false","true","929","6.752","1551.4824795837317"
"8","0.7","true","true","false","true","883","8.692","413.54722386923333"
"7","0.6","true","true","false","true","844","9.372","453.7772491867251"
"10","0.9","true","true","false","true","97","8.796","314.50298470215654"
"2","0.1","true","true","false","true","983","7.868","1329.464689716682"
"3","0.2","true","true","false","true","754","8.616","1002.3181061478772"
"1","0","true","true","false","true","930","6.72","1550.8737801642685"
"11","1","true","true","false","true","62","9.308","281.5934900800983"
"10","0.9","true","true","false","true","98","8.796","314.50298470215654"
"7","0.6","true","true","false","true","845","9.372","453.77724918672493"
"8","0.7","true","true","false","true","884","8.692","413.5472238692333"
"2","0.1","true","true","false","true","984","7.868","1329.4646897166833"
"11","1","true","true","false","true","63","9.308","281.59349008009826"
"1","0","true","true","false","true","931","6.732","1550.3604578039678"
"3","0.2","true","true","false","true","755","8.616","1002.3181061478772"
"10","0.9","true","true","false","true","99","8.796","314.5029847021567"
"7","0.6","true","true","false","true","846","9.372","453.7772491867249"
"2","0.1","true","true","false","true","985","7.868","1329.4646897166826"
"8","0.7","true","true","false","true","885","8.692","413.5472238692332"
"1","0","true","true","false","true","932","6.736","1550.932191292438"
"11","1","true","true","false","true","64","9.308","281.59349008009815"
"3","0.2","true","true","false","true","756","8.616","1002.3181061478768"
"7","0.6","true","true","false","true","847","9.372","453.77724918672516"
"8","0.7","true","true","false","true","886","8.692","413.54722386923316"
"2","0.1","true","true","false","true","986","7.868","1329.4646897166824"
"1","0","true","true","false","true","933","6.724","1551.0678092702851"
"10","0.9","true","true","false","true","100","8.796","314.5029847021567"
"11","1","true","true","false","true","65","9.308","281.5934900800983"
"8","0.7","true","true","false","true","887","8.692","413.5472238692332"
"1","0","true","true","false","true","934","6.712","1551.5219115079594"
"10","0.9","true","true","false","true","101","8.796","314.5029847021567"
"2","0.1","true","true","false","true","987","7.868","1329.4646897166824"
"3","0.2","true","true","false","true","757","8.616","1002.3181061478772"
"7","0.6","true","true","false","true","848","9.372","453.7772491867248"
"11","1","true","true","false","true","66","9.308","281.59349008009826"
"8","0.7","true","true","false","true","888","8.692","413.5472238692334"
"1","0","true","true","false","true","935","6.72","1550.5488206008467"
"2","0.1","true","true","false","true","988","7.868","1329.4646897166824"
"11","1","true","true","false","true","67","9.308","281.59349008009815"
"3","0.2","true","true","false","true","758","8.616","1002.3181061478772"
"10","0.9","true","true","false","true","102","8.796","314.50298470215694"
"7","0.6","true","true","false","true","849","9.372","453.7772491867247"
"8","0.7","true","true","false","true","889","8.692","413.5472238692333"
"1","0","true","true","false","true","936","6.72","1550.125545145434"
"2","0.1","true","true","false","true","989","7.868","1329.464689716683"
"11","1","true","true","false","true","68","9.308","281.59349008009843"
"7","0.6","true","true","false","true","850","9.372","453.7772491867251"
"8","0.7","true","true","false","true","890","8.692","413.54722386923333"
"1","0","true","true","false","true","937","6.74","1550.4954929925698"
"10","0.9","true","true","false","true","103","8.796","314.5029847021567"
"3","0.2","true","true","false","true","759","8.616","1002.3181061478766"
"2","0.1","true","true","false","true","990","7.868","1329.4646897166826"
"11","1","true","true","false","true","69","9.308","281.5934900800984"
"7","0.6","true","true","false","true","851","9.372","453.7772491867248"
"8","0.7","true","true","false","true","891","8.692","413.54722386923316"
"3","0.2","true","true","false","true","760","8.616","1002.3181061478772"
"1","0","true","true","false","true","938","6.72","1549.5377169906862"
"7","0.6","true","true","false","true","852","9.372","453.77724918672465"
"10","0.9","true","true","false","true","104","8.796","314.50298470215654"
"2","0.1","true","true","false","true","991","7.868","1329.4646897166833"
"11","1","true","true","false","true","70","9.308","281.593490080098"
"8","0.7","true","true","false","true","892","8.692","413.54722386923305"
"7","0.6","true","true","false","true","853","9.372","453.7772491867251"
"1","0","true","true","false","true","939","6.72","1550.9073453812164"
"3","0.2","true","true","false","true","761","8.616","1002.3181061478779"
"2","0.1","true","true","false","true","992","7.868","1329.4646897166842"
"10","0.9","true","true","false","true","105","8.796","314.50298470215654"
"11","1","true","true","false","true","71","9.308","281.5934900800981"
"7","0.6","true","true","false","true","854","9.372","453.7772491867248"
"8","0.7","true","true","false","true","893","8.692","413.5472238692335"
"10","0.9","true","true","false","true","106","8.796","314.50298470215694"
"7","0.6","true","true","false","true","855","9.372","453.7772491867253"
"11","1","true","true","false","true","72","9.308","281.5934900800983"
"1","0","true","true","false","true","940","6.728","1550.7577280037806"
"3","0.2","true","true","false","true","762","8.616","1002.3181061478776"
"2","0.1","true","true","false","true","993","7.868","1329.4646897166838"
"8","0.7","true","true","false","true","894","8.692","413.5472238692331"
"10","0.9","true","true","false","true","107","8.796","314.5029847021567"
"8","0.7","true","true","false","true","895","8.692","413.5472238692332"
"11","1","true","true","false","true","73","9.308","281.5934900800982"
"1","0","true","true","false","true","941","6.704","1551.5351640242784"
"7","0.6","true","true","false","true","856","9.372","453.7772491867248"
"2","0.1","true","true","false","true","994","7.868","1329.464689716682"
"8","0.7","true","true","false","true","896","8.692","413.54722386923316"
"10","0.9","true","true","false","true","108","8.796","314.5029847021569"
"3","0.2","true","true","false","true","763","8.616","1002.3181061478772"
"7","0.6","true","true","false","true","857","9.372","453.77724918672453"
"3","0.2","true","true","false","true","764","8.616","1002.3181061478771"
"11","1","true","true","false","true","74","9.308","281.5934900800984"
"1","0","true","true","false","true","942","6.708","1550.9190230767263"
"10","0.9","true","true","false","true","109","8.796","314.50298470215665"
"8","0.7","true","true","false","true","897","8.692","413.54722386923345"
"2","0.1","true","true","false","true","995","7.868","1329.464689716683"
"7","0.6","true","true","false","true","858","9.372","453.77724918672516"
"1","0","true","true","false","true","943","6.724","1550.557959815908"
"8","0.7","true","true","false","true","898","8.692","413.54722386923333"
"10","0.9","true","true","false","true","110","8.796","314.5029847021568"
"11","1","true","true","false","true","75","9.308","281.5934900800982"
"3","0.2","true","true","false","true","765","8.616","1002.3181061478776"
"2","0.1","true","true","false","true","996","7.868","1329.4646897166829"
"8","0.7","true","true","false","true","899","8.692","413.5472238692333"
"10","0.9","true","true","false","true","111","8.796","314.5029847021564"
"7","0.6","true","true","false","true","859","9.372","453.7772491867243"
"1","0","true","true","false","true","944","6.72","1550.8696580155192"
"11","1","true","true","false","true","76","9.308","281.5934900800981"
"2","0.1","true","true","false","true","997","7.868","1329.4646897166829"
"3","0.2","true","true","false","true","766","8.616","1002.3181061478768"
"8","0.7","true","true","false","true","900","8.692","413.5472238692332"
"10","0.9","true","true","false","true","112","8.796","314.50298470215677"
"7","0.6","true","true","false","true","860","9.372","453.7772491867252"
"11","1","true","true","false","true","77","9.308","281.5934900800982"
"1","0","true","true","false","true","945","6.732","1551.1685433663813"
"2","0.1","true","true","false","true","998","7.868","1329.4646897166833"
"3","0.2","true","true","false","true","767","8.616","1002.3181061478771"
"10","0.9","true","true","false","true","113","8.796","314.50298470215677"
"8","0.7","true","true","false","true","901","8.692","413.5472238692333"
"7","0.6","true","true","false","true","861","9.372","453.777249186725"
"11","1","true","true","false","true","78","9.308","281.5934900800983"
"1","0","true","true","false","true","946","6.732","1551.0809917075378"
"2","0.1","true","true","false","true","999","7.868","1329.4646897166822"
"3","0.2","true","true","false","true","768","8.616","1002.3181061478776"
"10","0.9","true","true","false","true","114","8.796","314.50298470215654"
"8","0.7","true","true","false","true","902","8.692","413.5472238692331"
"11","1","true","true","false","true","79","9.308","281.59349008009826"
"7","0.6","true","true","false","true","862","9.372","453.77724918672476"
"1","0","true","true","false","true","947","6.724","1550.9307209611638"
"10","0.9","true","true","false","true","115","8.796","314.50298470215665"
"3","0.2","true","true","false","true","769","8.616","1002.3181061478774"
"11","1","true","true","false","true","80","9.308","281.59349008009815"
"8","0.7","true","true","false","true","903","8.692","413.54722386923316"
"7","0.6","true","true","false","true","863","9.372","453.7772491867248"
"1","0","true","true","false","true","948","6.728","1549.8497773575084"
"10","0.9","true","true","false","true","116","8.796","314.5029847021567"
"11","1","true","true","false","true","81","9.308","281.5934900800982"
"3","0.2","true","true","false","true","770","8.616","1002.3181061478772"
"8","0.7","true","true","false","true","904","8.692","413.5472238692333"
"1","0","true","true","false","true","949","6.728","1549.5199752780118"
"7","0.6","true","true","false","true","864","9.372","453.7772491867249"
"11","1","true","true","false","true","82","9.308","281.59349008009815"
"10","0.9","true","true","false","true","117","8.796","314.50298470215677"
"7","0.6","true","true","false","true","865","9.372","453.7772491867249"
"3","0.2","true","true","false","true","771","8.616","1002.3181061478774"
"1","0","true","true","false","true","950","6.716","1548.9806675063198"
"8","0.7","true","true","false","true","905","8.692","413.54722386923345"
"11","1","true","true","false","true","83","9.308","281.59349008009804"
"10","0.9","true","true","false","true","118","8.796","314.5029847021568"
"7","0.6","true","true","false","true","866","9.372","453.777249186725"
"1","0","true","true","false","true","951","6.752","1550.1170115038494"
"11","1","true","true","false","true","84","9.308","281.59349008009826"
"3","0.2","true","true","false","true","772","8.616","1002.3181061478772"
"10","0.9","true","true","false","true","119","8.796","314.50298470215677"
"8","0.7","true","true","false","true","906","8.692","413.5472238692332"
"1","0","true","true","false","true","952","6.752","1549.786833520373"
"11","1","true","true","false","true","85","9.308","281.59349008009787"
"7","0.6","true","true","false","true","867","9.372","453.77724918672493"
"10","0.9","true","true","false","true","120","8.796","314.5029847021567"
"8","0.7","true","true","false","true","907","8.692","413.5472238692332"
"3","0.2","true","true","false","true","773","8.616","1002.3181061478779"
"1","0","true","true","false","true","953","6.76","1550.2234473480214"
"11","1","true","true","false","true","86","9.308","281.5934900800982"
"10","0.9","true","true","false","true","121","8.796","314.5029847021565"
"7","0.6","true","true","false","true","868","9.372","453.7772491867251"
"8","0.7","true","true","false","true","908","8.692","413.54722386923345"
"3","0.2","true","true","false","true","774","8.616","1002.3181061478772"
"11","1","true","true","false","true","87","9.308","281.59349008009804"
"1","0","true","true","false","true","954","6.752","1550.6747037949021"
"10","0.9","true","true","false","true","122","8.796","314.50298470215654"
"7","0.6","true","true","false","true","869","9.372","453.777249186725"
"8","0.7","true","true","false","true","909","8.692","413.54722386923333"
"11","1","true","true","false","true","88","9.308","281.59349008009843"
"1","0","true","true","false","true","955","6.752","1550.4999479173566"
"3","0.2","true","true","false","true","775","8.616","1002.3181061478779"
"10","0.9","true","true","false","true","123","8.796","314.50298470215654"
"7","0.6","true","true","false","true","870","9.372","453.7772491867246"
"11","1","true","true","false","true","89","9.308","281.5934900800982"
"8","0.7","true","true","false","true","910","8.692","413.54722386923305"
"1","0","true","true","false","true","956","6.716","1549.5034134675282"
"10","0.9","true","true","false","true","124","8.796","314.50298470215654"
"3","0.2","true","true","false","true","776","8.616","1002.3181061478772"
"7","0.6","true","true","false","true","871","9.372","453.77724918672476"
"11","1","true","true","false","true","90","9.308","281.5934900800983"
"1","0","true","true","false","true","957","6.728","1550.1342108431925"
"8","0.7","true","true","false","true","911","8.692","413.5472238692337"
"10","0.9","true","true","false","true","125","8.796","314.5029847021567"
"11","1","true","true","false","true","91","9.308","281.59349008009843"
"3","0.2","true","true","false","true","777","8.616","1002.3181061478774"
"7","0.6","true","true","false","true","872","9.372","453.7772491867249"
"1","0","true","true","false","true","958","6.724","1549.7892525463426"
"10","0.9","true","true","false","true","126","8.796","314.50298470215637"
"8","0.7","true","true","false","true","912","8.692","413.5472238692335"
"11","1","true","true","false","true","92","9.308","281.5934900800982"
"7","0.6","true","true","false","true","873","9.372","453.7772491867248"
"3","0.2","true","true","false","true","778","8.616","1002.3181061478776"
"1","0","true","true","false","true","959","6.724","1550.1692817429016"
"10","0.9","true","true","false","true","127","8.796","314.5029847021568"
"11","1","true","true","false","true","93","9.308","281.59349008009815"
"8","0.7","true","true","false","true","913","8.692","413.547223869233"
"7","0.6","true","true","false","true","874","9.372","453.77724918672476"
"1","0","true","true","false","true","960","6.712","1551.2320884410817"
"10","0.9","true","true","false","true","128","8.796","314.5029847021567"
"3","0.2","true","true","false","true","779","8.616","1002.3181061478776"
"11","1","true","true","false","true","94","9.308","281.59349008009826"
"7","0.6","true","true","false","true","875","9.372","453.777249186725"
"8","0.7","true","true","false","true","914","8.692","413.54722386923316"
"1","0","true","true","false","true","961","6.7","1550.0747719043502"
"10","0.9","true","true","false","true","129","8.796","314.5029847021569"
"3","0.2","true","true","false","true","780","8.616","1002.3181061478772"
"11","1","true","true","false","true","95","9.308","281.5934900800985"
"1","0","true","true","false","true","962","6.688","1549.2724678184784"
"7","0.6","true","true","false","true","876","9.372","453.77724918672453"
"8","0.7","true","true","false","true","915","8.692","413.54722386923373"
"10","0.9","true","true","false","true","130","8.796","314.5029847021567"
"11","1","true","true","false","true","96","9.308","281.5934900800979"
"7","0.6","true","true","false","true","877","9.372","453.7772491867249"
"1","0","true","true","false","true","963","6.7","1549.8008182370293"
"10","0.9","true","true","false","true","131","8.796","314.5029847021569"
"3","0.2","true","true","false","true","781","8.616","1002.3181061478772"
"8","0.7","true","true","false","true","916","8.692","413.5472238692334"
"1","0","true","true","false","true","964","6.688","1549.5040332601798"
"10","0.9","true","true","false","true","132","8.796","314.50298470215654"
"7","0.6","true","true","false","true","878","9.372","453.7772491867247"
"11","1","true","true","false","true","97","9.308","281.59349008009815"
"3","0.2","true","true","false","true","782","8.616","1002.3181061478776"
"8","0.7","true","true","false","true","917","8.692","413.5472238692334"
"11","1","true","true","false","true","98","9.308","281.5934900800982"
"1","0","true","true","false","true","965","6.688","1549.9176836656538"
"7","0.6","true","true","false","true","879","9.372","453.77724918672516"
"10","0.9","true","true","false","true","133","8.796","314.5029847021567"
"8","0.7","true","true","false","true","918","8.692","413.5472238692331"
"3","0.2","true","true","false","true","783","8.616","1002.3181061478774"
"11","1","true","true","false","true","99","9.308","281.59349008009843"
"1","0","true","true","false","true","966","6.688","1549.77796665087"
"10","0.9","true","true","false","true","134","8.796","314.50298470215665"
"7","0.6","true","true","false","true","880","9.372","453.77724918672493"
"8","0.7","true","true","false","true","919","8.692","413.5472238692333"
"11","1","true","true","false","true","100","9.308","281.5934900800982"
"1","0","true","true","false","true","967","6.7","1550.2021858550497"
"10","0.9","true","true","false","true","135","8.796","314.50298470215665"
"3","0.2","true","true","false","true","784","8.616","1002.3181061478776"
"8","0.7","true","true","false","true","920","8.692","413.5472238692334"
"7","0.6","true","true","false","true","881","9.372","453.7772491867251"
"11","1","true","true","false","true","101","9.308","281.59349008009826"
"1","0","true","true","false","true","968","6.688","1549.4567364416484"
"10","0.9","true","true","false","true","136","8.796","314.50298470215665"
"7","0.6","true","true","false","true","882","9.372","453.7772491867251"
"3","0.2","true","true","false","true","785","8.616","1002.3181061478776"
"8","0.7","true","true","false","true","921","8.692","413.5472238692331"
"11","1","true","true","false","true","102","9.308","281.5934900800983"
"10","0.9","true","true","false","true","137","8.796","314.502984702157"
"7","0.6","true","true","false","true","883","9.372","453.77724918672476"
"1","0","true","true","false","true","969","6.704","1550.0631716846895"
"8","0.7","true","true","false","true","922","8.692","413.5472238692333"
"3","0.2","true","true","false","true","786","8.616","1002.3181061478772"
"11","1","true","true","false","true","103","9.308","281.59349008009815"
"10","0.9","true","true","false","true","138","8.796","314.5029847021567"
"7","0.6","true","true","false","true","884","9.372","453.777249186725"
"1","0","true","true","false","true","970","6.688","1549.5431403319972"
"8","0.7","true","true","false","true","923","8.692","413.5472238692332"
"11","1","true","true","false","true","104","9.308","281.5934900800983"
"10","0.9","true","true","false","true","139","8.796","314.502984702157"
"3","0.2","true","true","false","true","787","8.616","1002.3181061478772"
"7","0.6","true","true","false","true","885","9.372","453.7772491867247"
"1","0","true","true","false","true","971","6.696","1549.8885992135358"
"8","0.7","true","true","false","true","924","8.692","413.54722386923316"
"10","0.9","true","true","false","true","140","8.796","314.50298470215654"
"11","1","true","true","false","true","105","9.308","281.593490080098"
"3","0.2","true","true","false","true","788","8.616","1002.3181061478774"
"7","0.6","true","true","false","true","886","9.372","453.77724918672493"
"8","0.7","true","true","false","true","925","8.692","413.54722386923305"
"1","0","true","true","false","true","972","6.684","1549.631107940336"
"10","0.9","true","true","false","true","141","8.796","314.5029847021569"
"11","1","true","true","false","true","106","9.308","281.59349008009826"
"1","0","true","true","false","true","973","6.692","1549.9376647911752"
"3","0.2","true","true","false","true","789","8.616","1002.3181061478772"
"7","0.6","true","true","false","true","887","9.372","453.77724918672493"
"8","0.7","true","true","false","true","926","8.692","413.54722386923305"
"10","0.9","true","true","false","true","142","8.796","314.5029847021567"
"1","0","true","true","false","true","974","6.692","1549.5959184011417"
"8","0.7","true","true","false","true","927","8.692","413.5472238692332"
"11","1","true","true","false","true","107","9.308","281.5934900800982"
"7","0.6","true","true","false","true","888","9.372","453.77724918672516"
"3","0.2","true","true","false","true","790","8.616","1002.3181061478774"
"10","0.9","true","true","false","true","143","8.796","314.50298470215677"
"11","1","true","true","false","true","108","9.308","281.59349008009804"
"1","0","true","true","false","true","975","6.692","1549.3673799516669"
"10","0.9","true","true","false","true","144","8.796","314.50298470215654"
"7","0.6","true","true","false","true","889","9.372","453.7772491867248"
"8","0.7","true","true","false","true","928","8.692","413.5472238692333"
"3","0.2","true","true","false","true","791","8.616","1002.3181061478779"
"1","0","true","true","false","true","976","6.684","1549.3529258044239"
"11","1","true","true","false","true","109","9.308","281.59349008009804"
"10","0.9","true","true","false","true","145","8.796","314.50298470215677"
"7","0.6","true","true","false","true","890","9.372","453.77724918672527"
"8","0.7","true","true","false","true","929","8.692","413.547223869233"
"11","1","true","true","false","true","110","9.308","281.5934900800982"
"3","0.2","true","true","false","true","792","8.616","1002.3181061478772"
"10","0.9","true","true","false","true","146","8.796","314.50298470215677"
"1","0","true","true","false","true","977","6.684","1548.9017561511062"
"7","0.6","true","true","false","true","891","9.372","453.7772491867248"
"3","0.2","true","true","false","true","793","8.616","1002.3181061478771"
"11","1","true","true","false","true","111","9.308","281.59349008009815"
"8","0.7","true","true","false","true","930","8.692","413.54722386923356"
"10","0.9","true","true","false","true","147","8.796","314.5029847021568"
"1","0","true","true","false","true","978","6.692","1548.6778986483134"
"7","0.6","true","true","false","true","892","9.372","453.7772491867249"
"8","0.7","true","true","false","true","931","8.692","413.54722386923345"
"3","0.2","true","true","false","true","794","8.616","1002.3181061478771"
"11","1","true","true","false","true","112","9.308","281.5934900800982"
"7","0.6","true","true","false","true","893","9.372","453.7772491867247"
"8","0.7","true","true","false","true","932","8.692","413.54722386923316"
"10","0.9","true","true","false","true","148","8.796","314.5029847021566"
"1","0","true","true","false","true","979","6.72","1549.0192240925855"
"3","0.2","true","true","false","true","795","8.616","1002.3181061478772"
"8","0.7","true","true","false","true","933","8.692","413.54722386923316"
"7","0.6","true","true","false","true","894","9.372","453.777249186725"
"11","1","true","true","false","true","113","9.308","281.5934900800982"
"10","0.9","true","true","false","true","149","8.796","314.50298470215654"
"3","0.2","true","true","false","true","796","8.616","1002.3181061478771"
"7","0.6","true","true","false","true","895","9.372","453.7772491867248"
"1","0","true","true","false","true","980","6.72","1549.9754663457607"
"11","1","true","true","false","true","114","9.308","281.59349008009815"
"8","0.7","true","true","false","true","934","8.692","413.5472238692334"
"10","0.9","true","true","false","true","150","8.796","314.5029847021566"
"3","0.2","true","true","false","true","797","8.616","1002.3181061478771"
"1","0","true","true","false","true","981","6.72","1549.6802432588406"
"7","0.6","true","true","false","true","896","9.372","453.7772491867251"
"8","0.7","true","true","false","true","935","8.692","413.54722386923305"
"10","0.9","true","true","false","true","151","8.796","314.5029847021567"
"11","1","true","true","false","true","115","9.308","281.5934900800982"
"3","0.2","true","true","false","true","798","8.616","1002.3181061478774"
"7","0.6","true","true","false","true","897","9.372","453.7772491867248"
"8","0.7","true","true","false","true","936","8.692","413.54722386923316"
"10","0.9","true","true","false","true","152","8.796","314.50298470215677"
"11","1","true","true","false","true","116","9.308","281.5934900800983"
"1","0","true","true","false","true","982","6.716","1549.9315574436503"
"7","0.6","true","true","false","true","898","9.372","453.7772491867251"
"8","0.7","true","true","false","true","937","8.692","413.5472238692336"
"10","0.9","true","true","false","true","153","8.796","314.5029847021567"
"11","1","true","true","false","true","117","9.308","281.5934900800982"
"3","0.2","true","true","false","true","799","8.616","1002.3181061478776"
"7","0.6","true","true","false","true","899","9.372","453.7772491867248"
"1","0","true","true","false","true","983","6.716","1550.1419201092233"
"8","0.7","true","true","false","true","938","8.692","413.54722386923305"
"11","1","true","true","false","true","118","9.308","281.59349008009815"
"7","0.6","true","true","false","true","900","9.372","453.777249186725"
"10","0.9","true","true","false","true","154","8.796","314.5029847021567"
"1","0","true","true","false","true","984","6.716","1549.5732097943032"
"8","0.7","true","true","false","true","939","8.692","413.54722386923305"
"3","0.2","true","true","false","true","800","8.616","1002.3181061478774"
"7","0.6","true","true","false","true","901","9.372","453.77724918672476"
"10","0.9","true","true","false","true","155","8.796","314.5029847021567"
"8","0.7","true","true","false","true","940","8.692","413.547223869233"
"11","1","true","true","false","true","119","9.308","281.5934900800981"
"7","0.6","true","true","false","true","902","9.372","453.77724918672465"
"3","0.2","true","true","false","true","801","8.616","1002.3181061478768"
"1","0","true","true","false","true","985","6.696","1549.074460414856"
"10","0.9","true","true","false","true","156","8.796","314.50298470215654"
"7","0.6","true","true","false","true","903","9.372","453.77724918672476"
"11","1","true","true","false","true","120","9.308","281.5934900800983"
"1","0","true","true","false","true","986","6.708","1549.185817656604"
"3","0.2","true","true","false","true","802","8.616","1002.3181061478779"
"8","0.7","true","true","false","true","941","8.692","413.54722386923373"
"10","0.9","true","true","false","true","157","8.796","314.50298470215665"
"7","0.6","true","true","false","true","904","9.372","453.7772491867248"
"11","1","true","true","false","true","121","9.308","281.5934900800985"
"1","0","true","true","false","true","987","6.696","1548.8523393604469"
"8","0.7","true","true","false","true","942","8.692","413.54722386923305"
"7","0.6","true","true","false","true","905","9.372","453.7772491867252"
"10","0.9","true","true","false","true","158","8.796","314.50298470215694"
"3","0.2","true","true","false","true","803","8.616","1002.3181061478776"
"11","1","true","true","false","true","122","9.308","281.59349008009815"
"1","0","true","true","false","true","988","6.72","1548.3606262918217"
"7","0.6","true","true","false","true","906","9.372","453.77724918672516"
"10","0.9","true","true","false","true","159","8.796","314.50298470215654"
"11","1","true","true","false","true","123","9.308","281.5934900800981"
"8","0.7","true","true","false","true","943","8.692","413.547223869233"
"3","0.2","true","true","false","true","804","8.616","1002.3181061478772"
"1","0","true","true","false","true","989","6.696","1547.0322696100914"
"10","0.9","true","true","false","true","160","8.796","314.50298470215665"
"11","1","true","true","false","true","124","9.308","281.59349008009843"
"8","0.7","true","true","false","true","944","8.692","413.54722386923305"
"7","0.6","true","true","false","true","907","9.372","453.77724918672493"
"3","0.2","true","true","false","true","805","8.616","1002.3181061478774"
"1","0","true","true","false","true","990","6.672","1546.669584145668"
"10","0.9","true","true","false","true","161","8.796","314.50298470215665"
"11","1","true","true","false","true","125","9.308","281.59349008009826"
"8","0.7","true","true","false","true","945","8.692","413.5472238692332"
"7","0.6","true","true","false","true","908","9.372","453.7772491867245"
"10","0.9","true","true","false","true","162","8.796","314.5029847021566"
"3","0.2","true","true","false","true","806","8.616","1002.3181061478774"
"11","1","true","true","false","true","126","9.308","281.5934900800983"
"1","0","true","true","false","true","991","6.672","1546.5039506681237"
"8","0.7","true","true","false","true","946","8.692","413.5472238692333"
"7","0.6","true","true","false","true","909","9.372","453.7772491867249"
"10","0.9","true","true","false","true","163","8.796","314.50298470215665"
"1","0","true","true","false","true","992","6.672","1546.0744082486897"
"11","1","true","true","false","true","127","9.308","281.5934900800983"
"3","0.2","true","true","false","true","807","8.616","1002.3181061478781"
"8","0.7","true","true","false","true","947","8.692","413.5472238692329"
"1","0","true","true","false","true","993","6.668","1546.4884410096313"
"7","0.6","true","true","false","true","910","9.372","453.777249186725"
"11","1","true","true","false","true","128","9.308","281.5934900800982"
"10","0.9","true","true","false","true","164","8.796","314.50298470215665"
"8","0.7","true","true","false","true","948","8.692","413.547223869233"
"3","0.2","true","true","false","true","808","8.616","1002.3181061478766"
"7","0.6","true","true","false","true","911","9.372","453.77724918672516"
"1","0","true","true","false","true","994","6.684","1546.8133185583356"
"10","0.9","true","true","false","true","165","8.796","314.5029847021567"
"11","1","true","true","false","true","129","9.308","281.5934900800982"
"8","0.7","true","true","false","true","949","8.692","413.5472238692334"
"3","0.2","true","true","false","true","809","8.616","1002.3181061478776"
"7","0.6","true","true","false","true","912","9.372","453.77724918672493"
"10","0.9","true","true","false","true","166","8.796","314.50298470215677"
"8","0.7","true","true","false","true","950","8.692","413.5472238692335"
"11","1","true","true","false","true","130","9.308","281.5934900800983"
"1","0","true","true","false","true","995","6.684","1547.0337184494726"
"3","0.2","true","true","false","true","810","8.616","1002.3181061478768"
"7","0.6","true","true","false","true","913","9.372","453.777249186725"
"8","0.7","true","true","false","true","951","8.692","413.5472238692332"
"10","0.9","true","true","false","true","167","8.796","314.5029847021567"
"3","0.2","true","true","false","true","811","8.616","1002.3181061478774"
"11","1","true","true","false","true","131","9.308","281.5934900800982"
"1","0","true","true","false","true","996","6.684","1546.8496091894476"
"8","0.7","true","true","false","true","952","8.692","413.547223869233"
"7","0.6","true","true","false","true","914","9.372","453.77724918672493"
"3","0.2","true","true","false","true","812","8.616","1002.3181061478772"
"11","1","true","true","false","true","132","9.308","281.593490080098"
"1","0","true","true","false","true","997","6.668","1545.7557803072918"
"10","0.9","true","true","false","true","168","8.796","314.50298470215654"
"8","0.7","true","true","false","true","953","8.692","413.54722386923333"
"7","0.6","true","true","false","true","915","9.372","453.7772491867249"
"3","0.2","true","true","false","true","813","8.616","1002.3181061478776"
"10","0.9","true","true","false","true","169","8.796","314.5029847021567"
"11","1","true","true","false","true","133","9.308","281.59349008009843"
"1","0","true","true","false","true","998","6.668","1545.973016569551"
"7","0.6","true","true","false","true","916","9.372","453.7772491867249"
"8","0.7","true","true","false","true","954","8.692","413.547223869233"
"3","0.2","true","true","false","true","814","8.616","1002.3181061478772"
"10","0.9","true","true","false","true","170","8.796","314.5029847021565"
"7","0.6","true","true","false","true","917","9.372","453.77724918672493"
"1","0","true","true","false","true","999","6.668","1546.1028851835308"
"11","1","true","true","false","true","134","9.308","281.5934900800984"
"3","0.2","true","true","false","true","815","8.616","1002.3181061478772"
"8","0.7","true","true","false","true","955","8.692","413.54722386923333"
"7","0.6","true","true","false","true","918","9.372","453.7772491867247"
"10","0.9","true","true","false","true","171","8.796","314.50298470215654"
"3","0.2","true","true","false","true","816","8.616","1002.3181061478776"
"8","0.7","true","true","false","true","956","8.692","413.547223869233"
"11","1","true","true","false","true","135","9.308","281.5934900800982"
"7","0.6","true","true","false","true","919","9.372","453.7772491867249"
"10","0.9","true","true","false","true","172","8.796","314.5029847021567"
"8","0.7","true","true","false","true","957","8.692","413.54722386923333"
"7","0.6","true","true","false","true","920","9.372","453.7772491867248"
"3","0.2","true","true","false","true","817","8.616","1002.3181061478774"
"11","1","true","true","false","true","136","9.308","281.5934900800982"
"10","0.9","true","true","false","true","173","8.796","314.5029847021566"
"8","0.7","true","true","false","true","958","8.692","413.5472238692331"
"7","0.6","true","true","false","true","921","9.372","453.77724918672465"
"11","1","true","true","false","true","137","9.308","281.5934900800982"
"3","0.2","true","true","false","true","818","8.616","1002.3181061478781"
"8","0.7","true","true","false","true","959","8.692","413.54722386923305"
"10","0.9","true","true","false","true","174","8.796","314.5029847021567"
"8","0.7","true","true","false","true","960","8.692","413.54722386923305"
"7","0.6","true","true","false","true","922","9.372","453.77724918672527"
"11","1","true","true","false","true","138","9.308","281.593490080098"
"3","0.2","true","true","false","true","819","8.616","1002.3181061478772"
"10","0.9","true","true","false","true","175","8.796","314.50298470215654"
"8","0.7","true","true","false","true","961","8.692","413.54722386923305"
"7","0.6","true","true","false","true","923","9.372","453.77724918672493"
"3","0.2","true","true","false","true","820","8.616","1002.3181061478771"
"11","1","true","true","false","true","139","9.308","281.5934900800982"
"8","0.7","true","true","false","true","962","8.692","413.5472238692333"
"10","0.9","true","true","false","true","176","8.796","314.50298470215665"
"7","0.6","true","true","false","true","924","9.372","453.77724918672453"
"8","0.7","true","true","false","true","963","8.692","413.54722386923305"
"3","0.2","true","true","false","true","821","8.616","1002.3181061478772"
"11","1","true","true","false","true","140","9.308","281.59349008009843"
"10","0.9","true","true","false","true","177","8.796","314.5029847021567"
"7","0.6","true","true","false","true","925","9.372","453.7772491867249"
"8","0.7","true","true","false","true","964","8.692","413.54722386923333"
"3","0.2","true","true","false","true","822","8.616","1002.3181061478776"
"10","0.9","true","true","false","true","178","8.796","314.5029847021566"
"11","1","true","true","false","true","141","9.308","281.5934900800983"
"7","0.6","true","true","false","true","926","9.372","453.7772491867249"
"8","0.7","true","true","false","true","965","8.692","413.5472238692332"
"10","0.9","true","true","false","true","179","8.796","314.50298470215694"
"3","0.2","true","true","false","true","823","8.616","1002.3181061478772"
"11","1","true","true","false","true","142","9.308","281.5934900800983"
"7","0.6","true","true","false","true","927","9.372","453.7772491867252"
"8","0.7","true","true","false","true","966","8.692","413.5472238692333"
"10","0.9","true","true","false","true","180","8.796","314.50298470215654"
"11","1","true","true","false","true","143","9.308","281.5934900800983"
"3","0.2","true","true","false","true","824","8.616","1002.3181061478771"
"10","0.9","true","true","false","true","181","8.796","314.50298470215677"
"7","0.6","true","true","false","true","928","9.372","453.777249186725"
"8","0.7","true","true","false","true","967","8.692","413.5472238692333"
"11","1","true","true","false","true","144","9.308","281.5934900800982"
"3","0.2","true","true","false","true","825","8.616","1002.3181061478776"
"10","0.9","true","true","false","true","182","8.796","314.5029847021569"
"7","0.6","true","true","false","true","929","9.372","453.77724918672493"
"8","0.7","true","true","false","true","968","8.692","413.5472238692328"
"11","1","true","true","false","true","145","9.308","281.5934900800982"
"3","0.2","true","true","false","true","826","8.616","1002.3181061478774"
"10","0.9","true","true","false","true","183","8.796","314.5029847021568"
"7","0.6","true","true","false","true","930","9.372","453.7772491867248"
"8","0.7","true","true","false","true","969","8.692","413.54722386923316"
"11","1","true","true","false","true","146","9.308","281.5934900800981"
"10","0.9","true","true","false","true","184","8.796","314.50298470215665"
"3","0.2","true","true","false","true","827","8.616","1002.3181061478776"
"7","0.6","true","true","false","true","931","9.372","453.77724918672453"
"8","0.7","true","true","false","true","970","8.692","413.5472238692331"
"11","1","true","true","false","true","147","9.308","281.59349008009826"
"10","0.9","true","true","false","true","185","8.796","314.5029847021568"
"7","0.6","true","true","false","true","932","9.372","453.77724918672493"
"3","0.2","true","true","false","true","828","8.616","1002.3181061478772"
"8","0.7","true","true","false","true","971","8.692","413.5472238692331"
"11","1","true","true","false","true","148","9.308","281.5934900800982"
"10","0.9","true","true","false","true","186","8.796","314.5029847021568"
"7","0.6","true","true","false","true","933","9.372","453.77724918672476"
"8","0.7","true","true","false","true","972","8.692","413.5472238692332"
"3","0.2","true","true","false","true","829","8.616","1002.3181061478776"
"11","1","true","true","false","true","149","9.308","281.5934900800983"
"10","0.9","true","true","false","true","187","8.796","314.50298470215677"
"7","0.6","true","true","false","true","934","9.372","453.77724918672476"
"11","1","true","true","false","true","150","9.308","281.59349008009804"
"8","0.7","true","true","false","true","973","8.692","413.54722386923333"
"10","0.9","true","true","false","true","188","8.796","314.50298470215665"
"3","0.2","true","true","false","true","830","8.616","1002.3181061478772"
"11","1","true","true","false","true","151","9.308","281.59349008009815"
"7","0.6","true","true","false","true","935","9.372","453.7772491867254"
"8","0.7","true","true","false","true","974","8.692","413.5472238692329"
"10","0.9","true","true","false","true","189","8.796","314.5029847021567"
"3","0.2","true","true","false","true","831","8.616","1002.3181061478776"
"11","1","true","true","false","true","152","9.308","281.59349008009826"
"10","0.9","true","true","false","true","190","8.796","314.5029847021566"
"8","0.7","true","true","false","true","975","8.692","413.54722386923316"
"7","0.6","true","true","false","true","936","9.372","453.77724918672493"
"3","0.2","true","true","false","true","832","8.616","1002.3181061478772"
"10","0.9","true","true","false","true","191","8.796","314.5029847021568"
"8","0.7","true","true","false","true","976","8.692","413.54722386923316"
"11","1","true","true","false","true","153","9.308","281.5934900800982"
"7","0.6","true","true","false","true","937","9.372","453.77724918672453"
"10","0.9","true","true","false","true","192","8.796","314.5029847021567"
"8","0.7","true","true","false","true","977","8.692","413.54722386923316"
"3","0.2","true","true","false","true","833","8.616","1002.3181061478771"
"11","1","true","true","false","true","154","9.308","281.5934900800983"
"7","0.6","true","true","false","true","938","9.372","453.7772491867249"
"10","0.9","true","true","false","true","193","8.796","314.5029847021567"
"8","0.7","true","true","false","true","978","8.692","413.5472238692332"
"3","0.2","true","true","false","true","834","8.616","1002.3181061478774"
"11","1","true","true","false","true","155","9.308","281.5934900800983"
"10","0.9","true","true","false","true","194","8.796","314.5029847021567"
"7","0.6","true","true","false","true","939","9.372","453.7772491867249"
"8","0.7","true","true","false","true","979","8.692","413.5472238692333"
"3","0.2","true","true","false","true","835","8.616","1002.3181061478774"
"10","0.9","true","true","false","true","195","8.796","314.5029847021567"
"11","1","true","true","false","true","156","9.308","281.5934900800983"
"7","0.6","true","true","false","true","940","9.372","453.77724918672493"
"8","0.7","true","true","false","true","980","8.692","413.5472238692335"
"10","0.9","true","true","false","true","196","8.796","314.50298470215654"
"11","1","true","true","false","true","157","9.308","281.5934900800981"
"3","0.2","true","true","false","true","836","8.616","1002.3181061478771"
"7","0.6","true","true","false","true","941","9.372","453.7772491867249"
"8","0.7","true","true","false","true","981","8.692","413.54722386923305"
"10","0.9","true","true","false","true","197","8.796","314.5029847021566"
"11","1","true","true","false","true","158","9.308","281.5934900800983"
"3","0.2","true","true","false","true","837","8.616","1002.3181061478774"
"7","0.6","true","true","false","true","942","9.372","453.77724918672493"
"8","0.7","true","true","false","true","982","8.692","413.5472238692331"
"10","0.9","true","true","false","true","198","8.796","314.5029847021565"
"11","1","true","true","false","true","159","9.308","281.59349008009815"
"7","0.6","true","true","false","true","943","9.372","453.77724918672493"
"3","0.2","true","true","false","true","838","8.616","1002.3181061478772"
"10","0.9","true","true","false","true","199","8.796","314.5029847021569"
"8","0.7","true","true","false","true","983","8.692","413.54722386923294"
"7","0.6","true","true","false","true","944","9.372","453.7772491867247"
"11","1","true","true","false","true","160","9.308","281.5934900800982"
"3","0.2","true","true","false","true","839","8.616","1002.3181061478768"
"10","0.9","true","true","false","true","200","8.796","314.50298470215654"
"8","0.7","true","true","false","true","984","8.692","413.5472238692333"
"11","1","true","true","false","true","161","9.308","281.5934900800982"
"7","0.6","true","true","false","true","945","9.372","453.7772491867251"
"3","0.2","true","true","false","true","840","8.616","1002.3181061478774"
"10","0.9","true","true","false","true","201","8.796","314.5029847021566"
"8","0.7","true","true","false","true","985","8.692","413.5472238692331"
"11","1","true","true","false","true","162","9.308","281.5934900800983"
"7","0.6","true","true","false","true","946","9.372","453.77724918672476"
"10","0.9","true","true","false","true","202","8.796","314.5029847021569"
"3","0.2","true","true","false","true","841","8.616","1002.3181061478772"
"8","0.7","true","true","false","true","986","8.692","413.5472238692333"
"11","1","true","true","false","true","163","9.308","281.5934900800982"
"7","0.6","true","true","false","true","947","9.372","453.7772491867252"
"10","0.9","true","true","false","true","203","8.796","314.502984702157"
"11","1","true","true","false","true","164","9.308","281.59349008009787"
"3","0.2","true","true","false","true","842","8.616","1002.3181061478776"
"8","0.7","true","true","false","true","987","8.692","413.54722386923356"
"7","0.6","true","true","false","true","948","9.372","453.7772491867249"
"10","0.9","true","true","false","true","204","8.796","314.5029847021567"
"11","1","true","true","false","true","165","9.308","281.59349008009815"
"7","0.6","true","true","false","true","949","9.372","453.777249186725"
"3","0.2","true","true","false","true","843","8.616","1002.3181061478774"
"8","0.7","true","true","false","true","988","8.692","413.54722386923294"
"10","0.9","true","true","false","true","205","8.796","314.50298470215665"
"11","1","true","true","false","true","166","9.308","281.5934900800983"
"3","0.2","true","true","false","true","844","8.616","1002.3181061478774"
"7","0.6","true","true","false","true","950","9.372","453.77724918672493"
"10","0.9","true","true","false","true","206","8.796","314.50298470215677"
"8","0.7","true","true","false","true","989","8.692","413.5472238692332"
"3","0.2","true","true","false","true","845","8.616","1002.3181061478779"
"11","1","true","true","false","true","167","9.308","281.5934900800984"
"7","0.6","true","true","false","true","951","9.372","453.7772491867244"
"10","0.9","true","true","false","true","207","8.796","314.5029847021569"
"8","0.7","true","true","false","true","990","8.692","413.5472238692333"
"11","1","true","true","false","true","168","9.308","281.59349008009804"
"7","0.6","true","true","false","true","952","9.372","453.77724918672516"
"10","0.9","true","true","false","true","208","8.796","314.5029847021568"
"3","0.2","true","true","false","true","846","8.616","1002.3181061478774"
"8","0.7","true","true","false","true","991","8.692","413.5472238692336"
"11","1","true","true","false","true","169","9.308","281.5934900800984"
"10","0.9","true","true","false","true","209","8.796","314.50298470215665"
"7","0.6","true","true","false","true","953","9.372","453.7772491867249"
"8","0.7","true","true","false","true","992","8.692","413.5472238692334"
"3","0.2","true","true","false","true","847","8.616","1002.3181061478774"
"11","1","true","true","false","true","170","9.308","281.5934900800982"
"10","0.9","true","true","false","true","210","8.796","314.5029847021569"
"7","0.6","true","true","false","true","954","9.372","453.777249186725"
"11","1","true","true","false","true","171","9.308","281.59349008009826"
"8","0.7","true","true","false","true","993","8.692","413.5472238692331"
"10","0.9","true","true","false","true","211","8.796","314.50298470215665"
"3","0.2","true","true","false","true","848","8.616","1002.3181061478776"
"8","0.7","true","true","false","true","994","8.692","413.5472238692331"
"11","1","true","true","false","true","172","9.308","281.5934900800982"
"7","0.6","true","true","false","true","955","9.372","453.7772491867251"
"10","0.9","true","true","false","true","212","8.796","314.50298470215654"
"8","0.7","true","true","false","true","995","8.692","413.5472238692335"
"3","0.2","true","true","false","true","849","8.616","1002.3181061478779"
"7","0.6","true","true","false","true","956","9.372","453.77724918672453"
"11","1","true","true","false","true","173","9.308","281.59349008009815"
"8","0.7","true","true","false","true","996","8.692","413.5472238692336"
"10","0.9","true","true","false","true","213","8.796","314.5029847021567"
"7","0.6","true","true","false","true","957","9.372","453.77724918672465"
"11","1","true","true","false","true","174","9.308","281.5934900800982"
"3","0.2","true","true","false","true","850","8.616","1002.3181061478771"
"8","0.7","true","true","false","true","997","8.692","413.5472238692332"
"10","0.9","true","true","false","true","214","8.796","314.50298470215654"
"7","0.6","true","true","false","true","958","9.372","453.7772491867247"
"11","1","true","true","false","true","175","9.308","281.59349008009826"
"3","0.2","true","true","false","true","851","8.616","1002.3181061478774"
"8","0.7","true","true","false","true","998","8.692","413.54722386923305"
"10","0.9","true","true","false","true","215","8.796","314.5029847021567"
"7","0.6","true","true","false","true","959","9.372","453.7772491867247"
"11","1","true","true","false","true","176","9.308","281.5934900800982"
"3","0.2","true","true","false","true","852","8.616","1002.3181061478768"
"8","0.7","true","true","false","true","999","8.692","413.5472238692333"
"10","0.9","true","true","false","true","216","8.796","314.50298470215677"
"11","1","true","true","false","true","177","9.308","281.5934900800984"
"3","0.2","true","true","false","true","853","8.616","1002.3181061478776"
"7","0.6","true","true","false","true","960","9.372","453.7772491867248"
"10","0.9","true","true","false","true","217","8.796","314.5029847021568"
"11","1","true","true","false","true","178","9.308","281.5934900800982"
"3","0.2","true","true","false","true","854","8.616","1002.3181061478772"
"10","0.9","true","true","false","true","218","8.796","314.5029847021567"
"7","0.6","true","true","false","true","961","9.372","453.7772491867252"
"11","1","true","true","false","true","179","9.308","281.5934900800979"
"10","0.9","true","true","false","true","219","8.796","314.5029847021566"
"7","0.6","true","true","false","true","962","9.372","453.77724918672493"
"3","0.2","true","true","false","true","855","8.616","1002.3181061478774"
"11","1","true","true","false","true","180","9.308","281.59349008009804"
"7","0.6","true","true","false","true","963","9.372","453.7772491867245"
"10","0.9","true","true","false","true","220","8.796","314.50298470215665"
"3","0.2","true","true","false","true","856","8.616","1002.3181061478774"
"11","1","true","true","false","true","181","9.308","281.5934900800982"
"7","0.6","true","true","false","true","964","9.372","453.7772491867251"
"10","0.9","true","true","false","true","221","8.796","314.5029847021569"
"3","0.2","true","true","false","true","857","8.616","1002.3181061478779"
"7","0.6","true","true","false","true","965","9.372","453.77724918672493"
"11","1","true","true","false","true","182","9.308","281.59349008009843"
"10","0.9","true","true","false","true","222","8.796","314.50298470215665"
"7","0.6","true","true","false","true","966","9.372","453.77724918672476"
"3","0.2","true","true","false","true","858","8.616","1002.3181061478772"
"10","0.9","true","true","false","true","223","8.796","314.50298470215677"
"11","1","true","true","false","true","183","9.308","281.59349008009787"
"7","0.6","true","true","false","true","967","9.372","453.77724918672465"
"3","0.2","true","true","false","true","859","8.616","1002.3181061478772"
"10","0.9","true","true","false","true","224","8.796","314.5029847021567"
"11","1","true","true","false","true","184","9.308","281.59349008009815"
"7","0.6","true","true","false","true","968","9.372","453.777249186725"
"3","0.2","true","true","false","true","860","8.616","1002.3181061478774"
"10","0.9","true","true","false","true","225","8.796","314.5029847021568"
"11","1","true","true","false","true","185","9.308","281.5934900800982"
"3","0.2","true","true","false","true","861","8.616","1002.3181061478771"
"7","0.6","true","true","false","true","969","9.372","453.7772491867249"
"10","0.9","true","true","false","true","226","8.796","314.5029847021564"
"11","1","true","true","false","true","186","9.308","281.5934900800983"
"7","0.6","true","true","false","true","970","9.372","453.7772491867249"
"3","0.2","true","true","false","true","862","8.616","1002.3181061478779"
"10","0.9","true","true","false","true","227","8.796","314.50298470215677"
"11","1","true","true","false","true","187","9.308","281.59349008009804"
"7","0.6","true","true","false","true","971","9.372","453.7772491867253"
"3","0.2","true","true","false","true","863","8.616","1002.3181061478776"
"10","0.9","true","true","false","true","228","8.796","314.5029847021567"
"11","1","true","true","false","true","188","9.308","281.59349008009826"
"7","0.6","true","true","false","true","972","9.372","453.7772491867248"
"10","0.9","true","true","false","true","229","8.796","314.50298470215654"
"3","0.2","true","true","false","true","864","8.616","1002.3181061478766"
"11","1","true","true","false","true","189","9.308","281.59349008009843"
"7","0.6","true","true","false","true","973","9.372","453.77724918672453"
"10","0.9","true","true","false","true","230","8.796","314.50298470215677"
"3","0.2","true","true","false","true","865","8.616","1002.3181061478776"
"11","1","true","true","false","true","190","9.308","281.5934900800982"
"7","0.6","true","true","false","true","974","9.372","453.777249186725"
"10","0.9","true","true","false","true","231","8.796","314.50298470215665"
"11","1","true","true","false","true","191","9.308","281.5934900800983"
"3","0.2","true","true","false","true","866","8.616","1002.3181061478774"
"7","0.6","true","true","false","true","975","9.372","453.77724918672453"
"10","0.9","true","true","false","true","232","8.796","314.5029847021567"
"11","1","true","true","false","true","192","9.308","281.5934900800983"
"3","0.2","true","true","false","true","867","8.616","1002.3181061478768"
"7","0.6","true","true","false","true","976","9.372","453.7772491867249"
"10","0.9","true","true","false","true","233","8.796","314.50298470215677"
"11","1","true","true","false","true","193","9.308","281.5934900800982"
"7","0.6","true","true","false","true","977","9.372","453.7772491867247"
"3","0.2","true","true","false","true","868","8.616","1002.3181061478771"
"10","0.9","true","true","false","true","234","8.796","314.5029847021566"
"7","0.6","true","true","false","true","978","9.372","453.77724918672465"
"11","1","true","true","false","true","194","9.308","281.59349008009815"
"3","0.2","true","true","false","true","869","8.616","1002.3181061478774"
"10","0.9","true","true","false","true","235","8.796","314.5029847021568"
"7","0.6","true","true","false","true","979","9.372","453.7772491867249"
"11","1","true","true","false","true","195","9.308","281.5934900800982"
"3","0.2","true","true","false","true","870","8.616","1002.3181061478771"
"10","0.9","true","true","false","true","236","8.796","314.5029847021567"
"7","0.6","true","true","false","true","980","9.372","453.7772491867252"
"11","1","true","true","false","true","196","9.308","281.5934900800982"
"3","0.2","true","true","false","true","871","8.616","1002.3181061478774"
"10","0.9","true","true","false","true","237","8.796","314.5029847021566"
"7","0.6","true","true","false","true","981","9.372","453.7772491867245"
"11","1","true","true","false","true","197","9.308","281.593490080098"
"10","0.9","true","true","false","true","238","8.796","314.5029847021566"
"3","0.2","true","true","false","true","872","8.616","1002.3181061478772"
"7","0.6","true","true","false","true","982","9.372","453.77724918672516"
"11","1","true","true","false","true","198","9.308","281.5934900800983"
"10","0.9","true","true","false","true","239","8.796","314.5029847021567"
"3","0.2","true","true","false","true","873","8.616","1002.3181061478771"
"7","0.6","true","true","false","true","983","9.372","453.77724918672516"
"11","1","true","true","false","true","199","9.308","281.5934900800982"
"10","0.9","true","true","false","true","240","8.796","314.5029847021568"
"3","0.2","true","true","false","true","874","8.616","1002.3181061478774"
"7","0.6","true","true","false","true","984","9.372","453.7772491867245"
"10","0.9","true","true","false","true","241","8.796","314.50298470215677"
"11","1","true","true","false","true","200","9.308","281.5934900800983"
"3","0.2","true","true","false","true","875","8.616","1002.3181061478772"
"10","0.9","true","true","false","true","242","8.796","314.5029847021568"
"7","0.6","true","true","false","true","985","9.372","453.7772491867247"
"11","1","true","true","false","true","201","9.308","281.5934900800981"
"10","0.9","true","true","false","true","243","8.796","314.502984702157"
"3","0.2","true","true","false","true","876","8.616","1002.3181061478779"
"7","0.6","true","true","false","true","986","9.372","453.777249186725"
"10","0.9","true","true","false","true","244","8.796","314.50298470215677"
"11","1","true","true","false","true","202","9.308","281.5934900800982"
"3","0.2","true","true","false","true","877","8.616","1002.3181061478771"
"7","0.6","true","true","false","true","987","9.372","453.7772491867248"
"10","0.9","true","true","false","true","245","8.796","314.50298470215654"
"11","1","true","true","false","true","203","9.308","281.59349008009815"
"3","0.2","true","true","false","true","878","8.616","1002.3181061478768"
"7","0.6","true","true","false","true","988","9.372","453.77724918672493"
"10","0.9","true","true","false","true","246","8.796","314.5029847021567"
"11","1","true","true","false","true","204","9.308","281.5934900800984"
"3","0.2","true","true","false","true","879","8.616","1002.3181061478776"
"7","0.6","true","true","false","true","989","9.372","453.7772491867247"
"10","0.9","true","true","false","true","247","8.796","314.5029847021567"
"11","1","true","true","false","true","205","9.308","281.5934900800981"
"3","0.2","true","true","false","true","880","8.616","1002.3181061478774"
"7","0.6","true","true","false","true","990","9.372","453.7772491867248"
"10","0.9","true","true","false","true","248","8.796","314.5029847021567"
"11","1","true","true","false","true","206","9.308","281.5934900800979"
"7","0.6","true","true","false","true","991","9.372","453.77724918672476"
"3","0.2","true","true","false","true","881","8.616","1002.3181061478774"
"10","0.9","true","true","false","true","249","8.796","314.50298470215677"
"11","1","true","true","false","true","207","9.308","281.59349008009804"
"7","0.6","true","true","false","true","992","9.372","453.7772491867249"
"10","0.9","true","true","false","true","250","8.796","314.50298470215654"
"3","0.2","true","true","false","true","882","8.616","1002.3181061478774"
"11","1","true","true","false","true","208","9.308","281.5934900800981"
"7","0.6","true","true","false","true","993","9.372","453.77724918672516"
"10","0.9","true","true","false","true","251","8.796","314.5029847021564"
"3","0.2","true","true","false","true","883","8.616","1002.3181061478776"
"7","0.6","true","true","false","true","994","9.372","453.7772491867248"
"3","0.2","true","true","false","true","884","8.616","1002.3181061478772"
"11","1","true","true","false","true","209","9.308","281.5934900800982"
"10","0.9","true","true","false","true","252","8.796","314.5029847021565"
"7","0.6","true","true","false","true","995","9.372","453.7772491867247"
"3","0.2","true","true","false","true","885","8.616","1002.3181061478772"
"10","0.9","true","true","false","true","253","8.796","314.50298470215654"
"11","1","true","true","false","true","210","9.308","281.5934900800979"
"7","0.6","true","true","false","true","996","9.372","453.7772491867253"
"3","0.2","true","true","false","true","886","8.616","1002.3181061478779"
"10","0.9","true","true","false","true","254","8.796","314.50298470215654"
"11","1","true","true","false","true","211","9.308","281.59349008009826"
"7","0.6","true","true","false","true","997","9.372","453.77724918672476"
"3","0.2","true","true","false","true","887","8.616","1002.3181061478776"
"10","0.9","true","true","false","true","255","8.796","314.5029847021567"
"11","1","true","true","false","true","212","9.308","281.59349008009826"
"7","0.6","true","true","false","true","998","9.372","453.77724918672465"
"3","0.2","true","true","false","true","888","8.616","1002.3181061478776"
"10","0.9","true","true","false","true","256","8.796","314.5029847021567"
"11","1","true","true","false","true","213","9.308","281.59349008009826"
"7","0.6","true","true","false","true","999","9.372","453.77724918672527"
"3","0.2","true","true","false","true","889","8.616","1002.3181061478768"
"10","0.9","true","true","false","true","257","8.796","314.50298470215654"
"10","0.9","true","true","false","true","258","8.796","314.5029847021566"
"11","1","true","true","false","true","214","9.308","281.59349008009843"
"3","0.2","true","true","false","true","890","8.616","1002.3181061478776"
"10","0.9","true","true","false","true","259","8.796","314.5029847021568"
"11","1","true","true","false","true","215","9.308","281.5934900800982"
"3","0.2","true","true","false","true","891","8.616","1002.3181061478776"
"10","0.9","true","true","false","true","260","8.796","314.50298470215677"
"11","1","true","true","false","true","216","9.308","281.5934900800979"
"3","0.2","true","true","false","true","892","8.616","1002.3181061478774"
"10","0.9","true","true","false","true","261","8.796","314.5029847021564"
"11","1","true","true","false","true","217","9.308","281.5934900800985"
"3","0.2","true","true","false","true","893","8.616","1002.3181061478776"
"10","0.9","true","true","false","true","262","8.796","314.50298470215654"
"3","0.2","true","true","false","true","894","8.616","1002.3181061478779"
"11","1","true","true","false","true","218","9.308","281.5934900800982"
"10","0.9","true","true","false","true","263","8.796","314.50298470215665"
"3","0.2","true","true","false","true","895","8.616","1002.3181061478783"
"11","1","true","true","false","true","219","9.308","281.5934900800982"
"10","0.9","true","true","false","true","264","8.796","314.5029847021564"
"11","1","true","true","false","true","220","9.308","281.5934900800982"
"3","0.2","true","true","false","true","896","8.616","1002.3181061478776"
"10","0.9","true","true","false","true","265","8.796","314.5029847021567"
"11","1","true","true","false","true","221","9.308","281.5934900800982"
"3","0.2","true","true","false","true","897","8.616","1002.3181061478772"
"10","0.9","true","true","false","true","266","8.796","314.50298470215654"
"10","0.9","true","true","false","true","267","8.796","314.50298470215677"
"11","1","true","true","false","true","222","9.308","281.5934900800982"
"3","0.2","true","true","false","true","898","8.616","1002.3181061478772"
"10","0.9","true","true","false","true","268","8.796","314.5029847021568"
"11","1","true","true","false","true","223","9.308","281.59349008009815"
"3","0.2","true","true","false","true","899","8.616","1002.3181061478774"
"10","0.9","true","true","false","true","269","8.796","314.5029847021568"
"11","1","true","true","false","true","224","9.308","281.59349008009843"
"3","0.2","true","true","false","true","900","8.616","1002.3181061478776"
"10","0.9","true","true","false","true","270","8.796","314.50298470215665"
"11","1","true","true","false","true","225","9.308","281.5934900800983"
"3","0.2","true","true","false","true","901","8.616","1002.3181061478776"
"10","0.9","true","true","false","true","271","8.796","314.5029847021567"
"11","1","true","true","false","true","226","9.308","281.5934900800981"
"10","0.9","true","true","false","true","272","8.796","314.5029847021567"
"3","0.2","true","true","false","true","902","8.616","1002.3181061478774"
"10","0.9","true","true","false","true","273","8.796","314.5029847021566"
"3","0.2","true","true","false","true","903","8.616","1002.3181061478774"
"11","1","true","true","false","true","227","9.308","281.59349008009815"
"3","0.2","true","true","false","true","904","8.616","1002.3181061478776"
"10","0.9","true","true","false","true","274","8.796","314.5029847021569"
"11","1","true","true","false","true","228","9.308","281.5934900800982"
"10","0.9","true","true","false","true","275","8.796","314.50298470215677"
"11","1","true","true","false","true","229","9.308","281.59349008009843"
"3","0.2","true","true","false","true","905","8.616","1002.3181061478779"
"10","0.9","true","true","false","true","276","8.796","314.5029847021566"
"11","1","true","true","false","true","230","9.308","281.5934900800982"
"3","0.2","true","true","false","true","906","8.616","1002.3181061478772"
"10","0.9","true","true","false","true","277","8.796","314.5029847021567"
"11","1","true","true","false","true","231","9.308","281.59349008009815"
"11","1","true","true","false","true","232","9.308","281.5934900800979"
"3","0.2","true","true","false","true","907","8.616","1002.3181061478774"
"10","0.9","true","true","false","true","278","8.796","314.5029847021567"
"11","1","true","true","false","true","233","9.308","281.5934900800981"
"10","0.9","true","true","false","true","279","8.796","314.50298470215694"
"3","0.2","true","true","false","true","908","8.616","1002.3181061478772"
"11","1","true","true","false","true","234","9.308","281.5934900800982"
"10","0.9","true","true","false","true","280","8.796","314.5029847021567"
"3","0.2","true","true","false","true","909","8.616","1002.3181061478776"
"10","0.9","true","true","false","true","281","8.796","314.5029847021567"
"11","1","true","true","false","true","235","9.308","281.5934900800984"
"10","0.9","true","true","false","true","282","8.796","314.5029847021568"
"3","0.2","true","true","false","true","910","8.616","1002.3181061478772"
"11","1","true","true","false","true","236","9.308","281.5934900800982"
"10","0.9","true","true","false","true","283","8.796","314.5029847021567"
"11","1","true","true","false","true","237","9.308","281.5934900800983"
"3","0.2","true","true","false","true","911","8.616","1002.3181061478768"
"10","0.9","true","true","false","true","284","8.796","314.50298470215665"
"11","1","true","true","false","true","238","9.308","281.5934900800982"
"3","0.2","true","true","false","true","912","8.616","1002.3181061478772"
"10","0.9","true","true","false","true","285","8.796","314.5029847021568"
"10","0.9","true","true","false","true","286","8.796","314.5029847021567"
"11","1","true","true","false","true","239","9.308","281.59349008009826"
"3","0.2","true","true","false","true","913","8.616","1002.3181061478768"
"10","0.9","true","true","false","true","287","8.796","314.50298470215694"
"11","1","true","true","false","true","240","9.308","281.5934900800982"
"3","0.2","true","true","false","true","914","8.616","1002.3181061478771"
"10","0.9","true","true","false","true","288","8.796","314.50298470215654"
"11","1","true","true","false","true","241","9.308","281.59349008009826"
"3","0.2","true","true","false","true","915","8.616","1002.3181061478774"
"10","0.9","true","true","false","true","289","8.796","314.5029847021566"
"11","1","true","true","false","true","242","9.308","281.5934900800982"
"10","0.9","true","true","false","true","290","8.796","314.50298470215665"
"3","0.2","true","true","false","true","916","8.616","1002.3181061478779"
"11","1","true","true","false","true","243","9.308","281.59349008009804"
"10","0.9","true","true","false","true","291","8.796","314.50298470215654"
"3","0.2","true","true","false","true","917","8.616","1002.3181061478776"
"11","1","true","true","false","true","244","9.308","281.5934900800982"
"10","0.9","true","true","false","true","292","8.796","314.5029847021567"
"3","0.2","true","true","false","true","918","8.616","1002.3181061478776"
"11","1","true","true","false","true","245","9.308","281.5934900800983"
"10","0.9","true","true","false","true","293","8.796","314.5029847021567"
"3","0.2","true","true","false","true","919","8.616","1002.3181061478776"
"10","0.9","true","true","false","true","294","8.796","314.5029847021566"
"11","1","true","true","false","true","246","9.308","281.5934900800984"
"10","0.9","true","true","false","true","295","8.796","314.5029847021565"
"11","1","true","true","false","true","247","9.308","281.59349008009826"
"3","0.2","true","true","false","true","920","8.616","1002.3181061478779"
"10","0.9","true","true","false","true","296","8.796","314.5029847021567"
"3","0.2","true","true","false","true","921","8.616","1002.3181061478774"
"11","1","true","true","false","true","248","9.308","281.5934900800981"
"10","0.9","true","true","false","true","297","8.796","314.5029847021567"
"11","1","true","true","false","true","249","9.308","281.5934900800983"
"3","0.2","true","true","false","true","922","8.616","1002.3181061478774"
"10","0.9","true","true","false","true","298","8.796","314.50298470215654"
"11","1","true","true","false","true","250","9.308","281.59349008009826"
"10","0.9","true","true","false","true","299","8.796","314.5029847021568"
"3","0.2","true","true","false","true","923","8.616","1002.3181061478771"
"11","1","true","true","false","true","251","9.308","281.59349008009843"
"10","0.9","true","true","false","true","300","8.796","314.50298470215677"
"3","0.2","true","true","false","true","924","8.616","1002.3181061478776"
"11","1","true","true","false","true","252","9.308","281.59349008009815"
"10","0.9","true","true","false","true","301","8.796","314.5029847021566"
"10","0.9","true","true","false","true","302","8.796","314.50298470215677"
"11","1","true","true","false","true","253","9.308","281.59349008009843"
"3","0.2","true","true","false","true","925","8.616","1002.3181061478779"
"10","0.9","true","true","false","true","303","8.796","314.50298470215637"
"11","1","true","true","false","true","254","9.308","281.5934900800984"
"3","0.2","true","true","false","true","926","8.616","1002.3181061478779"
"10","0.9","true","true","false","true","304","8.796","314.5029847021566"
"11","1","true","true","false","true","255","9.308","281.59349008009826"
"10","0.9","true","true","false","true","305","8.796","314.5029847021568"
"3","0.2","true","true","false","true","927","8.616","1002.3181061478776"
"11","1","true","true","false","true","256","9.308","281.593490080098"
"10","0.9","true","true","false","true","306","8.796","314.5029847021567"
"3","0.2","true","true","false","true","928","8.616","1002.3181061478783"
"11","1","true","true","false","true","257","9.308","281.5934900800982"
"10","0.9","true","true","false","true","307","8.796","314.5029847021566"
"11","1","true","true","false","true","258","9.308","281.5934900800982"
"3","0.2","true","true","false","true","929","8.616","1002.3181061478771"
"10","0.9","true","true","false","true","308","8.796","314.5029847021566"
"10","0.9","true","true","false","true","309","8.796","314.50298470215677"
"11","1","true","true","false","true","259","9.308","281.5934900800983"
"3","0.2","true","true","false","true","930","8.616","1002.3181061478774"
"10","0.9","true","true","false","true","310","8.796","314.5029847021567"
"11","1","true","true","false","true","260","9.308","281.5934900800983"
"10","0.9","true","true","false","true","311","8.796","314.5029847021568"
"3","0.2","true","true","false","true","931","8.616","1002.3181061478772"
"11","1","true","true","false","true","261","9.308","281.59349008009826"
"10","0.9","true","true","false","true","312","8.796","314.5029847021567"
"3","0.2","true","true","false","true","932","8.616","1002.3181061478779"
"11","1","true","true","false","true","262","9.308","281.5934900800982"
"10","0.9","true","true","false","true","313","8.796","314.5029847021566"
"3","0.2","true","true","false","true","933","8.616","1002.3181061478774"
"11","1","true","true","false","true","263","9.308","281.5934900800984"
"10","0.9","true","true","false","true","314","8.796","314.5029847021567"
"10","0.9","true","true","false","true","315","8.796","314.5029847021567"
"11","1","true","true","false","true","264","9.308","281.5934900800983"
"3","0.2","true","true","false","true","934","8.616","1002.3181061478776"
"10","0.9","true","true","false","true","316","8.796","314.5029847021567"
"11","1","true","true","false","true","265","9.308","281.59349008009815"
"3","0.2","true","true","false","true","935","8.616","1002.3181061478772"
"10","0.9","true","true","false","true","317","8.796","314.5029847021567"
"11","1","true","true","false","true","266","9.308","281.5934900800983"
"3","0.2","true","true","false","true","936","8.616","1002.3181061478768"
"10","0.9","true","true","false","true","318","8.796","314.50298470215654"
"11","1","true","true","false","true","267","9.308","281.5934900800982"
"10","0.9","true","true","false","true","319","8.796","314.50298470215665"
"3","0.2","true","true","false","true","937","8.616","1002.3181061478772"
"11","1","true","true","false","true","268","9.308","281.5934900800983"
"10","0.9","true","true","false","true","320","8.796","314.5029847021568"
"3","0.2","true","true","false","true","938","8.616","1002.3181061478776"
"11","1","true","true","false","true","269","9.308","281.5934900800982"
"10","0.9","true","true","false","true","321","8.796","314.50298470215665"
"3","0.2","true","true","false","true","939","8.616","1002.3181061478779"
"11","1","true","true","false","true","270","9.308","281.59349008009804"
"10","0.9","true","true","false","true","322","8.796","314.5029847021568"
"11","1","true","true","false","true","271","9.308","281.59349008009815"
"3","0.2","true","true","false","true","940","8.616","1002.3181061478771"
"10","0.9","true","true","false","true","323","8.796","314.50298470215665"
"11","1","true","true","false","true","272","9.308","281.5934900800982"
"3","0.2","true","true","false","true","941","8.616","1002.3181061478779"
"10","0.9","true","true","false","true","324","8.796","314.5029847021567"
"10","0.9","true","true","false","true","325","8.796","314.50298470215654"
"11","1","true","true","false","true","273","9.308","281.5934900800984"
"3","0.2","true","true","false","true","942","8.616","1002.3181061478772"
"10","0.9","true","true","false","true","326","8.796","314.5029847021567"
"11","1","true","true","false","true","274","9.308","281.5934900800983"
"3","0.2","true","true","false","true","943","8.616","1002.3181061478771"
"10","0.9","true","true","false","true","327","8.796","314.50298470215654"
"11","1","true","true","false","true","275","9.308","281.5934900800982"
"3","0.2","true","true","false","true","944","8.616","1002.3181061478774"
"10","0.9","true","true","false","true","328","8.796","314.50298470215665"
"11","1","true","true","false","true","276","9.308","281.5934900800982"
"3","0.2","true","true","false","true","945","8.616","1002.3181061478772"
"10","0.9","true","true","false","true","329","8.796","314.5029847021567"
"11","1","true","true","false","true","277","9.308","281.5934900800979"
"10","0.9","true","true","false","true","330","8.796","314.50298470215654"
"3","0.2","true","true","false","true","946","8.616","1002.3181061478774"
"10","0.9","true","true","false","true","331","8.796","314.5029847021567"
"11","1","true","true","false","true","278","9.308","281.5934900800983"
"3","0.2","true","true","false","true","947","8.616","1002.3181061478776"
"10","0.9","true","true","false","true","332","8.796","314.50298470215654"
"3","0.2","true","true","false","true","948","8.616","1002.3181061478776"
"11","1","true","true","false","true","279","9.308","281.59349008009815"
"3","0.2","true","true","false","true","949","8.616","1002.3181061478772"
"10","0.9","true","true","false","true","333","8.796","314.50298470215694"
"11","1","true","true","false","true","280","9.308","281.5934900800982"
"10","0.9","true","true","false","true","334","8.796","314.5029847021568"
"3","0.2","true","true","false","true","950","8.616","1002.3181061478781"
"11","1","true","true","false","true","281","9.308","281.59349008009804"
"10","0.9","true","true","false","true","335","8.796","314.5029847021566"
"3","0.2","true","true","false","true","951","8.616","1002.3181061478786"
"10","0.9","true","true","false","true","336","8.796","314.50298470215677"
"11","1","true","true","false","true","282","9.308","281.5934900800979"
"3","0.2","true","true","false","true","952","8.616","1002.3181061478772"
"10","0.9","true","true","false","true","337","8.796","314.5029847021567"
"11","1","true","true","false","true","283","9.308","281.59349008009826"
"10","0.9","true","true","false","true","338","8.796","314.50298470215654"
"3","0.2","true","true","false","true","953","8.616","1002.3181061478776"
"10","0.9","true","true","false","true","339","8.796","314.5029847021567"
"11","1","true","true","false","true","284","9.308","281.5934900800982"
"3","0.2","true","true","false","true","954","8.616","1002.3181061478779"
"10","0.9","true","true","false","true","340","8.796","314.5029847021566"
"3","0.2","true","true","false","true","955","8.616","1002.3181061478768"
"11","1","true","true","false","true","285","9.308","281.59349008009804"
"3","0.2","true","true","false","true","956","8.616","1002.3181061478771"
"10","0.9","true","true","false","true","341","8.796","314.5029847021566"
"11","1","true","true","false","true","286","9.308","281.593490080098"
"3","0.2","true","true","false","true","957","8.616","1002.3181061478771"
"10","0.9","true","true","false","true","342","8.796","314.5029847021567"
"11","1","true","true","false","true","287","9.308","281.59349008009815"
"10","0.9","true","true","false","true","343","8.796","314.5029847021567"
"3","0.2","true","true","false","true","958","8.616","1002.3181061478781"
"11","1","true","true","false","true","288","9.308","281.59349008009843"
"10","0.9","true","true","false","true","344","8.796","314.50298470215654"
"3","0.2","true","true","false","true","959","8.616","1002.3181061478774"
"11","1","true","true","false","true","289","9.308","281.59349008009815"
"10","0.9","true","true","false","true","345","8.796","314.5029847021567"
"3","0.2","true","true","false","true","960","8.616","1002.3181061478772"
"10","0.9","true","true","false","true","346","8.796","314.5029847021567"
"11","1","true","true","false","true","290","9.308","281.59349008009804"
"3","0.2","true","true","false","true","961","8.616","1002.3181061478779"
"10","0.9","true","true","false","true","347","8.796","314.5029847021566"
"11","1","true","true","false","true","291","9.308","281.5934900800985"
"3","0.2","true","true","false","true","962","8.616","1002.3181061478779"
"10","0.9","true","true","false","true","348","8.796","314.5029847021567"
"3","0.2","true","true","false","true","963","8.616","1002.3181061478776"
"11","1","true","true","false","true","292","9.308","281.5934900800983"
"10","0.9","true","true","false","true","349","8.796","314.50298470215665"
"3","0.2","true","true","false","true","964","8.616","1002.3181061478776"
"11","1","true","true","false","true","293","9.308","281.5934900800982"
"10","0.9","true","true","false","true","350","8.796","314.50298470215654"
"3","0.2","true","true","false","true","965","8.616","1002.3181061478779"
"11","1","true","true","false","true","294","9.308","281.5934900800982"
"10","0.9","true","true","false","true","351","8.796","314.5029847021567"
"3","0.2","true","true","false","true","966","8.616","1002.3181061478768"
"11","1","true","true","false","true","295","9.308","281.5934900800982"
"10","0.9","true","true","false","true","352","8.796","314.50298470215694"
"3","0.2","true","true","false","true","967","8.616","1002.3181061478781"
"11","1","true","true","false","true","296","9.308","281.59349008009815"
"10","0.9","true","true","false","true","353","8.796","314.5029847021569"
"3","0.2","true","true","false","true","968","8.616","1002.3181061478774"
"10","0.9","true","true","false","true","354","8.796","314.5029847021567"
"11","1","true","true","false","true","297","9.308","281.5934900800982"
"3","0.2","true","true","false","true","969","8.616","1002.3181061478776"
"10","0.9","true","true","false","true","355","8.796","314.50298470215665"
"3","0.2","true","true","false","true","970","8.616","1002.3181061478768"
"11","1","true","true","false","true","298","9.308","281.59349008009826"
"3","0.2","true","true","false","true","971","8.616","1002.3181061478774"
"10","0.9","true","true","false","true","356","8.796","314.5029847021568"
"11","1","true","true","false","true","299","9.308","281.59349008009826"
"10","0.9","true","true","false","true","357","8.796","314.5029847021567"
"3","0.2","true","true","false","true","972","8.616","1002.3181061478766"
"11","1","true","true","false","true","300","9.308","281.5934900800981"
"11","1","true","true","false","true","301","9.308","281.5934900800982"
"10","0.9","true","true","false","true","358","8.796","314.502984702157"
"3","0.2","true","true","false","true","973","8.616","1002.3181061478768"
"10","0.9","true","true","false","true","359","8.796","314.50298470215677"
"11","1","true","true","false","true","302","9.308","281.5934900800984"
"3","0.2","true","true","false","true","974","8.616","1002.3181061478776"
"10","0.9","true","true","false","true","360","8.796","314.5029847021568"
"11","1","true","true","false","true","303","9.308","281.59349008009804"
"10","0.9","true","true","false","true","361","8.796","314.5029847021565"
"3","0.2","true","true","false","true","975","8.616","1002.3181061478771"
"11","1","true","true","false","true","304","9.308","281.5934900800983"
"10","0.9","true","true","false","true","362","8.796","314.5029847021566"
"10","0.9","true","true","false","true","363","8.796","314.5029847021567"
"11","1","true","true","false","true","305","9.308","281.5934900800983"
"3","0.2","true","true","false","true","976","8.616","1002.3181061478774"
"10","0.9","true","true","false","true","364","8.796","314.50298470215654"
"3","0.2","true","true","false","true","977","8.616","1002.3181061478772"
"11","1","true","true","false","true","306","9.308","281.5934900800981"
"10","0.9","true","true","false","true","365","8.796","314.5029847021567"
"11","1","true","true","false","true","307","9.308","281.5934900800983"
"3","0.2","true","true","false","true","978","8.616","1002.3181061478776"
"10","0.9","true","true","false","true","366","8.796","314.5029847021563"
"11","1","true","true","false","true","308","9.308","281.5934900800981"
"10","0.9","true","true","false","true","367","8.796","314.50298470215677"
"3","0.2","true","true","false","true","979","8.616","1002.3181061478774"
"11","1","true","true","false","true","309","9.308","281.59349008009815"
"10","0.9","true","true","false","true","368","8.796","314.5029847021568"
"11","1","true","true","false","true","310","9.308","281.5934900800983"
"3","0.2","true","true","false","true","980","8.616","1002.3181061478772"
"10","0.9","true","true","false","true","369","8.796","314.50298470215654"
"11","1","true","true","false","true","311","9.308","281.59349008009815"
"10","0.9","true","true","false","true","370","8.796","314.50298470215677"
"3","0.2","true","true","false","true","981","8.616","1002.3181061478779"
"10","0.9","true","true","false","true","371","8.796","314.5029847021567"
"11","1","true","true","false","true","312","9.308","281.5934900800982"
"3","0.2","true","true","false","true","982","8.616","1002.3181061478772"
"10","0.9","true","true","false","true","372","8.796","314.5029847021564"
"11","1","true","true","false","true","313","9.308","281.5934900800982"
"10","0.9","true","true","false","true","373","8.796","314.50298470215654"
"3","0.2","true","true","false","true","983","8.616","1002.3181061478772"
"11","1","true","true","false","true","314","9.308","281.5934900800983"
"10","0.9","true","true","false","true","374","8.796","314.5029847021569"
"3","0.2","true","true","false","true","984","8.616","1002.3181061478774"
"11","1","true","true","false","true","315","9.308","281.59349008009815"
"10","0.9","true","true","false","true","375","8.796","314.5029847021567"
"11","1","true","true","false","true","316","9.308","281.5934900800983"
"3","0.2","true","true","false","true","985","8.616","1002.3181061478774"
"10","0.9","true","true","false","true","376","8.796","314.50298470215677"
"11","1","true","true","false","true","317","9.308","281.59349008009804"
"3","0.2","true","true","false","true","986","8.616","1002.3181061478771"
"10","0.9","true","true","false","true","377","8.796","314.5029847021566"
"11","1","true","true","false","true","318","9.308","281.5934900800982"
"10","0.9","true","true","false","true","378","8.796","314.5029847021567"
"3","0.2","true","true","false","true","987","8.616","1002.3181061478772"
"10","0.9","true","true","false","true","379","8.796","314.50298470215665"
"11","1","true","true","false","true","319","9.308","281.59349008009815"
"10","0.9","true","true","false","true","380","8.796","314.50298470215665"
"11","1","true","true","false","true","320","9.308","281.59349008009815"
"3","0.2","true","true","false","true","988","8.616","1002.3181061478776"
"10","0.9","true","true","false","true","381","8.796","314.5029847021566"
"11","1","true","true","false","true","321","9.308","281.59349008009815"
"3","0.2","true","true","false","true","989","8.616","1002.3181061478772"
"10","0.9","true","true","false","true","382","8.796","314.5029847021564"
"11","1","true","true","false","true","322","9.308","281.5934900800982"
"10","0.9","true","true","false","true","383","8.796","314.5029847021568"
"11","1","true","true","false","true","323","9.308","281.5934900800983"
"3","0.2","true","true","false","true","990","8.616","1002.3181061478781"
"11","1","true","true","false","true","324","9.308","281.59349008009826"
"10","0.9","true","true","false","true","384","8.796","314.50298470215677"
"3","0.2","true","true","false","true","991","8.616","1002.3181061478771"
"10","0.9","true","true","false","true","385","8.796","314.50298470215654"
"11","1","true","true","false","true","325","9.308","281.59349008009843"
"3","0.2","true","true","false","true","992","8.616","1002.3181061478781"
"10","0.9","true","true","false","true","386","8.796","314.5029847021568"
"11","1","true","true","false","true","326","9.308","281.59349008009843"
"10","0.9","true","true","false","true","387","8.796","314.5029847021568"
"3","0.2","true","true","false","true","993","8.616","1002.3181061478776"
"10","0.9","true","true","false","true","388","8.796","314.50298470215665"
"11","1","true","true","false","true","327","9.308","281.59349008009815"
"3","0.2","true","true","false","true","994","8.616","1002.3181061478774"
"10","0.9","true","true","false","true","389","8.796","314.50298470215637"
"11","1","true","true","false","true","328","9.308","281.59349008009815"
"10","0.9","true","true","false","true","390","8.796","314.50298470215654"
"11","1","true","true","false","true","329","9.308","281.59349008009826"
"3","0.2","true","true","false","true","995","8.616","1002.3181061478772"
"10","0.9","true","true","false","true","391","8.796","314.5029847021567"
"3","0.2","true","true","false","true","996","8.616","1002.3181061478779"
"11","1","true","true","false","true","330","9.308","281.5934900800982"
"10","0.9","true","true","false","true","392","8.796","314.5029847021568"
"11","1","true","true","false","true","331","9.308","281.5934900800981"
"10","0.9","true","true","false","true","393","8.796","314.50298470215654"
"3","0.2","true","true","false","true","997","8.616","1002.3181061478772"
"11","1","true","true","false","true","332","9.308","281.5934900800982"
"10","0.9","true","true","false","true","394","8.796","314.5029847021567"
"3","0.2","true","true","false","true","998","8.616","1002.3181061478776"
"10","0.9","true","true","false","true","395","8.796","314.502984702157"
"11","1","true","true","false","true","333","9.308","281.59349008009826"
"3","0.2","true","true","false","true","999","8.616","1002.3181061478772"
"10","0.9","true","true","false","true","396","8.796","314.5029847021569"
"11","1","true","true","false","true","334","9.308","281.5934900800981"
"10","0.9","true","true","false","true","397","8.796","314.50298470215654"
"11","1","true","true","false","true","335","9.308","281.5934900800983"
"10","0.9","true","true","false","true","398","8.796","314.5029847021567"
"11","1","true","true","false","true","336","9.308","281.59349008009826"
"10","0.9","true","true","false","true","399","8.796","314.5029847021567"
"11","1","true","true","false","true","337","9.308","281.5934900800983"
"10","0.9","true","true","false","true","400","8.796","314.50298470215665"
"10","0.9","true","true","false","true","401","8.796","314.5029847021568"
"11","1","true","true","false","true","338","9.308","281.59349008009826"
"10","0.9","true","true","false","true","402","8.796","314.5029847021569"
"11","1","true","true","false","true","339","9.308","281.5934900800983"
"10","0.9","true","true","false","true","403","8.796","314.5029847021567"
"11","1","true","true","false","true","340","9.308","281.59349008009815"
"10","0.9","true","true","false","true","404","8.796","314.5029847021567"
"11","1","true","true","false","true","341","9.308","281.59349008009843"
"10","0.9","true","true","false","true","405","8.796","314.5029847021567"
"11","1","true","true","false","true","342","9.308","281.59349008009815"
"10","0.9","true","true","false","true","406","8.796","314.50298470215677"
"11","1","true","true","false","true","343","9.308","281.5934900800983"
"10","0.9","true","true","false","true","407","8.796","314.50298470215654"
"10","0.9","true","true","false","true","408","8.796","314.5029847021567"
"11","1","true","true","false","true","344","9.308","281.5934900800982"
"10","0.9","true","true","false","true","409","8.796","314.5029847021568"
"11","1","true","true","false","true","345","9.308","281.5934900800982"
"10","0.9","true","true","false","true","410","8.796","314.5029847021567"
"11","1","true","true","false","true","346","9.308","281.59349008009804"
"10","0.9","true","true","false","true","411","8.796","314.50298470215705"
"10","0.9","true","true","false","true","412","8.796","314.50298470215677"
"11","1","true","true","false","true","347","9.308","281.5934900800984"
"10","0.9","true","true","false","true","413","8.796","314.5029847021568"
"11","1","true","true","false","true","348","9.308","281.59349008009804"
"10","0.9","true","true","false","true","414","8.796","314.50298470215694"
"11","1","true","true","false","true","349","9.308","281.59349008009804"
"10","0.9","true","true","false","true","415","8.796","314.5029847021567"
"10","0.9","true","true","false","true","416","8.796","314.5029847021567"
"11","1","true","true","false","true","350","9.308","281.59349008009826"
"10","0.9","true","true","false","true","417","8.796","314.50298470215654"
"11","1","true","true","false","true","351","9.308","281.5934900800983"
"10","0.9","true","true","false","true","418","8.796","314.5029847021567"
"11","1","true","true","false","true","352","9.308","281.59349008009826"
"10","0.9","true","true","false","true","419","8.796","314.50298470215677"
"11","1","true","true","false","true","353","9.308","281.5934900800979"
"10","0.9","true","true","false","true","420","8.796","314.50298470215654"
"10","0.9","true","true","false","true","421","8.796","314.5029847021567"
"11","1","true","true","false","true","354","9.308","281.5934900800984"
"10","0.9","true","true","false","true","422","8.796","314.50298470215665"
"11","1","true","true","false","true","355","9.308","281.5934900800982"
"10","0.9","true","true","false","true","423","8.796","314.5029847021566"
"11","1","true","true","false","true","356","9.308","281.59349008009815"
"10","0.9","true","true","false","true","424","8.796","314.5029847021568"
"11","1","true","true","false","true","357","9.308","281.5934900800982"
"10","0.9","true","true","false","true","425","8.796","314.5029847021568"
"11","1","true","true","false","true","358","9.308","281.59349008009826"
"10","0.9","true","true","false","true","426","8.796","314.50298470215654"
"10","0.9","true","true","false","true","427","8.796","314.50298470215637"
"11","1","true","true","false","true","359","9.308","281.5934900800982"
"10","0.9","true","true","false","true","428","8.796","314.50298470215654"
"11","1","true","true","false","true","360","9.308","281.59349008009815"
"10","0.9","true","true","false","true","429","8.796","314.502984702157"
"11","1","true","true","false","true","361","9.308","281.5934900800982"
"10","0.9","true","true","false","true","430","8.796","314.5029847021569"
"11","1","true","true","false","true","362","9.308","281.5934900800982"
"10","0.9","true","true","false","true","431","8.796","314.50298470215677"
"11","1","true","true","false","true","363","9.308","281.5934900800982"
"10","0.9","true","true","false","true","432","8.796","314.50298470215654"
"11","1","true","true","false","true","364","9.308","281.59349008009815"
"10","0.9","true","true","false","true","433","8.796","314.5029847021567"
"10","0.9","true","true","false","true","434","8.796","314.50298470215677"
"11","1","true","true","false","true","365","9.308","281.5934900800984"
"10","0.9","true","true","false","true","435","8.796","314.50298470215654"
"11","1","true","true","false","true","366","9.308","281.59349008009826"
"10","0.9","true","true","false","true","436","8.796","314.5029847021568"
"11","1","true","true","false","true","367","9.308","281.5934900800984"
"10","0.9","true","true","false","true","437","8.796","314.5029847021567"
"11","1","true","true","false","true","368","9.308","281.5934900800985"
"10","0.9","true","true","false","true","438","8.796","314.5029847021568"
"10","0.9","true","true","false","true","439","8.796","314.50298470215694"
"11","1","true","true","false","true","369","9.308","281.59349008009826"
"10","0.9","true","true","false","true","440","8.796","314.5029847021568"
"11","1","true","true","false","true","370","9.308","281.59349008009843"
"10","0.9","true","true","false","true","441","8.796","314.50298470215677"
"10","0.9","true","true","false","true","442","8.796","314.50298470215654"
"11","1","true","true","false","true","371","9.308","281.5934900800984"
"10","0.9","true","true","false","true","443","8.796","314.5029847021569"
"11","1","true","true","false","true","372","9.308","281.59349008009826"
"10","0.9","true","true","false","true","444","8.796","314.5029847021566"
"11","1","true","true","false","true","373","9.308","281.5934900800983"
"10","0.9","true","true","false","true","445","8.796","314.5029847021567"
"11","1","true","true","false","true","374","9.308","281.5934900800982"
"10","0.9","true","true","false","true","446","8.796","314.5029847021568"
"11","1","true","true","false","true","375","9.308","281.59349008009815"
"10","0.9","true","true","false","true","447","8.796","314.50298470215654"
"11","1","true","true","false","true","376","9.308","281.59349008009815"
"10","0.9","true","true","false","true","448","8.796","314.50298470215694"
"10","0.9","true","true","false","true","449","8.796","314.50298470215654"
"11","1","true","true","false","true","377","9.308","281.59349008009843"
"10","0.9","true","true","false","true","450","8.796","314.50298470215694"
"11","1","true","true","false","true","378","9.308","281.5934900800982"
"10","0.9","true","true","false","true","451","8.796","314.50298470215677"
"11","1","true","true","false","true","379","9.308","281.59349008009815"
"10","0.9","true","true","false","true","452","8.796","314.5029847021567"
"11","1","true","true","false","true","380","9.308","281.5934900800982"
"10","0.9","true","true","false","true","453","8.796","314.50298470215665"
"11","1","true","true","false","true","381","9.308","281.5934900800982"
"10","0.9","true","true","false","true","454","8.796","314.50298470215654"
"11","1","true","true","false","true","382","9.308","281.59349008009826"
"10","0.9","true","true","false","true","455","8.796","314.50298470215677"
"11","1","true","true","false","true","383","9.308","281.5934900800982"
"10","0.9","true","true","false","true","456","8.796","314.50298470215654"
"10","0.9","true","true","false","true","457","8.796","314.5029847021566"
"11","1","true","true","false","true","384","9.308","281.59349008009815"
"10","0.9","true","true","false","true","458","8.796","314.5029847021566"
"11","1","true","true","false","true","385","9.308","281.5934900800984"
"10","0.9","true","true","false","true","459","8.796","314.5029847021566"
"11","1","true","true","false","true","386","9.308","281.5934900800983"
"10","0.9","true","true","false","true","460","8.796","314.5029847021569"
"11","1","true","true","false","true","387","9.308","281.59349008009843"
"10","0.9","true","true","false","true","461","8.796","314.5029847021568"
"10","0.9","true","true","false","true","462","8.796","314.502984702157"
"11","1","true","true","false","true","388","9.308","281.5934900800983"
"10","0.9","true","true","false","true","463","8.796","314.5029847021567"
"11","1","true","true","false","true","389","9.308","281.59349008009815"
"10","0.9","true","true","false","true","464","8.796","314.50298470215677"
"11","1","true","true","false","true","390","9.308","281.59349008009815"
"10","0.9","true","true","false","true","465","8.796","314.50298470215637"
"11","1","true","true","false","true","391","9.308","281.593490080098"
"10","0.9","true","true","false","true","466","8.796","314.5029847021568"
"11","1","true","true","false","true","392","9.308","281.59349008009843"
"10","0.9","true","true","false","true","467","8.796","314.50298470215654"
"11","1","true","true","false","true","393","9.308","281.59349008009826"
"10","0.9","true","true","false","true","468","8.796","314.5029847021567"
"10","0.9","true","true","false","true","469","8.796","314.5029847021568"
"11","1","true","true","false","true","394","9.308","281.59349008009815"
"10","0.9","true","true","false","true","470","8.796","314.50298470215665"
"11","1","true","true","false","true","395","9.308","281.5934900800982"
"10","0.9","true","true","false","true","471","8.796","314.5029847021568"
"11","1","true","true","false","true","396","9.308","281.5934900800984"
"10","0.9","true","true","false","true","472","8.796","314.5029847021567"
"11","1","true","true","false","true","397","9.308","281.59349008009815"
"10","0.9","true","true","false","true","473","8.796","314.5029847021566"
"11","1","true","true","false","true","398","9.308","281.59349008009815"
"10","0.9","true","true","false","true","474","8.796","314.502984702157"
"11","1","true","true","false","true","399","9.308","281.59349008009804"
"10","0.9","true","true","false","true","475","8.796","314.5029847021569"
"11","1","true","true","false","true","400","9.308","281.59349008009826"
"10","0.9","true","true","false","true","476","8.796","314.5029847021565"
"10","0.9","true","true","false","true","477","8.796","314.5029847021569"
"11","1","true","true","false","true","401","9.308","281.5934900800982"
"10","0.9","true","true","false","true","478","8.796","314.50298470215677"
"11","1","true","true","false","true","402","9.308","281.59349008009826"
"10","0.9","true","true","false","true","479","8.796","314.50298470215677"
"11","1","true","true","false","true","403","9.308","281.5934900800982"
"10","0.9","true","true","false","true","480","8.796","314.5029847021564"
"11","1","true","true","false","true","404","9.308","281.59349008009815"
"10","0.9","true","true","false","true","481","8.796","314.50298470215665"
"11","1","true","true","false","true","405","9.308","281.5934900800982"
"10","0.9","true","true","false","true","482","8.796","314.5029847021567"
"11","1","true","true","false","true","406","9.308","281.5934900800981"
"10","0.9","true","true","false","true","483","8.796","314.50298470215654"
"10","0.9","true","true","false","true","484","8.796","314.5029847021568"
"11","1","true","true","false","true","407","9.308","281.5934900800982"
"10","0.9","true","true","false","true","485","8.796","314.5029847021566"
"11","1","true","true","false","true","408","9.308","281.59349008009815"
"10","0.9","true","true","false","true","486","8.796","314.5029847021568"
"11","1","true","true","false","true","409","9.308","281.5934900800983"
"10","0.9","true","true","false","true","487","8.796","314.5029847021567"
"11","1","true","true","false","true","410","9.308","281.59349008009826"
"10","0.9","true","true","false","true","488","8.796","314.5029847021567"
"11","1","true","true","false","true","411","9.308","281.59349008009843"
"10","0.9","true","true","false","true","489","8.796","314.5029847021569"
"11","1","true","true","false","true","412","9.308","281.593490080098"
"10","0.9","true","true","false","true","490","8.796","314.5029847021568"
"10","0.9","true","true","false","true","491","8.796","314.5029847021567"
"11","1","true","true","false","true","413","9.308","281.5934900800979"
"10","0.9","true","true","false","true","492","8.796","314.50298470215677"
"11","1","true","true","false","true","414","9.308","281.5934900800982"
"10","0.9","true","true","false","true","493","8.796","314.50298470215665"
"11","1","true","true","false","true","415","9.308","281.5934900800982"
"10","0.9","true","true","false","true","494","8.796","314.5029847021567"
"11","1","true","true","false","true","416","9.308","281.59349008009826"
"10","0.9","true","true","false","true","495","8.796","314.50298470215665"
"11","1","true","true","false","true","417","9.308","281.59349008009815"
"10","0.9","true","true","false","true","496","8.796","314.5029847021568"
"11","1","true","true","false","true","418","9.308","281.59349008009815"
"10","0.9","true","true","false","true","497","8.796","314.50298470215654"
"11","1","true","true","false","true","419","9.308","281.59349008009804"
"10","0.9","true","true","false","true","498","8.796","314.50298470215694"
"10","0.9","true","true","false","true","499","8.796","314.5029847021567"
"11","1","true","true","false","true","420","9.308","281.5934900800983"
"10","0.9","true","true","false","true","500","8.796","314.5029847021567"
"11","1","true","true","false","true","421","9.308","281.5934900800982"
"10","0.9","true","true","false","true","501","8.796","314.5029847021565"
"11","1","true","true","false","true","422","9.308","281.5934900800983"
"10","0.9","true","true","false","true","502","8.796","314.5029847021569"
"11","1","true","true","false","true","423","9.308","281.5934900800982"
"10","0.9","true","true","false","true","503","8.796","314.5029847021567"
"11","1","true","true","false","true","424","9.308","281.5934900800982"
"10","0.9","true","true","false","true","504","8.796","314.5029847021569"
"11","1","true","true","false","true","425","9.308","281.59349008009826"
"10","0.9","true","true","false","true","505","8.796","314.50298470215677"
"11","1","true","true","false","true","426","9.308","281.5934900800981"
"10","0.9","true","true","false","true","506","8.796","314.5029847021567"
"10","0.9","true","true","false","true","507","8.796","314.5029847021569"
"11","1","true","true","false","true","427","9.308","281.59349008009804"
"10","0.9","true","true","false","true","508","8.796","314.5029847021566"
"11","1","true","true","false","true","428","9.308","281.59349008009815"
"10","0.9","true","true","false","true","509","8.796","314.50298470215654"
"11","1","true","true","false","true","429","9.308","281.59349008009815"
"10","0.9","true","true","false","true","510","8.796","314.50298470215654"
"11","1","true","true","false","true","430","9.308","281.5934900800981"
"10","0.9","true","true","false","true","511","8.796","314.5029847021567"
"11","1","true","true","false","true","431","9.308","281.5934900800983"
"10","0.9","true","true","false","true","512","8.796","314.50298470215665"
"11","1","true","true","false","true","432","9.308","281.5934900800982"
"10","0.9","true","true","false","true","513","8.796","314.50298470215654"
"11","1","true","true","false","true","433","9.308","281.59349008009815"
"10","0.9","true","true","false","true","514","8.796","314.50298470215654"
"10","0.9","true","true","false","true","515","8.796","314.5029847021567"
"11","1","true","true","false","true","434","9.308","281.59349008009826"
"10","0.9","true","true","false","true","516","8.796","314.5029847021567"
"11","1","true","true","false","true","435","9.308","281.5934900800983"
"10","0.9","true","true","false","true","517","8.796","314.50298470215654"
"11","1","true","true","false","true","436","9.308","281.59349008009826"
"10","0.9","true","true","false","true","518","8.796","314.5029847021564"
"11","1","true","true","false","true","437","9.308","281.59349008009815"
"10","0.9","true","true","false","true","519","8.796","314.5029847021567"
"11","1","true","true","false","true","438","9.308","281.593490080098"
"10","0.9","true","true","false","true","520","8.796","314.5029847021567"
"11","1","true","true","false","true","439","9.308","281.59349008009815"
"10","0.9","true","true","false","true","521","8.796","314.50298470215694"
"10","0.9","true","true","false","true","522","8.796","314.50298470215665"
"11","1","true","true","false","true","440","9.308","281.59349008009815"
"10","0.9","true","true","false","true","523","8.796","314.5029847021568"
"11","1","true","true","false","true","441","9.308","281.5934900800983"
"10","0.9","true","true","false","true","524","8.796","314.50298470215677"
"11","1","true","true","false","true","442","9.308","281.59349008009815"
"10","0.9","true","true","false","true","525","8.796","314.5029847021567"
"11","1","true","true","false","true","443","9.308","281.5934900800984"
"10","0.9","true","true","false","true","526","8.796","314.5029847021565"
"11","1","true","true","false","true","444","9.308","281.59349008009843"
"10","0.9","true","true","false","true","527","8.796","314.5029847021565"
"11","1","true","true","false","true","445","9.308","281.5934900800983"
"10","0.9","true","true","false","true","528","8.796","314.5029847021567"
"11","1","true","true","false","true","446","9.308","281.59349008009815"
"10","0.9","true","true","false","true","529","8.796","314.50298470215654"
"11","1","true","true","false","true","447","9.308","281.593490080098"
"10","0.9","true","true","false","true","530","8.796","314.5029847021564"
"10","0.9","true","true","false","true","531","8.796","314.5029847021568"
"11","1","true","true","false","true","448","9.308","281.5934900800984"
"10","0.9","true","true","false","true","532","8.796","314.5029847021564"
"11","1","true","true","false","true","449","9.308","281.5934900800985"
"10","0.9","true","true","false","true","533","8.796","314.50298470215677"
"11","1","true","true","false","true","450","9.308","281.5934900800983"
"10","0.9","true","true","false","true","534","8.796","314.502984702157"
"11","1","true","true","false","true","451","9.308","281.59349008009804"
"10","0.9","true","true","false","true","535","8.796","314.50298470215677"
"11","1","true","true","false","true","452","9.308","281.59349008009815"
"10","0.9","true","true","false","true","536","8.796","314.5029847021567"
"11","1","true","true","false","true","453","9.308","281.59349008009826"
"10","0.9","true","true","false","true","537","8.796","314.50298470215705"
"11","1","true","true","false","true","454","9.308","281.59349008009815"
"10","0.9","true","true","false","true","538","8.796","314.5029847021568"
"11","1","true","true","false","true","455","9.308","281.5934900800979"
"10","0.9","true","true","false","true","539","8.796","314.5029847021567"
"10","0.9","true","true","false","true","540","8.796","314.50298470215665"
"11","1","true","true","false","true","456","9.308","281.5934900800982"
"10","0.9","true","true","false","true","541","8.796","314.5029847021568"
"11","1","true","true","false","true","457","9.308","281.5934900800982"
"10","0.9","true","true","false","true","542","8.796","314.50298470215637"
"11","1","true","true","false","true","458","9.308","281.5934900800983"
"10","0.9","true","true","false","true","543","8.796","314.5029847021565"
"11","1","true","true","false","true","459","9.308","281.59349008009843"
"10","0.9","true","true","false","true","544","8.796","314.50298470215654"
"11","1","true","true","false","true","460","9.308","281.59349008009804"
"10","0.9","true","true","false","true","545","8.796","314.50298470215654"
"11","1","true","true","false","true","461","9.308","281.5934900800981"
"10","0.9","true","true","false","true","546","8.796","314.5029847021568"
"10","0.9","true","true","false","true","547","8.796","314.5029847021568"
"11","1","true","true","false","true","462","9.308","281.5934900800981"
"10","0.9","true","true","false","true","548","8.796","314.50298470215677"
"11","1","true","true","false","true","463","9.308","281.5934900800982"
"10","0.9","true","true","false","true","549","8.796","314.5029847021567"
"11","1","true","true","false","true","464","9.308","281.593490080098"
"10","0.9","true","true","false","true","550","8.796","314.5029847021567"
"11","1","true","true","false","true","465","9.308","281.59349008009815"
"10","0.9","true","true","false","true","551","8.796","314.50298470215665"
"11","1","true","true","false","true","466","9.308","281.5934900800982"
"10","0.9","true","true","false","true","552","8.796","314.5029847021567"
"10","0.9","true","true","false","true","553","8.796","314.50298470215677"
"11","1","true","true","false","true","467","9.308","281.5934900800982"
"10","0.9","true","true","false","true","554","8.796","314.5029847021567"
"11","1","true","true","false","true","468","9.308","281.5934900800983"
"10","0.9","true","true","false","true","555","8.796","314.5029847021566"
"11","1","true","true","false","true","469","9.308","281.5934900800983"
"10","0.9","true","true","false","true","556","8.796","314.5029847021569"
"11","1","true","true","false","true","470","9.308","281.5934900800982"
"10","0.9","true","true","false","true","557","8.796","314.50298470215654"
"10","0.9","true","true","false","true","558","8.796","314.50298470215677"
"11","1","true","true","false","true","471","9.308","281.5934900800982"
"10","0.9","true","true","false","true","559","8.796","314.50298470215694"
"11","1","true","true","false","true","472","9.308","281.5934900800983"
"10","0.9","true","true","false","true","560","8.796","314.50298470215654"
"11","1","true","true","false","true","473","9.308","281.59349008009815"
"10","0.9","true","true","false","true","561","8.796","314.5029847021567"
"11","1","true","true","false","true","474","9.308","281.59349008009826"
"10","0.9","true","true","false","true","562","8.796","314.5029847021567"
"11","1","true","true","false","true","475","9.308","281.5934900800981"
"10","0.9","true","true","false","true","563","8.796","314.5029847021567"
"11","1","true","true","false","true","476","9.308","281.5934900800983"
"10","0.9","true","true","false","true","564","8.796","314.5029847021566"
"10","0.9","true","true","false","true","565","8.796","314.502984702157"
"11","1","true","true","false","true","477","9.308","281.5934900800982"
"10","0.9","true","true","false","true","566","8.796","314.5029847021568"
"11","1","true","true","false","true","478","9.308","281.5934900800983"
"10","0.9","true","true","false","true","567","8.796","314.50298470215677"
"11","1","true","true","false","true","479","9.308","281.5934900800982"
"10","0.9","true","true","false","true","568","8.796","314.50298470215665"
"10","0.9","true","true","false","true","569","8.796","314.50298470215665"
"11","1","true","true","false","true","480","9.308","281.5934900800982"
"10","0.9","true","true","false","true","570","8.796","314.5029847021567"
"11","1","true","true","false","true","481","9.308","281.5934900800983"
"10","0.9","true","true","false","true","571","8.796","314.5029847021565"
"11","1","true","true","false","true","482","9.308","281.5934900800983"
"10","0.9","true","true","false","true","572","8.796","314.5029847021567"
"11","1","true","true","false","true","483","9.308","281.59349008009815"
"10","0.9","true","true","false","true","573","8.796","314.50298470215637"
"10","0.9","true","true","false","true","574","8.796","314.50298470215654"
"11","1","true","true","false","true","484","9.308","281.5934900800982"
"10","0.9","true","true","false","true","575","8.796","314.5029847021568"
"11","1","true","true","false","true","485","9.308","281.5934900800982"
"10","0.9","true","true","false","true","576","8.796","314.50298470215665"
"11","1","true","true","false","true","486","9.308","281.5934900800984"
"10","0.9","true","true","false","true","577","8.796","314.50298470215665"
"11","1","true","true","false","true","487","9.308","281.5934900800983"
"10","0.9","true","true","false","true","578","8.796","314.5029847021568"
"11","1","true","true","false","true","488","9.308","281.59349008009804"
"10","0.9","true","true","false","true","579","8.796","314.5029847021565"
"11","1","true","true","false","true","489","9.308","281.59349008009826"
"10","0.9","true","true","false","true","580","8.796","314.5029847021568"
"11","1","true","true","false","true","490","9.308","281.5934900800982"
"10","0.9","true","true","false","true","581","8.796","314.5029847021567"
"10","0.9","true","true","false","true","582","8.796","314.5029847021567"
"11","1","true","true","false","true","491","9.308","281.5934900800981"
"10","0.9","true","true","false","true","583","8.796","314.5029847021567"
"11","1","true","true","false","true","492","9.308","281.5934900800982"
"10","0.9","true","true","false","true","584","8.796","314.5029847021568"
"11","1","true","true","false","true","493","9.308","281.5934900800982"
"10","0.9","true","true","false","true","585","8.796","314.5029847021567"
"11","1","true","true","false","true","494","9.308","281.5934900800983"
"10","0.9","true","true","false","true","586","8.796","314.50298470215677"
"11","1","true","true","false","true","495","9.308","281.5934900800983"
"10","0.9","true","true","false","true","587","8.796","314.5029847021567"
"10","0.9","true","true","false","true","588","8.796","314.5029847021565"
"11","1","true","true","false","true","496","9.308","281.5934900800983"
"10","0.9","true","true","false","true","589","8.796","314.5029847021567"
"11","1","true","true","false","true","497","9.308","281.59349008009815"
"10","0.9","true","true","false","true","590","8.796","314.5029847021567"
"11","1","true","true","false","true","498","9.308","281.59349008009843"
"10","0.9","true","true","false","true","591","8.796","314.50298470215677"
"11","1","true","true","false","true","499","9.308","281.59349008009826"
"10","0.9","true","true","false","true","592","8.796","314.5029847021566"
"10","0.9","true","true","false","true","593","8.796","314.5029847021567"
"11","1","true","true","false","true","500","9.308","281.5934900800979"
"10","0.9","true","true","false","true","594","8.796","314.5029847021567"
"11","1","true","true","false","true","501","9.308","281.59349008009815"
"10","0.9","true","true","false","true","595","8.796","314.5029847021567"
"11","1","true","true","false","true","502","9.308","281.59349008009815"
"10","0.9","true","true","false","true","596","8.796","314.5029847021567"
"11","1","true","true","false","true","503","9.308","281.5934900800983"
"10","0.9","true","true","false","true","597","8.796","314.5029847021568"
"11","1","true","true","false","true","504","9.308","281.5934900800983"
"10","0.9","true","true","false","true","598","8.796","314.5029847021567"
"10","0.9","true","true","false","true","599","8.796","314.50298470215694"
"11","1","true","true","false","true","505","9.308","281.5934900800983"
"10","0.9","true","true","false","true","600","8.796","314.5029847021568"
"11","1","true","true","false","true","506","9.308","281.59349008009787"
"10","0.9","true","true","false","true","601","8.796","314.50298470215654"
"11","1","true","true","false","true","507","9.308","281.59349008009815"
"10","0.9","true","true","false","true","602","8.796","314.5029847021566"
"11","1","true","true","false","true","508","9.308","281.59349008009815"
"10","0.9","true","true","false","true","603","8.796","314.50298470215694"
"11","1","true","true","false","true","509","9.308","281.5934900800981"
"10","0.9","true","true","false","true","604","8.796","314.5029847021567"
"10","0.9","true","true","false","true","605","8.796","314.5029847021567"
"11","1","true","true","false","true","510","9.308","281.5934900800983"
"10","0.9","true","true","false","true","606","8.796","314.50298470215665"
"11","1","true","true","false","true","511","9.308","281.5934900800981"
"10","0.9","true","true","false","true","607","8.796","314.5029847021568"
"11","1","true","true","false","true","512","9.308","281.5934900800979"
"10","0.9","true","true","false","true","608","8.796","314.5029847021567"
"11","1","true","true","false","true","513","9.308","281.59349008009843"
"10","0.9","true","true","false","true","609","8.796","314.5029847021567"
"10","0.9","true","true","false","true","610","8.796","314.50298470215654"
"11","1","true","true","false","true","514","9.308","281.59349008009826"
"10","0.9","true","true","false","true","611","8.796","314.5029847021569"
"11","1","true","true","false","true","515","9.308","281.59349008009826"
"10","0.9","true","true","false","true","612","8.796","314.5029847021568"
"11","1","true","true","false","true","516","9.308","281.59349008009815"
"10","0.9","true","true","false","true","613","8.796","314.5029847021564"
"11","1","true","true","false","true","517","9.308","281.59349008009815"
"10","0.9","true","true","false","true","614","8.796","314.5029847021566"
"10","0.9","true","true","false","true","615","8.796","314.50298470215654"
"11","1","true","true","false","true","518","9.308","281.593490080098"
"10","0.9","true","true","false","true","616","8.796","314.5029847021566"
"11","1","true","true","false","true","519","9.308","281.5934900800981"
"10","0.9","true","true","false","true","617","8.796","314.5029847021568"
"11","1","true","true","false","true","520","9.308","281.59349008009815"
"10","0.9","true","true","false","true","618","8.796","314.5029847021566"
"11","1","true","true","false","true","521","9.308","281.5934900800981"
"10","0.9","true","true","false","true","619","8.796","314.50298470215677"
"10","0.9","true","true","false","true","620","8.796","314.5029847021568"
"11","1","true","true","false","true","522","9.308","281.5934900800983"
"10","0.9","true","true","false","true","621","8.796","314.5029847021568"
"11","1","true","true","false","true","523","9.308","281.59349008009804"
"10","0.9","true","true","false","true","622","8.796","314.5029847021565"
"11","1","true","true","false","true","524","9.308","281.59349008009815"
"10","0.9","true","true","false","true","623","8.796","314.50298470215677"
"11","1","true","true","false","true","525","9.308","281.5934900800983"
"10","0.9","true","true","false","true","624","8.796","314.50298470215677"
"11","1","true","true","false","true","526","9.308","281.59349008009815"
"10","0.9","true","true","false","true","625","8.796","314.5029847021566"
"11","1","true","true","false","true","527","9.308","281.59349008009826"
"10","0.9","true","true","false","true","626","8.796","314.50298470215665"
"10","0.9","true","true","false","true","627","8.796","314.5029847021564"
"11","1","true","true","false","true","528","9.308","281.5934900800983"
"10","0.9","true","true","false","true","628","8.796","314.5029847021568"
"11","1","true","true","false","true","529","9.308","281.5934900800984"
"10","0.9","true","true","false","true","629","8.796","314.5029847021566"
"11","1","true","true","false","true","530","9.308","281.5934900800982"
"10","0.9","true","true","false","true","630","8.796","314.50298470215654"
"11","1","true","true","false","true","531","9.308","281.59349008009843"
"10","0.9","true","true","false","true","631","8.796","314.5029847021567"
"10","0.9","true","true","false","true","632","8.796","314.50298470215654"
"11","1","true","true","false","true","532","9.308","281.59349008009815"
"10","0.9","true","true","false","true","633","8.796","314.50298470215665"
"11","1","true","true","false","true","533","9.308","281.5934900800982"
"10","0.9","true","true","false","true","634","8.796","314.5029847021568"
"11","1","true","true","false","true","534","9.308","281.5934900800982"
"10","0.9","true","true","false","true","635","8.796","314.5029847021567"
"10","0.9","true","true","false","true","636","8.796","314.5029847021567"
"11","1","true","true","false","true","535","9.308","281.59349008009804"
"10","0.9","true","true","false","true","637","8.796","314.5029847021568"
"11","1","true","true","false","true","536","9.308","281.5934900800983"
"10","0.9","true","true","false","true","638","8.796","314.50298470215665"
"11","1","true","true","false","true","537","9.308","281.59349008009815"
"10","0.9","true","true","false","true","639","8.796","314.5029847021568"
"11","1","true","true","false","true","538","9.308","281.5934900800982"
"10","0.9","true","true","false","true","640","8.796","314.5029847021569"
"10","0.9","true","true","false","true","641","8.796","314.5029847021564"
"11","1","true","true","false","true","539","9.308","281.5934900800983"
"10","0.9","true","true","false","true","642","8.796","314.50298470215694"
"11","1","true","true","false","true","540","9.308","281.5934900800982"
"10","0.9","true","true","false","true","643","8.796","314.50298470215654"
"11","1","true","true","false","true","541","9.308","281.5934900800984"
"10","0.9","true","true","false","true","644","8.796","314.5029847021568"
"10","0.9","true","true","false","true","645","8.796","314.50298470215654"
"11","1","true","true","false","true","542","9.308","281.5934900800979"
"10","0.9","true","true","false","true","646","8.796","314.50298470215665"
"11","1","true","true","false","true","543","9.308","281.59349008009826"
"10","0.9","true","true","false","true","647","8.796","314.5029847021567"
"10","0.9","true","true","false","true","648","8.796","314.5029847021567"
"11","1","true","true","false","true","544","9.308","281.5934900800981"
"10","0.9","true","true","false","true","649","8.796","314.50298470215654"
"11","1","true","true","false","true","545","9.308","281.59349008009815"
"10","0.9","true","true","false","true","650","8.796","314.5029847021567"
"11","1","true","true","false","true","546","9.308","281.5934900800984"
"10","0.9","true","true","false","true","651","8.796","314.5029847021568"
"10","0.9","true","true","false","true","652","8.796","314.5029847021569"
"11","1","true","true","false","true","547","9.308","281.59349008009815"
"10","0.9","true","true","false","true","653","8.796","314.5029847021566"
"11","1","true","true","false","true","548","9.308","281.5934900800982"
"10","0.9","true","true","false","true","654","8.796","314.5029847021569"
"11","1","true","true","false","true","549","9.308","281.5934900800979"
"10","0.9","true","true","false","true","655","8.796","314.50298470215677"
"10","0.9","true","true","false","true","656","8.796","314.5029847021567"
"11","1","true","true","false","true","550","9.308","281.59349008009815"
"10","0.9","true","true","false","true","657","8.796","314.50298470215654"
"11","1","true","true","false","true","551","9.308","281.5934900800985"
"10","0.9","true","true","false","true","658","8.796","314.5029847021567"
"11","1","true","true","false","true","552","9.308","281.59349008009815"
"10","0.9","true","true","false","true","659","8.796","314.50298470215694"
"10","0.9","true","true","false","true","660","8.796","314.5029847021563"
"11","1","true","true","false","true","553","9.308","281.59349008009815"
"10","0.9","true","true","false","true","661","8.796","314.5029847021567"
"11","1","true","true","false","true","554","9.308","281.5934900800984"
"10","0.9","true","true","false","true","662","8.796","314.5029847021569"
"11","1","true","true","false","true","555","9.308","281.59349008009826"
"10","0.9","true","true","false","true","663","8.796","314.5029847021568"
"11","1","true","true","false","true","556","9.308","281.59349008009826"
"10","0.9","true","true","false","true","664","8.796","314.50298470215637"
"11","1","true","true","false","true","557","9.308","281.5934900800983"
"10","0.9","true","true","false","true","665","8.796","314.5029847021567"
"10","0.9","true","true","false","true","666","8.796","314.50298470215665"
"11","1","true","true","false","true","558","9.308","281.59349008009815"
"10","0.9","true","true","false","true","667","8.796","314.5029847021567"
"11","1","true","true","false","true","559","9.308","281.5934900800983"
"10","0.9","true","true","false","true","668","8.796","314.5029847021568"
"11","1","true","true","false","true","560","9.308","281.5934900800983"
"10","0.9","true","true","false","true","669","8.796","314.50298470215665"
"11","1","true","true","false","true","561","9.308","281.5934900800983"
"10","0.9","true","true","false","true","670","8.796","314.50298470215654"
"11","1","true","true","false","true","562","9.308","281.593490080098"
"10","0.9","true","true","false","true","671","8.796","314.5029847021567"
"11","1","true","true","false","true","563","9.308","281.59349008009826"
"10","0.9","true","true","false","true","672","8.796","314.5029847021565"
"11","1","true","true","false","true","564","9.308","281.5934900800982"
"10","0.9","true","true","false","true","673","8.796","314.50298470215665"
"11","1","true","true","false","true","565","9.308","281.5934900800982"
"10","0.9","true","true","false","true","674","8.796","314.50298470215677"
"11","1","true","true","false","true","566","9.308","281.59349008009826"
"10","0.9","true","true","false","true","675","8.796","314.5029847021566"
"11","1","true","true","false","true","567","9.308","281.5934900800984"
"10","0.9","true","true","false","true","676","8.796","314.5029847021567"
"11","1","true","true","false","true","568","9.308","281.5934900800982"
"10","0.9","true","true","false","true","677","8.796","314.50298470215654"
"11","1","true","true","false","true","569","9.308","281.59349008009815"
"10","0.9","true","true","false","true","678","8.796","314.5029847021568"
"11","1","true","true","false","true","570","9.308","281.5934900800983"
"10","0.9","true","true","false","true","679","8.796","314.5029847021568"
"10","0.9","true","true","false","true","680","8.796","314.50298470215705"
"11","1","true","true","false","true","571","9.308","281.5934900800983"
"10","0.9","true","true","false","true","681","8.796","314.5029847021569"
"11","1","true","true","false","true","572","9.308","281.59349008009815"
"10","0.9","true","true","false","true","682","8.796","314.50298470215665"
"11","1","true","true","false","true","573","9.308","281.5934900800981"
"10","0.9","true","true","false","true","683","8.796","314.50298470215654"
"11","1","true","true","false","true","574","9.308","281.5934900800981"
"10","0.9","true","true","false","true","684","8.796","314.5029847021567"
"11","1","true","true","false","true","575","9.308","281.59349008009815"
"10","0.9","true","true","false","true","685","8.796","314.50298470215665"
"11","1","true","true","false","true","576","9.308","281.5934900800983"
"10","0.9","true","true","false","true","686","8.796","314.50298470215677"
"11","1","true","true","false","true","577","9.308","281.5934900800982"
"10","0.9","true","true","false","true","687","8.796","314.50298470215665"
"10","0.9","true","true","false","true","688","8.796","314.50298470215665"
"11","1","true","true","false","true","578","9.308","281.5934900800982"
"10","0.9","true","true","false","true","689","8.796","314.5029847021566"
"11","1","true","true","false","true","579","9.308","281.5934900800979"
"10","0.9","true","true","false","true","690","8.796","314.50298470215637"
"11","1","true","true","false","true","580","9.308","281.5934900800983"
"10","0.9","true","true","false","true","691","8.796","314.50298470215654"
"11","1","true","true","false","true","581","9.308","281.59349008009826"
"10","0.9","true","true","false","true","692","8.796","314.5029847021567"
"11","1","true","true","false","true","582","9.308","281.5934900800983"
"10","0.9","true","true","false","true","693","8.796","314.50298470215665"
"11","1","true","true","false","true","583","9.308","281.59349008009815"
"10","0.9","true","true","false","true","694","8.796","314.5029847021568"
"11","1","true","true","false","true","584","9.308","281.5934900800983"
"10","0.9","true","true","false","true","695","8.796","314.5029847021569"
"11","1","true","true","false","true","585","9.308","281.59349008009843"
"10","0.9","true","true","false","true","696","8.796","314.5029847021567"
"11","1","true","true","false","true","586","9.308","281.5934900800984"
"10","0.9","true","true","false","true","697","8.796","314.50298470215654"
"10","0.9","true","true","false","true","698","8.796","314.5029847021566"
"11","1","true","true","false","true","587","9.308","281.59349008009815"
"10","0.9","true","true","false","true","699","8.796","314.5029847021567"
"11","1","true","true","false","true","588","9.308","281.5934900800982"
"10","0.9","true","true","false","true","700","8.796","314.50298470215654"
"11","1","true","true","false","true","589","9.308","281.5934900800982"
"10","0.9","true","true","false","true","701","8.796","314.50298470215665"
"11","1","true","true","false","true","590","9.308","281.5934900800983"
"10","0.9","true","true","false","true","702","8.796","314.50298470215665"
"11","1","true","true","false","true","591","9.308","281.5934900800983"
"10","0.9","true","true","false","true","703","8.796","314.5029847021567"
"11","1","true","true","false","true","592","9.308","281.59349008009815"
"10","0.9","true","true","false","true","704","8.796","314.50298470215654"
"10","0.9","true","true","false","true","705","8.796","314.5029847021567"
"11","1","true","true","false","true","593","9.308","281.59349008009815"
"10","0.9","true","true","false","true","706","8.796","314.50298470215665"
"11","1","true","true","false","true","594","9.308","281.5934900800982"
"10","0.9","true","true","false","true","707","8.796","314.5029847021564"
"11","1","true","true","false","true","595","9.308","281.5934900800984"
"10","0.9","true","true","false","true","708","8.796","314.5029847021567"
"11","1","true","true","false","true","596","9.308","281.5934900800982"
"10","0.9","true","true","false","true","709","8.796","314.50298470215665"
"10","0.9","true","true","false","true","710","8.796","314.5029847021566"
"11","1","true","true","false","true","597","9.308","281.59349008009826"
"10","0.9","true","true","false","true","711","8.796","314.5029847021566"
"11","1","true","true","false","true","598","9.308","281.5934900800983"
"10","0.9","true","true","false","true","712","8.796","314.5029847021568"
"11","1","true","true","false","true","599","9.308","281.5934900800981"
"10","0.9","true","true","false","true","713","8.796","314.5029847021566"
"11","1","true","true","false","true","600","9.308","281.5934900800983"
"10","0.9","true","true","false","true","714","8.796","314.50298470215665"
"11","1","true","true","false","true","601","9.308","281.59349008009815"
"10","0.9","true","true","false","true","715","8.796","314.5029847021567"
"11","1","true","true","false","true","602","9.308","281.59349008009815"
"10","0.9","true","true","false","true","716","8.796","314.5029847021567"
"11","1","true","true","false","true","603","9.308","281.59349008009804"
"10","0.9","true","true","false","true","717","8.796","314.5029847021566"
"11","1","true","true","false","true","604","9.308","281.59349008009815"
"10","0.9","true","true","false","true","718","8.796","314.50298470215654"
"11","1","true","true","false","true","605","9.308","281.5934900800983"
"10","0.9","true","true","false","true","719","8.796","314.5029847021567"
"11","1","true","true","false","true","606","9.308","281.5934900800981"
"10","0.9","true","true","false","true","720","8.796","314.5029847021569"
"11","1","true","true","false","true","607","9.308","281.59349008009815"
"10","0.9","true","true","false","true","721","8.796","314.50298470215654"
"10","0.9","true","true","false","true","722","8.796","314.5029847021566"
"11","1","true","true","false","true","608","9.308","281.59349008009843"
"10","0.9","true","true","false","true","723","8.796","314.5029847021566"
"11","1","true","true","false","true","609","9.308","281.59349008009815"
"10","0.9","true","true","false","true","724","8.796","314.50298470215665"
"11","1","true","true","false","true","610","9.308","281.5934900800982"
"10","0.9","true","true","false","true","725","8.796","314.5029847021568"
"11","1","true","true","false","true","611","9.308","281.59349008009815"
"10","0.9","true","true","false","true","726","8.796","314.5029847021568"
"11","1","true","true","false","true","612","9.308","281.59349008009815"
"10","0.9","true","true","false","true","727","8.796","314.50298470215654"
"11","1","true","true","false","true","613","9.308","281.59349008009826"
"10","0.9","true","true","false","true","728","8.796","314.5029847021568"
"11","1","true","true","false","true","614","9.308","281.5934900800982"
"10","0.9","true","true","false","true","729","8.796","314.5029847021567"
"11","1","true","true","false","true","615","9.308","281.59349008009804"
"10","0.9","true","true","false","true","730","8.796","314.5029847021568"
"11","1","true","true","false","true","616","9.308","281.59349008009815"
"10","0.9","true","true","false","true","731","8.796","314.50298470215665"
"11","1","true","true","false","true","617","9.308","281.59349008009826"
"10","0.9","true","true","false","true","732","8.796","314.50298470215654"
"10","0.9","true","true","false","true","733","8.796","314.5029847021568"
"11","1","true","true","false","true","618","9.308","281.5934900800982"
"10","0.9","true","true","false","true","734","8.796","314.5029847021566"
"11","1","true","true","false","true","619","9.308","281.5934900800981"
"10","0.9","true","true","false","true","735","8.796","314.5029847021567"
"11","1","true","true","false","true","620","9.308","281.5934900800983"
"10","0.9","true","true","false","true","736","8.796","314.5029847021567"
"10","0.9","true","true","false","true","737","8.796","314.5029847021565"
"11","1","true","true","false","true","621","9.308","281.59349008009843"
"10","0.9","true","true","false","true","738","8.796","314.5029847021567"
"11","1","true","true","false","true","622","9.308","281.59349008009804"
"10","0.9","true","true","false","true","739","8.796","314.50298470215654"
"11","1","true","true","false","true","623","9.308","281.5934900800983"
"10","0.9","true","true","false","true","740","8.796","314.50298470215665"
"11","1","true","true","false","true","624","9.308","281.5934900800984"
"10","0.9","true","true","false","true","741","8.796","314.50298470215677"
"11","1","true","true","false","true","625","9.308","281.5934900800984"
"10","0.9","true","true","false","true","742","8.796","314.50298470215694"
"11","1","true","true","false","true","626","9.308","281.5934900800983"
"10","0.9","true","true","false","true","743","8.796","314.5029847021567"
"11","1","true","true","false","true","627","9.308","281.5934900800984"
"10","0.9","true","true","false","true","744","8.796","314.5029847021567"
"11","1","true","true","false","true","628","9.308","281.5934900800983"
"10","0.9","true","true","false","true","745","8.796","314.50298470215665"
"10","0.9","true","true","false","true","746","8.796","314.5029847021569"
"11","1","true","true","false","true","629","9.308","281.59349008009815"
"10","0.9","true","true","false","true","747","8.796","314.5029847021565"
"11","1","true","true","false","true","630","9.308","281.59349008009815"
"10","0.9","true","true","false","true","748","8.796","314.5029847021566"
"11","1","true","true","false","true","631","9.308","281.5934900800981"
"10","0.9","true","true","false","true","749","8.796","314.5029847021568"
"11","1","true","true","false","true","632","9.308","281.5934900800982"
"10","0.9","true","true","false","true","750","8.796","314.50298470215654"
"11","1","true","true","false","true","633","9.308","281.5934900800984"
"10","0.9","true","true","false","true","751","8.796","314.5029847021567"
"11","1","true","true","false","true","634","9.308","281.59349008009815"
"10","0.9","true","true","false","true","752","8.796","314.5029847021562"
"11","1","true","true","false","true","635","9.308","281.59349008009815"
"10","0.9","true","true","false","true","753","8.796","314.50298470215654"
"10","0.9","true","true","false","true","754","8.796","314.50298470215654"
"11","1","true","true","false","true","636","9.308","281.5934900800982"
"10","0.9","true","true","false","true","755","8.796","314.50298470215665"
"11","1","true","true","false","true","637","9.308","281.5934900800984"
"10","0.9","true","true","false","true","756","8.796","314.50298470215665"
"11","1","true","true","false","true","638","9.308","281.5934900800982"
"10","0.9","true","true","false","true","757","8.796","314.5029847021568"
"11","1","true","true","false","true","639","9.308","281.5934900800982"
"10","0.9","true","true","false","true","758","8.796","314.5029847021563"
"11","1","true","true","false","true","640","9.308","281.5934900800979"
"10","0.9","true","true","false","true","759","8.796","314.50298470215665"
"11","1","true","true","false","true","641","9.308","281.59349008009815"
"10","0.9","true","true","false","true","760","8.796","314.50298470215665"
"11","1","true","true","false","true","642","9.308","281.5934900800983"
"10","0.9","true","true","false","true","761","8.796","314.5029847021567"
"11","1","true","true","false","true","643","9.308","281.59349008009815"
"10","0.9","true","true","false","true","762","8.796","314.5029847021566"
"10","0.9","true","true","false","true","763","8.796","314.5029847021569"
"11","1","true","true","false","true","644","9.308","281.5934900800985"
"10","0.9","true","true","false","true","764","8.796","314.50298470215665"
"11","1","true","true","false","true","645","9.308","281.59349008009843"
"10","0.9","true","true","false","true","765","8.796","314.5029847021567"
"11","1","true","true","false","true","646","9.308","281.59349008009815"
"10","0.9","true","true","false","true","766","8.796","314.5029847021567"
"11","1","true","true","false","true","647","9.308","281.59349008009826"
"10","0.9","true","true","false","true","767","8.796","314.5029847021568"
"11","1","true","true","false","true","648","9.308","281.5934900800985"
"10","0.9","true","true","false","true","768","8.796","314.50298470215654"
"10","0.9","true","true","false","true","769","8.796","314.50298470215665"
"11","1","true","true","false","true","649","9.308","281.59349008009787"
"10","0.9","true","true","false","true","770","8.796","314.5029847021567"
"11","1","true","true","false","true","650","9.308","281.5934900800982"
"10","0.9","true","true","false","true","771","8.796","314.5029847021567"
"11","1","true","true","false","true","651","9.308","281.59349008009815"
"10","0.9","true","true","false","true","772","8.796","314.50298470215665"
"11","1","true","true","false","true","652","9.308","281.5934900800983"
"10","0.9","true","true","false","true","773","8.796","314.5029847021567"
"11","1","true","true","false","true","653","9.308","281.593490080098"
"10","0.9","true","true","false","true","774","8.796","314.50298470215677"
"11","1","true","true","false","true","654","9.308","281.5934900800983"
"10","0.9","true","true","false","true","775","8.796","314.50298470215654"
"10","0.9","true","true","false","true","776","8.796","314.502984702157"
"11","1","true","true","false","true","655","9.308","281.5934900800983"
"10","0.9","true","true","false","true","777","8.796","314.5029847021567"
"11","1","true","true","false","true","656","9.308","281.5934900800979"
"10","0.9","true","true","false","true","778","8.796","314.50298470215677"
"11","1","true","true","false","true","657","9.308","281.59349008009815"
"10","0.9","true","true","false","true","779","8.796","314.5029847021567"
"11","1","true","true","false","true","658","9.308","281.59349008009815"
"10","0.9","true","true","false","true","780","8.796","314.5029847021568"
"11","1","true","true","false","true","659","9.308","281.5934900800982"
"10","0.9","true","true","false","true","781","8.796","314.50298470215677"
"11","1","true","true","false","true","660","9.308","281.5934900800983"
"10","0.9","true","true","false","true","782","8.796","314.5029847021567"
"10","0.9","true","true","false","true","783","8.796","314.50298470215677"
"11","1","true","true","false","true","661","9.308","281.5934900800982"
"10","0.9","true","true","false","true","784","8.796","314.50298470215665"
"11","1","true","true","false","true","662","9.308","281.59349008009815"
"10","0.9","true","true","false","true","785","8.796","314.5029847021567"
"11","1","true","true","false","true","663","9.308","281.59349008009804"
"10","0.9","true","true","false","true","786","8.796","314.50298470215677"
"10","0.9","true","true","false","true","787","8.796","314.5029847021566"
"11","1","true","true","false","true","664","9.308","281.5934900800983"
"10","0.9","true","true","false","true","788","8.796","314.5029847021565"
"11","1","true","true","false","true","665","9.308","281.5934900800982"
"10","0.9","true","true","false","true","789","8.796","314.5029847021567"
"11","1","true","true","false","true","666","9.308","281.5934900800982"
"10","0.9","true","true","false","true","790","8.796","314.5029847021567"
"11","1","true","true","false","true","667","9.308","281.5934900800982"
"10","0.9","true","true","false","true","791","8.796","314.5029847021567"
"10","0.9","true","true","false","true","792","8.796","314.50298470215665"
"11","1","true","true","false","true","668","9.308","281.593490080098"
"10","0.9","true","true","false","true","793","8.796","314.50298470215665"
"11","1","true","true","false","true","669","9.308","281.59349008009826"
"10","0.9","true","true","false","true","794","8.796","314.50298470215654"
"11","1","true","true","false","true","670","9.308","281.59349008009826"
"10","0.9","true","true","false","true","795","8.796","314.50298470215677"
"11","1","true","true","false","true","671","9.308","281.593490080098"
"10","0.9","true","true","false","true","796","8.796","314.5029847021568"
"11","1","true","true","false","true","672","9.308","281.5934900800981"
"10","0.9","true","true","false","true","797","8.796","314.5029847021568"
"11","1","true","true","false","true","673","9.308","281.59349008009815"
"10","0.9","true","true","false","true","798","8.796","314.5029847021568"
"11","1","true","true","false","true","674","9.308","281.5934900800983"
"10","0.9","true","true","false","true","799","8.796","314.50298470215677"
"11","1","true","true","false","true","675","9.308","281.59349008009815"
"10","0.9","true","true","false","true","800","8.796","314.5029847021567"
"10","0.9","true","true","false","true","801","8.796","314.50298470215665"
"11","1","true","true","false","true","676","9.308","281.5934900800984"
"10","0.9","true","true","false","true","802","8.796","314.5029847021565"
"11","1","true","true","false","true","677","9.308","281.59349008009843"
"10","0.9","true","true","false","true","803","8.796","314.50298470215637"
"11","1","true","true","false","true","678","9.308","281.59349008009843"
"10","0.9","true","true","false","true","804","8.796","314.5029847021567"
"11","1","true","true","false","true","679","9.308","281.5934900800982"
"10","0.9","true","true","false","true","805","8.796","314.5029847021569"
"11","1","true","true","false","true","680","9.308","281.59349008009826"
"10","0.9","true","true","false","true","806","8.796","314.5029847021567"
"11","1","true","true","false","true","681","9.308","281.5934900800983"
"10","0.9","true","true","false","true","807","8.796","314.50298470215665"
"10","0.9","true","true","false","true","808","8.796","314.50298470215677"
"11","1","true","true","false","true","682","9.308","281.5934900800982"
"10","0.9","true","true","false","true","809","8.796","314.502984702157"
"11","1","true","true","false","true","683","9.308","281.5934900800982"
"10","0.9","true","true","false","true","810","8.796","314.50298470215637"
"11","1","true","true","false","true","684","9.308","281.5934900800983"
"10","0.9","true","true","false","true","811","8.796","314.5029847021567"
"11","1","true","true","false","true","685","9.308","281.593490080098"
"10","0.9","true","true","false","true","812","8.796","314.5029847021569"
"11","1","true","true","false","true","686","9.308","281.5934900800983"
"10","0.9","true","true","false","true","813","8.796","314.5029847021567"
"10","0.9","true","true","false","true","814","8.796","314.50298470215677"
"11","1","true","true","false","true","687","9.308","281.59349008009843"
"10","0.9","true","true","false","true","815","8.796","314.5029847021567"
"11","1","true","true","false","true","688","9.308","281.59349008009826"
"10","0.9","true","true","false","true","816","8.796","314.50298470215665"
"11","1","true","true","false","true","689","9.308","281.59349008009826"
"10","0.9","true","true","false","true","817","8.796","314.50298470215677"
"11","1","true","true","false","true","690","9.308","281.5934900800983"
"10","0.9","true","true","false","true","818","8.796","314.5029847021568"
"11","1","true","true","false","true","691","9.308","281.59349008009815"
"10","0.9","true","true","false","true","819","8.796","314.50298470215677"
"11","1","true","true","false","true","692","9.308","281.5934900800981"
"10","0.9","true","true","false","true","820","8.796","314.50298470215677"
"11","1","true","true","false","true","693","9.308","281.59349008009815"
"10","0.9","true","true","false","true","821","8.796","314.5029847021567"
"10","0.9","true","true","false","true","822","8.796","314.50298470215665"
"11","1","true","true","false","true","694","9.308","281.5934900800979"
"10","0.9","true","true","false","true","823","8.796","314.50298470215637"
"11","1","true","true","false","true","695","9.308","281.5934900800979"
"10","0.9","true","true","false","true","824","8.796","314.50298470215694"
"11","1","true","true","false","true","696","9.308","281.5934900800981"
"10","0.9","true","true","false","true","825","8.796","314.5029847021568"
"11","1","true","true","false","true","697","9.308","281.5934900800983"
"10","0.9","true","true","false","true","826","8.796","314.50298470215654"
"11","1","true","true","false","true","698","9.308","281.5934900800985"
"10","0.9","true","true","false","true","827","8.796","314.50298470215677"
"11","1","true","true","false","true","699","9.308","281.5934900800982"
"10","0.9","true","true","false","true","828","8.796","314.50298470215705"
"10","0.9","true","true","false","true","829","8.796","314.5029847021568"
"11","1","true","true","false","true","700","9.308","281.59349008009815"
"10","0.9","true","true","false","true","830","8.796","314.50298470215654"
"11","1","true","true","false","true","701","9.308","281.59349008009815"
"10","0.9","true","true","false","true","831","8.796","314.5029847021567"
"11","1","true","true","false","true","702","9.308","281.5934900800983"
"10","0.9","true","true","false","true","832","8.796","314.50298470215677"
"11","1","true","true","false","true","703","9.308","281.5934900800982"
"10","0.9","true","true","false","true","833","8.796","314.5029847021566"
"11","1","true","true","false","true","704","9.308","281.593490080098"
"10","0.9","true","true","false","true","834","8.796","314.50298470215677"
"11","1","true","true","false","true","705","9.308","281.59349008009815"
"10","0.9","true","true","false","true","835","8.796","314.5029847021567"
"11","1","true","true","false","true","706","9.308","281.5934900800982"
"10","0.9","true","true","false","true","836","8.796","314.5029847021566"
"11","1","true","true","false","true","707","9.308","281.5934900800982"
"10","0.9","true","true","false","true","837","8.796","314.5029847021567"
"10","0.9","true","true","false","true","838","8.796","314.502984702157"
"11","1","true","true","false","true","708","9.308","281.5934900800981"
"10","0.9","true","true","false","true","839","8.796","314.50298470215665"
"11","1","true","true","false","true","709","9.308","281.59349008009815"
"10","0.9","true","true","false","true","840","8.796","314.5029847021569"
"11","1","true","true","false","true","710","9.308","281.5934900800979"
"10","0.9","true","true","false","true","841","8.796","314.50298470215654"
"11","1","true","true","false","true","711","9.308","281.5934900800983"
"10","0.9","true","true","false","true","842","8.796","314.5029847021568"
"10","0.9","true","true","false","true","843","8.796","314.50298470215665"
"11","1","true","true","false","true","712","9.308","281.59349008009843"
"10","0.9","true","true","false","true","844","8.796","314.50298470215654"
"11","1","true","true","false","true","713","9.308","281.5934900800982"
"10","0.9","true","true","false","true","845","8.796","314.5029847021565"
"11","1","true","true","false","true","714","9.308","281.59349008009815"
"10","0.9","true","true","false","true","846","8.796","314.5029847021567"
"11","1","true","true","false","true","715","9.308","281.59349008009815"
"10","0.9","true","true","false","true","847","8.796","314.50298470215637"
"11","1","true","true","false","true","716","9.308","281.5934900800985"
"10","0.9","true","true","false","true","848","8.796","314.5029847021565"
"11","1","true","true","false","true","717","9.308","281.5934900800982"
"10","0.9","true","true","false","true","849","8.796","314.50298470215665"
"11","1","true","true","false","true","718","9.308","281.59349008009804"
"10","0.9","true","true","false","true","850","8.796","314.5029847021567"
"10","0.9","true","true","false","true","851","8.796","314.5029847021566"
"11","1","true","true","false","true","719","9.308","281.5934900800983"
"11","1","true","true","false","true","720","9.308","281.59349008009804"
"10","0.9","true","true","false","true","852","8.796","314.5029847021567"
"10","0.9","true","true","false","true","853","8.796","314.5029847021567"
"11","1","true","true","false","true","721","9.308","281.5934900800982"
"10","0.9","true","true","false","true","854","8.796","314.50298470215677"
"11","1","true","true","false","true","722","9.308","281.59349008009804"
"10","0.9","true","true","false","true","855","8.796","314.50298470215665"
"11","1","true","true","false","true","723","9.308","281.5934900800982"
"10","0.9","true","true","false","true","856","8.796","314.5029847021568"
"11","1","true","true","false","true","724","9.308","281.59349008009804"
"10","0.9","true","true","false","true","857","8.796","314.5029847021569"
"11","1","true","true","false","true","725","9.308","281.59349008009826"
"10","0.9","true","true","false","true","858","8.796","314.5029847021568"
"10","0.9","true","true","false","true","859","8.796","314.502984702157"
"11","1","true","true","false","true","726","9.308","281.59349008009843"
"10","0.9","true","true","false","true","860","8.796","314.5029847021565"
"11","1","true","true","false","true","727","9.308","281.59349008009804"
"10","0.9","true","true","false","true","861","8.796","314.50298470215654"
"11","1","true","true","false","true","728","9.308","281.5934900800982"
"10","0.9","true","true","false","true","862","8.796","314.50298470215677"
"10","0.9","true","true","false","true","863","8.796","314.5029847021566"
"11","1","true","true","false","true","729","9.308","281.5934900800983"
"10","0.9","true","true","false","true","864","8.796","314.50298470215665"
"11","1","true","true","false","true","730","9.308","281.5934900800983"
"10","0.9","true","true","false","true","865","8.796","314.5029847021568"
"11","1","true","true","false","true","731","9.308","281.5934900800983"
"10","0.9","true","true","false","true","866","8.796","314.5029847021567"
"11","1","true","true","false","true","732","9.308","281.593490080098"
"10","0.9","true","true","false","true","867","8.796","314.502984702157"
"11","1","true","true","false","true","733","9.308","281.59349008009826"
"10","0.9","true","true","false","true","868","8.796","314.50298470215705"
"11","1","true","true","false","true","734","9.308","281.59349008009804"
"10","0.9","true","true","false","true","869","8.796","314.50298470215665"
"10","0.9","true","true","false","true","870","8.796","314.50298470215665"
"11","1","true","true","false","true","735","9.308","281.5934900800982"
"11","1","true","true","false","true","736","9.308","281.59349008009815"
"10","0.9","true","true","false","true","871","8.796","314.5029847021567"
"10","0.9","true","true","false","true","872","8.796","314.50298470215665"
"11","1","true","true","false","true","737","9.308","281.5934900800983"
"10","0.9","true","true","false","true","873","8.796","314.5029847021569"
"11","1","true","true","false","true","738","9.308","281.59349008009826"
"10","0.9","true","true","false","true","874","8.796","314.5029847021567"
"11","1","true","true","false","true","739","9.308","281.5934900800981"
"10","0.9","true","true","false","true","875","8.796","314.5029847021567"
"10","0.9","true","true","false","true","876","8.796","314.5029847021566"
"11","1","true","true","false","true","740","9.308","281.59349008009815"
"10","0.9","true","true","false","true","877","8.796","314.5029847021565"
"11","1","true","true","false","true","741","9.308","281.5934900800982"
"10","0.9","true","true","false","true","878","8.796","314.50298470215677"
"11","1","true","true","false","true","742","9.308","281.5934900800982"
"10","0.9","true","true","false","true","879","8.796","314.50298470215654"
"11","1","true","true","false","true","743","9.308","281.59349008009815"
"10","0.9","true","true","false","true","880","8.796","314.5029847021567"
"11","1","true","true","false","true","744","9.308","281.5934900800983"
"10","0.9","true","true","false","true","881","8.796","314.50298470215654"
"10","0.9","true","true","false","true","882","8.796","314.5029847021567"
"11","1","true","true","false","true","745","9.308","281.59349008009826"
"10","0.9","true","true","false","true","883","8.796","314.5029847021569"
"11","1","true","true","false","true","746","9.308","281.5934900800982"
"10","0.9","true","true","false","true","884","8.796","314.50298470215665"
"11","1","true","true","false","true","747","9.308","281.59349008009815"
"10","0.9","true","true","false","true","885","8.796","314.5029847021564"
"11","1","true","true","false","true","748","9.308","281.5934900800982"
"10","0.9","true","true","false","true","886","8.796","314.5029847021568"
"11","1","true","true","false","true","749","9.308","281.59349008009804"
"10","0.9","true","true","false","true","887","8.796","314.5029847021569"
"11","1","true","true","false","true","750","9.308","281.5934900800983"
"10","0.9","true","true","false","true","888","8.796","314.5029847021567"
"10","0.9","true","true","false","true","889","8.796","314.5029847021566"
"11","1","true","true","false","true","751","9.308","281.5934900800982"
"10","0.9","true","true","false","true","890","8.796","314.5029847021568"
"11","1","true","true","false","true","752","9.308","281.59349008009826"
"10","0.9","true","true","false","true","891","8.796","314.5029847021566"
"11","1","true","true","false","true","753","9.308","281.59349008009855"
"10","0.9","true","true","false","true","892","8.796","314.50298470215665"
"10","0.9","true","true","false","true","893","8.796","314.50298470215677"
"11","1","true","true","false","true","754","9.308","281.59349008009787"
"10","0.9","true","true","false","true","894","8.796","314.50298470215665"
"11","1","true","true","false","true","755","9.308","281.59349008009855"
"10","0.9","true","true","false","true","895","8.796","314.50298470215665"
"11","1","true","true","false","true","756","9.308","281.5934900800983"
"10","0.9","true","true","false","true","896","8.796","314.5029847021567"
"11","1","true","true","false","true","757","9.308","281.5934900800984"
"10","0.9","true","true","false","true","897","8.796","314.5029847021567"
"10","0.9","true","true","false","true","898","8.796","314.50298470215665"
"11","1","true","true","false","true","758","9.308","281.5934900800985"
"10","0.9","true","true","false","true","899","8.796","314.5029847021564"
"11","1","true","true","false","true","759","9.308","281.5934900800983"
"10","0.9","true","true","false","true","900","8.796","314.5029847021568"
"11","1","true","true","false","true","760","9.308","281.59349008009826"
"10","0.9","true","true","false","true","901","8.796","314.5029847021567"
"11","1","true","true","false","true","761","9.308","281.5934900800982"
"10","0.9","true","true","false","true","902","8.796","314.50298470215665"
"10","0.9","true","true","false","true","903","8.796","314.5029847021566"
"11","1","true","true","false","true","762","9.308","281.5934900800981"
"10","0.9","true","true","false","true","904","8.796","314.5029847021569"
"11","1","true","true","false","true","763","9.308","281.5934900800983"
"10","0.9","true","true","false","true","905","8.796","314.50298470215677"
"11","1","true","true","false","true","764","9.308","281.5934900800983"
"10","0.9","true","true","false","true","906","8.796","314.5029847021566"
"11","1","true","true","false","true","765","9.308","281.5934900800979"
"10","0.9","true","true","false","true","907","8.796","314.5029847021567"
"10","0.9","true","true","false","true","908","8.796","314.5029847021567"
"11","1","true","true","false","true","766","9.308","281.59349008009815"
"10","0.9","true","true","false","true","909","8.796","314.50298470215665"
"11","1","true","true","false","true","767","9.308","281.5934900800982"
"10","0.9","true","true","false","true","910","8.796","314.5029847021567"
"11","1","true","true","false","true","768","9.308","281.59349008009815"
"10","0.9","true","true","false","true","911","8.796","314.50298470215677"
"11","1","true","true","false","true","769","9.308","281.5934900800983"
"10","0.9","true","true","false","true","912","8.796","314.5029847021567"
"10","0.9","true","true","false","true","913","8.796","314.5029847021568"
"11","1","true","true","false","true","770","9.308","281.5934900800982"
"11","1","true","true","false","true","771","9.308","281.5934900800983"
"10","0.9","true","true","false","true","914","8.796","314.5029847021567"
"11","1","true","true","false","true","772","9.308","281.5934900800984"
"10","0.9","true","true","false","true","915","8.796","314.5029847021567"
"10","0.9","true","true","false","true","916","8.796","314.50298470215694"
"11","1","true","true","false","true","773","9.308","281.5934900800984"
"10","0.9","true","true","false","true","917","8.796","314.5029847021567"
"11","1","true","true","false","true","774","9.308","281.5934900800982"
"10","0.9","true","true","false","true","918","8.796","314.5029847021568"
"11","1","true","true","false","true","775","9.308","281.59349008009804"
"10","0.9","true","true","false","true","919","8.796","314.50298470215677"
"11","1","true","true","false","true","776","9.308","281.5934900800982"
"10","0.9","true","true","false","true","920","8.796","314.50298470215654"
"11","1","true","true","false","true","777","9.308","281.5934900800981"
"10","0.9","true","true","false","true","921","8.796","314.502984702157"
"11","1","true","true","false","true","778","9.308","281.5934900800981"
"11","1","true","true","false","true","779","9.308","281.5934900800983"
"10","0.9","true","true","false","true","922","8.796","314.50298470215677"
"11","1","true","true","false","true","780","9.308","281.59349008009843"
"10","0.9","true","true","false","true","923","8.796","314.5029847021567"
"11","1","true","true","false","true","781","9.308","281.59349008009815"
"10","0.9","true","true","false","true","924","8.796","314.5029847021568"
"10","0.9","true","true","false","true","925","8.796","314.5029847021569"
"11","1","true","true","false","true","782","9.308","281.59349008009843"
"10","0.9","true","true","false","true","926","8.796","314.5029847021568"
"11","1","true","true","false","true","783","9.308","281.59349008009815"
"10","0.9","true","true","false","true","927","8.796","314.5029847021567"
"11","1","true","true","false","true","784","9.308","281.59349008009815"
"10","0.9","true","true","false","true","928","8.796","314.5029847021568"
"11","1","true","true","false","true","785","9.308","281.59349008009804"
"10","0.9","true","true","false","true","929","8.796","314.50298470215665"
"11","1","true","true","false","true","786","9.308","281.5934900800983"
"10","0.9","true","true","false","true","930","8.796","314.5029847021566"
"11","1","true","true","false","true","787","9.308","281.59349008009826"
"10","0.9","true","true","false","true","931","8.796","314.50298470215665"
"11","1","true","true","false","true","788","9.308","281.5934900800982"
"10","0.9","true","true","false","true","932","8.796","314.50298470215654"
"10","0.9","true","true","false","true","933","8.796","314.5029847021568"
"11","1","true","true","false","true","789","9.308","281.59349008009815"
"10","0.9","true","true","false","true","934","8.796","314.5029847021566"
"11","1","true","true","false","true","790","9.308","281.59349008009815"
"10","0.9","true","true","false","true","935","8.796","314.50298470215694"
"11","1","true","true","false","true","791","9.308","281.5934900800982"
"10","0.9","true","true","false","true","936","8.796","314.5029847021567"
"11","1","true","true","false","true","792","9.308","281.5934900800981"
"10","0.9","true","true","false","true","937","8.796","314.50298470215654"
"10","0.9","true","true","false","true","938","8.796","314.50298470215654"
"11","1","true","true","false","true","793","9.308","281.5934900800982"
"10","0.9","true","true","false","true","939","8.796","314.50298470215654"
"11","1","true","true","false","true","794","9.308","281.59349008009804"
"10","0.9","true","true","false","true","940","8.796","314.50298470215677"
"11","1","true","true","false","true","795","9.308","281.59349008009826"
"10","0.9","true","true","false","true","941","8.796","314.5029847021566"
"11","1","true","true","false","true","796","9.308","281.59349008009843"
"10","0.9","true","true","false","true","942","8.796","314.50298470215677"
"11","1","true","true","false","true","797","9.308","281.59349008009815"
"10","0.9","true","true","false","true","943","8.796","314.5029847021568"
"10","0.9","true","true","false","true","944","8.796","314.5029847021566"
"11","1","true","true","false","true","798","9.308","281.59349008009815"
"11","1","true","true","false","true","799","9.308","281.5934900800982"
"10","0.9","true","true","false","true","945","8.796","314.5029847021569"
"10","0.9","true","true","false","true","946","8.796","314.5029847021569"
"11","1","true","true","false","true","800","9.308","281.59349008009815"
"10","0.9","true","true","false","true","947","8.796","314.5029847021567"
"11","1","true","true","false","true","801","9.308","281.5934900800983"
"10","0.9","true","true","false","true","948","8.796","314.50298470215665"
"11","1","true","true","false","true","802","9.308","281.5934900800982"
"10","0.9","true","true","false","true","949","8.796","314.5029847021567"
"11","1","true","true","false","true","803","9.308","281.5934900800982"
"10","0.9","true","true","false","true","950","8.796","314.50298470215677"
"10","0.9","true","true","false","true","951","8.796","314.5029847021564"
"11","1","true","true","false","true","804","9.308","281.59349008009815"
"10","0.9","true","true","false","true","952","8.796","314.50298470215665"
"11","1","true","true","false","true","805","9.308","281.593490080098"
"10","0.9","true","true","false","true","953","8.796","314.5029847021567"
"11","1","true","true","false","true","806","9.308","281.5934900800982"
"10","0.9","true","true","false","true","954","8.796","314.5029847021567"
"11","1","true","true","false","true","807","9.308","281.5934900800982"
"10","0.9","true","true","false","true","955","8.796","314.5029847021567"
"11","1","true","true","false","true","808","9.308","281.5934900800983"
"10","0.9","true","true","false","true","956","8.796","314.5029847021567"
"11","1","true","true","false","true","809","9.308","281.59349008009826"
"10","0.9","true","true","false","true","957","8.796","314.5029847021567"
"11","1","true","true","false","true","810","9.308","281.59349008009843"
"10","0.9","true","true","false","true","958","8.796","314.5029847021567"
"10","0.9","true","true","false","true","959","8.796","314.5029847021567"
"11","1","true","true","false","true","811","9.308","281.59349008009815"
"11","1","true","true","false","true","812","9.308","281.59349008009804"
"10","0.9","true","true","false","true","960","8.796","314.50298470215654"
"11","1","true","true","false","true","813","9.308","281.59349008009826"
"10","0.9","true","true","false","true","961","8.796","314.5029847021565"
"11","1","true","true","false","true","814","9.308","281.59349008009843"
"10","0.9","true","true","false","true","962","8.796","314.5029847021568"
"10","0.9","true","true","false","true","963","8.796","314.50298470215654"
"11","1","true","true","false","true","815","9.308","281.5934900800981"
"10","0.9","true","true","false","true","964","8.796","314.5029847021569"
"11","1","true","true","false","true","816","9.308","281.59349008009826"
"10","0.9","true","true","false","true","965","8.796","314.5029847021568"
"11","1","true","true","false","true","817","9.308","281.5934900800983"
"10","0.9","true","true","false","true","966","8.796","314.5029847021568"
"11","1","true","true","false","true","818","9.308","281.59349008009815"
"10","0.9","true","true","false","true","967","8.796","314.5029847021569"
"10","0.9","true","true","false","true","968","8.796","314.50298470215665"
"11","1","true","true","false","true","819","9.308","281.5934900800985"
"10","0.9","true","true","false","true","969","8.796","314.50298470215654"
"11","1","true","true","false","true","820","9.308","281.5934900800982"
"10","0.9","true","true","false","true","970","8.796","314.5029847021567"
"11","1","true","true","false","true","821","9.308","281.59349008009815"
"10","0.9","true","true","false","true","971","8.796","314.50298470215665"
"11","1","true","true","false","true","822","9.308","281.5934900800982"
"10","0.9","true","true","false","true","972","8.796","314.50298470215665"
"11","1","true","true","false","true","823","9.308","281.5934900800983"
"10","0.9","true","true","false","true","973","8.796","314.50298470215654"
"11","1","true","true","false","true","824","9.308","281.59349008009815"
"10","0.9","true","true","false","true","974","8.796","314.5029847021568"
"11","1","true","true","false","true","825","9.308","281.59349008009843"
"10","0.9","true","true","false","true","975","8.796","314.5029847021567"
"11","1","true","true","false","true","826","9.308","281.5934900800983"
"10","0.9","true","true","false","true","976","8.796","314.5029847021567"
"10","0.9","true","true","false","true","977","8.796","314.5029847021568"
"11","1","true","true","false","true","827","9.308","281.5934900800983"
"10","0.9","true","true","false","true","978","8.796","314.50298470215654"
"11","1","true","true","false","true","828","9.308","281.5934900800983"
"10","0.9","true","true","false","true","979","8.796","314.50298470215665"
"11","1","true","true","false","true","829","9.308","281.5934900800982"
"10","0.9","true","true","false","true","980","8.796","314.5029847021568"
"11","1","true","true","false","true","830","9.308","281.5934900800982"
"10","0.9","true","true","false","true","981","8.796","314.50298470215665"
"11","1","true","true","false","true","831","9.308","281.5934900800979"
"10","0.9","true","true","false","true","982","8.796","314.5029847021567"
"10","0.9","true","true","false","true","983","8.796","314.5029847021567"
"11","1","true","true","false","true","832","9.308","281.59349008009815"
"10","0.9","true","true","false","true","984","8.796","314.5029847021567"
"11","1","true","true","false","true","833","9.308","281.5934900800982"
"10","0.9","true","true","false","true","985","8.796","314.5029847021567"
"11","1","true","true","false","true","834","9.308","281.59349008009826"
"10","0.9","true","true","false","true","986","8.796","314.5029847021568"
"11","1","true","true","false","true","835","9.308","281.59349008009815"
"10","0.9","true","true","false","true","987","8.796","314.5029847021564"
"11","1","true","true","false","true","836","9.308","281.59349008009815"
"10","0.9","true","true","false","true","988","8.796","314.50298470215665"
"11","1","true","true","false","true","837","9.308","281.5934900800984"
"10","0.9","true","true","false","true","989","8.796","314.5029847021567"
"11","1","true","true","false","true","838","9.308","281.59349008009843"
"10","0.9","true","true","false","true","990","8.796","314.50298470215677"
"10","0.9","true","true","false","true","991","8.796","314.5029847021568"
"11","1","true","true","false","true","839","9.308","281.59349008009826"
"10","0.9","true","true","false","true","992","8.796","314.5029847021566"
"11","1","true","true","false","true","840","9.308","281.5934900800982"
"10","0.9","true","true","false","true","993","8.796","314.5029847021563"
"11","1","true","true","false","true","841","9.308","281.5934900800982"
"10","0.9","true","true","false","true","994","8.796","314.5029847021567"
"11","1","true","true","false","true","842","9.308","281.5934900800979"
"10","0.9","true","true","false","true","995","8.796","314.50298470215654"
"11","1","true","true","false","true","843","9.308","281.5934900800983"
"10","0.9","true","true","false","true","996","8.796","314.5029847021567"
"10","0.9","true","true","false","true","997","8.796","314.5029847021568"
"11","1","true","true","false","true","844","9.308","281.59349008009843"
"10","0.9","true","true","false","true","998","8.796","314.5029847021566"
"11","1","true","true","false","true","845","9.308","281.59349008009843"
"10","0.9","true","true","false","true","999","8.796","314.5029847021567"
"11","1","true","true","false","true","846","9.308","281.5934900800983"
"11","1","true","true","false","true","847","9.308","281.5934900800982"
"11","1","true","true","false","true","848","9.308","281.5934900800985"
"11","1","true","true","false","true","849","9.308","281.593490080098"
"11","1","true","true","false","true","850","9.308","281.59349008009804"
"11","1","true","true","false","true","851","9.308","281.5934900800981"
"11","1","true","true","false","true","852","9.308","281.59349008009826"
"11","1","true","true","false","true","853","9.308","281.5934900800985"
"11","1","true","true","false","true","854","9.308","281.5934900800982"
"11","1","true","true","false","true","855","9.308","281.5934900800982"
"11","1","true","true","false","true","856","9.308","281.5934900800983"
"11","1","true","true","false","true","857","9.308","281.5934900800981"
"11","1","true","true","false","true","858","9.308","281.5934900800979"
"11","1","true","true","false","true","859","9.308","281.59349008009815"
"11","1","true","true","false","true","860","9.308","281.59349008009815"
"11","1","true","true","false","true","861","9.308","281.5934900800981"
"11","1","true","true","false","true","862","9.308","281.5934900800984"
"11","1","true","true","false","true","863","9.308","281.5934900800979"
"11","1","true","true","false","true","864","9.308","281.59349008009804"
"11","1","true","true","false","true","865","9.308","281.59349008009843"
"11","1","true","true","false","true","866","9.308","281.5934900800983"
"11","1","true","true","false","true","867","9.308","281.593490080098"
"11","1","true","true","false","true","868","9.308","281.5934900800982"
"11","1","true","true","false","true","869","9.308","281.59349008009815"
"11","1","true","true","false","true","870","9.308","281.59349008009826"
"11","1","true","true","false","true","871","9.308","281.5934900800979"
"11","1","true","true","false","true","872","9.308","281.59349008009826"
"11","1","true","true","false","true","873","9.308","281.59349008009815"
"11","1","true","true","false","true","874","9.308","281.59349008009815"
"11","1","true","true","false","true","875","9.308","281.5934900800982"
"11","1","true","true","false","true","876","9.308","281.59349008009815"
"11","1","true","true","false","true","877","9.308","281.59349008009815"
"11","1","true","true","false","true","878","9.308","281.5934900800981"
"11","1","true","true","false","true","879","9.308","281.59349008009815"
"11","1","true","true","false","true","880","9.308","281.5934900800982"
"11","1","true","true","false","true","881","9.308","281.5934900800982"
"11","1","true","true","false","true","882","9.308","281.593490080098"
"11","1","true","true","false","true","883","9.308","281.5934900800981"
"11","1","true","true","false","true","884","9.308","281.5934900800984"
"11","1","true","true","false","true","885","9.308","281.5934900800982"
"11","1","true","true","false","true","886","9.308","281.5934900800982"
"11","1","true","true","false","true","887","9.308","281.59349008009826"
"11","1","true","true","false","true","888","9.308","281.59349008009843"
"11","1","true","true","false","true","889","9.308","281.59349008009815"
"11","1","true","true","false","true","890","9.308","281.59349008009787"
"11","1","true","true","false","true","891","9.308","281.5934900800985"
"11","1","true","true","false","true","892","9.308","281.5934900800984"
"11","1","true","true","false","true","893","9.308","281.5934900800984"
"11","1","true","true","false","true","894","9.308","281.59349008009804"
"11","1","true","true","false","true","895","9.308","281.59349008009815"
"11","1","true","true","false","true","896","9.308","281.59349008009826"
"11","1","true","true","false","true","897","9.308","281.5934900800982"
"11","1","true","true","false","true","898","9.308","281.59349008009815"
"11","1","true","true","false","true","899","9.308","281.59349008009843"
"11","1","true","true","false","true","900","9.308","281.59349008009804"
"11","1","true","true","false","true","901","9.308","281.59349008009815"
"11","1","true","true","false","true","902","9.308","281.5934900800981"
"11","1","true","true","false","true","903","9.308","281.59349008009826"
"11","1","true","true","false","true","904","9.308","281.59349008009804"
"11","1","true","true","false","true","905","9.308","281.5934900800983"
"11","1","true","true","false","true","906","9.308","281.5934900800983"
"11","1","true","true","false","true","907","9.308","281.59349008009815"
"11","1","true","true","false","true","908","9.308","281.5934900800979"
"11","1","true","true","false","true","909","9.308","281.5934900800983"
"11","1","true","true","false","true","910","9.308","281.5934900800982"
"11","1","true","true","false","true","911","9.308","281.5934900800983"
"11","1","true","true","false","true","912","9.308","281.59349008009815"
"11","1","true","true","false","true","913","9.308","281.5934900800985"
"11","1","true","true","false","true","914","9.308","281.59349008009815"
"11","1","true","true","false","true","915","9.308","281.5934900800982"
"11","1","true","true","false","true","916","9.308","281.5934900800982"
"11","1","true","true","false","true","917","9.308","281.59349008009815"
"11","1","true","true","false","true","918","9.308","281.5934900800981"
"11","1","true","true","false","true","919","9.308","281.5934900800982"
"11","1","true","true","false","true","920","9.308","281.59349008009815"
"11","1","true","true","false","true","921","9.308","281.59349008009815"
"11","1","true","true","false","true","922","9.308","281.5934900800982"
"11","1","true","true","false","true","923","9.308","281.5934900800981"
"11","1","true","true","false","true","924","9.308","281.59349008009826"
"11","1","true","true","false","true","925","9.308","281.5934900800981"
"11","1","true","true","false","true","926","9.308","281.5934900800984"
"11","1","true","true","false","true","927","9.308","281.59349008009826"
"11","1","true","true","false","true","928","9.308","281.59349008009826"
"11","1","true","true","false","true","929","9.308","281.59349008009826"
"11","1","true","true","false","true","930","9.308","281.593490080098"
"11","1","true","true","false","true","931","9.308","281.59349008009815"
"11","1","true","true","false","true","932","9.308","281.593490080098"
"11","1","true","true","false","true","933","9.308","281.59349008009815"
"11","1","true","true","false","true","934","9.308","281.59349008009815"
"11","1","true","true","false","true","935","9.308","281.59349008009826"
"11","1","true","true","false","true","936","9.308","281.59349008009843"
"11","1","true","true","false","true","937","9.308","281.59349008009826"
"11","1","true","true","false","true","938","9.308","281.59349008009815"
"11","1","true","true","false","true","939","9.308","281.59349008009843"
"11","1","true","true","false","true","940","9.308","281.5934900800983"
"11","1","true","true","false","true","941","9.308","281.59349008009815"
"11","1","true","true","false","true","942","9.308","281.5934900800981"
"11","1","true","true","false","true","943","9.308","281.59349008009826"
"11","1","true","true","false","true","944","9.308","281.5934900800979"
"11","1","true","true","false","true","945","9.308","281.5934900800983"
"11","1","true","true","false","true","946","9.308","281.5934900800984"
"11","1","true","true","false","true","947","9.308","281.5934900800983"
"11","1","true","true","false","true","948","9.308","281.5934900800983"
"11","1","true","true","false","true","949","9.308","281.59349008009815"
"11","1","true","true","false","true","950","9.308","281.59349008009843"
"11","1","true","true","false","true","951","9.308","281.5934900800983"
"11","1","true","true","false","true","952","9.308","281.59349008009826"
"11","1","true","true","false","true","953","9.308","281.59349008009787"
"11","1","true","true","false","true","954","9.308","281.59349008009815"
"11","1","true","true","false","true","955","9.308","281.5934900800982"
"11","1","true","true","false","true","956","9.308","281.5934900800982"
"11","1","true","true","false","true","957","9.308","281.5934900800982"
"11","1","true","true","false","true","958","9.308","281.5934900800983"
"11","1","true","true","false","true","959","9.308","281.59349008009843"
"11","1","true","true","false","true","960","9.308","281.5934900800981"
"11","1","true","true","false","true","961","9.308","281.5934900800982"
"11","1","true","true","false","true","962","9.308","281.59349008009843"
"11","1","true","true","false","true","963","9.308","281.59349008009843"
"11","1","true","true","false","true","964","9.308","281.59349008009815"
"11","1","true","true","false","true","965","9.308","281.59349008009815"
"11","1","true","true","false","true","966","9.308","281.59349008009804"
"11","1","true","true","false","true","967","9.308","281.5934900800983"
"11","1","true","true","false","true","968","9.308","281.59349008009826"
"11","1","true","true","false","true","969","9.308","281.5934900800983"
"11","1","true","true","false","true","970","9.308","281.59349008009815"
"11","1","true","true","false","true","971","9.308","281.5934900800984"
"11","1","true","true","false","true","972","9.308","281.5934900800982"
"11","1","true","true","false","true","973","9.308","281.59349008009826"
"11","1","true","true","false","true","974","9.308","281.593490080098"
"11","1","true","true","false","true","975","9.308","281.5934900800982"
"11","1","true","true","false","true","976","9.308","281.5934900800984"
"11","1","true","true","false","true","977","9.308","281.5934900800983"
"11","1","true","true","false","true","978","9.308","281.59349008009826"
"11","1","true","true","false","true","979","9.308","281.59349008009815"
"11","1","true","true","false","true","980","9.308","281.5934900800982"
"11","1","true","true","false","true","981","9.308","281.59349008009815"
"11","1","true","true","false","true","982","9.308","281.59349008009826"
"11","1","true","true","false","true","983","9.308","281.59349008009815"
"11","1","true","true","false","true","984","9.308","281.59349008009815"
"11","1","true","true","false","true","985","9.308","281.59349008009804"
"11","1","true","true","false","true","986","9.308","281.59349008009815"
"11","1","true","true","false","true","987","9.308","281.59349008009815"
"11","1","true","true","false","true","988","9.308","281.59349008009787"
"11","1","true","true","false","true","989","9.308","281.59349008009826"
"11","1","true","true","false","true","990","9.308","281.5934900800982"
"11","1","true","true","false","true","991","9.308","281.5934900800982"
"11","1","true","true","false","true","992","9.308","281.5934900800983"
"11","1","true","true","false","true","993","9.308","281.59349008009804"
"11","1","true","true","false","true","994","9.308","281.59349008009815"
"11","1","true","true","false","true","995","9.308","281.5934900800982"
"11","1","true","true","false","true","996","9.308","281.5934900800983"
"11","1","true","true","false","true","997","9.308","281.59349008009815"
"11","1","true","true","false","true","998","9.308","281.5934900800983"
"11","1","true","true","false","true","999","9.308","281.5934900800983"
