"BehaviorSpace results (NetLogo 7.0.4)","Table version 2.0"
"EES4760_HW5_ex_5_4.nlogox"
"Hilltop stopping q experiment"
"09/16/2026 22:47:04:164 -0500"
"min-pxcor","max-pxcor","min-pycor","max-pycor"
"0","149","0","149"
"[run number]","q","random-start","stop-at-hilltop","noise","real-elevation","[step]","clumping","corridor-width"
"8","0.7","true","false","false","true","0","6.232","<RuntimePrimitiveException>"
"6","0.5","true","false","false","true","0","6.72","<RuntimePrimitiveException>"
"3","0.2","true","false","false","true","0","6.468","<RuntimePrimitiveException>"
"7","0.6","true","false","false","true","0","6.492","<RuntimePrimitiveException>"
"4","0.3","true","false","false","true","0","6.436","<RuntimePrimitiveException>"
"5","0.4","true","false","false","true","0","6.38","<RuntimePrimitiveException>"
"2","0.1","true","false","false","true","0","6.44","<RuntimePrimitiveException>"
"9","0.8","true","false","false","true","0","6.468","<RuntimePrimitiveException>"
"6","0.5","true","false","false","true","1","6.76","398.12625707779694"
"8","0.7","true","false","false","true","1","6.288","395.23253318182316"
"3","0.2","true","false","false","true","1","6.428","409.3599201184486"
"7","0.6","true","false","false","true","1","6.536","395.53585607211465"
"4","0.3","true","false","false","true","1","6.512","403.5564081164024"
"2","0.1","true","false","false","true","1","6.572","407.20890834763856"
"5","0.4","true","false","false","true","1","6.428","397.7237755394398"
"6","0.5","true","false","false","true","2","6.752","547.3443356720364"
"8","0.7","true","false","false","true","2","6.356","486.7318265570107"
"9","0.8","true","false","false","true","1","6.556","389.9350832757215"
"3","0.2","true","false","false","true","2","6.464","619.9369853904643"
"7","0.6","true","false","false","true","2","6.512","507.0507850545925"
"4","0.3","true","false","false","true","2","6.504","573.1390022248225"
"2","0.1","true","false","false","true","2","6.488","623.9434308813538"
"6","0.5","true","false","false","true","3","6.828","598.3262609448022"
"5","0.4","true","false","false","true","2","6.38","564.0028683551718"
"8","0.7","true","false","false","true","3","6.412","501.47418395977974"
"3","0.2","true","false","false","true","3","6.532","690.9116224713172"
"9","0.8","true","false","false","true","2","6.66","452.44283815162277"
"7","0.6","true","false","false","true","3","6.588","535.08896246879"
"4","0.3","true","false","false","true","3","6.512","659.4403213694305"
"2","0.1","true","false","false","true","3","6.536","696.0738470600843"
"8","0.7","true","false","false","true","4","6.52","513.4416400673915"
"5","0.4","true","false","false","true","3","6.396","619.0234476840923"
"6","0.5","true","false","false","true","4","6.86","624.5209805882494"
"9","0.8","true","false","false","true","3","6.628","461.33937555876713"
"3","0.2","true","false","false","true","4","6.552","746.5532096656827"
"7","0.6","true","false","false","true","4","6.564","558.1989586511171"
"2","0.1","true","false","false","true","4","6.536","772.8395244892882"
"4","0.3","true","false","false","true","4","6.52","730.212544807645"
"8","0.7","true","false","false","true","5","6.608","519.7833952166388"
"5","0.4","true","false","false","true","4","6.488","661.9437107550877"
"6","0.5","true","false","false","true","5","7.012","651.0016551550641"
"9","0.8","true","false","false","true","4","6.744","468.0137399021485"
"3","0.2","true","false","false","true","5","6.604","805.6090085815532"
"1","0","true","false","false","true","0","6.584","<RuntimePrimitiveException>"
"6","0.5","true","false","false","true","6","6.952","669.2763069613513"
"9","0.8","true","false","false","true","5","6.772","467.7074456740997"
"8","0.7","true","false","false","true","6","6.64","521.8685707426279"
"4","0.3","true","false","false","true","5","6.528","771.5448071308078"
"5","0.4","true","false","false","true","5","6.556","694.0724291199728"
"2","0.1","true","false","false","true","5","6.448","825.7634840378103"
"7","0.6","true","false","false","true","5","6.524","564.9067620934052"
"3","0.2","true","false","false","true","6","6.616","838.8338912235471"
"9","0.8","true","false","false","true","6","6.816","467.30186961742885"
"2","0.1","true","false","false","true","6","6.552","875.0653870576643"
"4","0.3","true","false","false","true","6","6.568","794.7137736049941"
"6","0.5","true","false","false","true","7","7.02","679.6655925139918"
"7","0.6","true","false","false","true","6","6.612","569.5926274180299"
"5","0.4","true","false","false","true","6","6.508","717.1189928970695"
"8","0.7","true","false","false","true","7","6.976","518.4639033389548"
"9","0.8","true","false","false","true","7","6.932","465.50696451643864"
"2","0.1","true","false","false","true","7","6.628","926.7296403481697"
"3","0.2","true","false","false","true","7","6.524","881.060489592821"
"4","0.3","true","false","false","true","7","6.612","811.9138431402392"
"5","0.4","true","false","false","true","7","6.588","730.2230395011412"
"8","0.7","true","false","false","true","8","7.04","524.827910190205"
"7","0.6","true","false","false","true","7","6.84","584.9384261948545"
"6","0.5","true","false","false","true","8","7.132","682.1497080467885"
"9","0.8","true","false","false","true","8","7.02","461.80248236943135"
"3","0.2","true","false","false","true","8","6.548","925.9399635151791"
"4","0.3","true","false","false","true","8","6.7","839.9047809210775"
"2","0.1","true","false","false","true","8","6.624","973.8055537921412"
"5","0.4","true","false","false","true","8","6.632","739.7003656975077"
"1","0","true","false","false","true","1","6.58","413.45360110664154"
"8","0.7","true","false","false","true","9","7.332","516.6710033386086"
"6","0.5","true","false","false","true","9","7.176","695.0465423528932"
"9","0.8","true","false","false","true","9","7.284","459.1567720732092"
"7","0.6","true","false","false","true","8","7.06","589.5294766719593"
"3","0.2","true","false","false","true","9","6.484","942.0057590323244"
"4","0.3","true","false","false","true","9","6.692","862.6452293131407"
"2","0.1","true","false","false","true","9","6.616","1001.3303142564197"
"5","0.4","true","false","false","true","9","6.656","749.8493837227536"
"8","0.7","true","false","false","true","10","7.388","522.9792177583182"
"6","0.5","true","false","false","true","10","7.216","694.1918207612392"
"7","0.6","true","false","false","true","9","7.124","588.1752185728508"
"1","0","true","false","false","true","2","6.66","622.5160113796139"
"9","0.8","true","false","false","true","10","7.376","462.5396357160051"
"3","0.2","true","false","false","true","10","6.468","967.9056394929753"
"4","0.3","true","false","false","true","10","6.596","892.2574720236811"
"5","0.4","true","false","false","true","10","6.7","765.6172710808946"
"2","0.1","true","false","false","true","10","6.576","1005.8974318448838"
"8","0.7","true","false","false","true","11","7.448","520.0436005037661"
"6","0.5","true","false","false","true","11","7.284","688.1554049771279"
"4","0.3","true","false","false","true","11","6.704","890.274445179775"
"7","0.6","true","false","false","true","10","7.124","587.9848523812291"
"9","0.8","true","false","false","true","11","7.54","458.31604636851523"
"3","0.2","true","false","false","true","11","6.544","997.2087958440396"
"5","0.4","true","false","false","true","11","6.88","760.3443819716114"
"8","0.7","true","false","false","true","12","7.74","518.2519901446959"
"1","0","true","false","false","true","3","6.684","720.0266037398184"
"2","0.1","true","false","false","true","11","6.736","1030.270904155737"
"6","0.5","true","false","false","true","12","7.416","689.9548387878056"
"9","0.8","true","false","false","true","12","7.68","457.18080846962965"
"4","0.3","true","false","false","true","12","6.792","910.8280299294465"
"7","0.6","true","false","false","true","11","7.252","591.432318800973"
"5","0.4","true","false","false","true","12","6.884","766.2174859339432"
"8","0.7","true","false","false","true","13","7.792","516.959510049959"
"3","0.2","true","false","false","true","12","6.608","1017.7096056983644"
"2","0.1","true","false","false","true","12","6.62","1072.2218527857194"
"6","0.5","true","false","false","true","13","7.584","694.4167959969101"
"4","0.3","true","false","false","true","13","6.924","921.7485067047124"
"1","0","true","false","false","true","4","6.78","806.3089823378281"
"9","0.8","true","false","false","true","13","7.844","455.037860324249"
"7","0.6","true","false","false","true","12","7.356","595.6384959826605"
"8","0.7","true","false","false","true","14","8.028","518.7972816245743"
"5","0.4","true","false","false","true","13","7.02","774.2494227592686"
"3","0.2","true","false","false","true","13","6.688","1037.9487349436897"
"2","0.1","true","false","false","true","13","6.592","1103.1461985271999"
"4","0.3","true","false","false","true","14","6.968","935.4130041881184"
"6","0.5","true","false","false","true","14","7.592","689.9294221881983"
"9","0.8","true","false","false","true","14","8.076","450.5393482267646"
"7","0.6","true","false","false","true","13","7.448","600.2339835910003"
"3","0.2","true","false","false","true","14","6.664","1055.7217842812395"
"8","0.7","true","false","false","true","15","8.16","511.72118902731523"
"1","0","true","false","false","true","5","6.784","891.0160423956964"
"5","0.4","true","false","false","true","14","7.108","777.2121620174487"
"4","0.3","true","false","false","true","15","7.008","950.1479825473423"
"2","0.1","true","false","false","true","14","6.628","1124.638206585196"
"6","0.5","true","false","false","true","15","7.856","690.5325409363572"
"9","0.8","true","false","false","true","15","8.128","452.2498758111091"
"7","0.6","true","false","false","true","14","7.648","590.8309876297219"
"3","0.2","true","false","false","true","15","6.62","1051.802792642979"
"8","0.7","true","false","false","true","16","8.472","508.7741940922673"
"5","0.4","true","false","false","true","15","7.116","783.5033352581654"
"6","0.5","true","false","false","true","16","7.932","688.5212824093287"
"4","0.3","true","false","false","true","16","7.012","957.5559971587309"
"9","0.8","true","false","false","true","16","8.256","449.3771080760163"
"2","0.1","true","false","false","true","15","6.7","1136.279010753801"
"3","0.2","true","false","false","true","16","6.712","1047.5895036109841"
"1","0","true","false","false","true","6","6.796","940.9939138969577"
"7","0.6","true","false","false","true","15","7.756","590.6748228209553"
"8","0.7","true","false","false","true","17","8.64","504.5703348285642"
"5","0.4","true","false","false","true","16","7.144","782.7968638844609"
"6","0.5","true","false","false","true","17","7.964","688.4831293286404"
"4","0.3","true","false","false","true","17","7.032","959.1435133585611"
"9","0.8","true","false","false","true","17","8.216","448.20245698643015"
"2","0.1","true","false","false","true","16","6.556","1173.7958965749424"
"7","0.6","true","false","false","true","16","7.82","592.3010862418841"
"3","0.2","true","false","false","true","17","6.664","1064.7345375597283"
"8","0.7","true","false","false","true","18","8.756","502.0627508117249"
"1","0","true","false","false","true","7","6.728","983.487209800018"
"5","0.4","true","false","false","true","17","7.224","788.3770725552444"
"4","0.3","true","false","false","true","18","7.208","965.0671230413684"
"9","0.8","true","false","false","true","18","8.36","447.41869517589373"
"6","0.5","true","false","false","true","18","8.184","686.7665756864526"
"3","0.2","true","false","false","true","18","6.676","1070.9832073254747"
"7","0.6","true","false","false","true","17","7.892","590.8526568640001"
"8","0.7","true","false","false","true","19","8.948","501.6340675948462"
"2","0.1","true","false","false","true","17","6.632","1190.3806819659446"
"6","0.5","true","false","false","true","19","8.316","685.2246034855409"
"5","0.4","true","false","false","true","18","7.42","788.1222754535734"
"9","0.8","true","false","false","true","19","8.452","448.5821176620336"
"4","0.3","true","false","false","true","19","7.156","963.7905236253755"
"3","0.2","true","false","false","true","19","6.684","1083.3725314006754"
"1","0","true","false","false","true","8","6.684","1024.8842160697043"
"8","0.7","true","false","false","true","20","8.844","499.08441269551105"
"7","0.6","true","false","false","true","18","7.98","591.7761297889091"
"2","0.1","true","false","false","true","18","6.632","1196.3176547350442"
"5","0.4","true","false","false","true","19","7.508","793.0825909215815"
"6","0.5","true","false","false","true","20","8.3","686.4578307005639"
"3","0.2","true","false","false","true","20","6.876","1104.5288214034133"
"4","0.3","true","false","false","true","20","7.348","974.0551263826684"
"9","0.8","true","false","false","true","20","8.52","446.887931829808"
"8","0.7","true","false","false","true","21","9.028","498.4582599670027"
"7","0.6","true","false","false","true","19","8.176","592.1353658145731"
"2","0.1","true","false","false","true","19","6.664","1218.112046581408"
"1","0","true","false","false","true","9","6.696","1079.8727282154193"
"9","0.8","true","false","false","true","21","8.764","443.30527044834804"
"5","0.4","true","false","false","true","20","7.724","795.3762528672373"
"6","0.5","true","false","false","true","21","8.428","682.6246236591546"
"8","0.7","true","false","false","true","22","9.1","496.7115416188931"
"4","0.3","true","false","false","true","21","7.42","972.4468587576416"
"3","0.2","true","false","false","true","21","7.004","1110.1734618007797"
"7","0.6","true","false","false","true","20","8.204","593.0884108729567"
"2","0.1","true","false","false","true","20","6.72","1231.1641686898786"
"8","0.7","true","false","false","true","23","9.156","495.7490827956219"
"4","0.3","true","false","false","true","22","7.524","968.214182853401"
"9","0.8","true","false","false","true","22","8.716","442.56428314536964"
"5","0.4","true","false","false","true","21","7.788","795.9416919520011"
"6","0.5","true","false","false","true","22","8.588","680.818604581566"
"3","0.2","true","false","false","true","22","7.008","1123.125676319817"
"7","0.6","true","false","false","true","21","8.188","593.6398987403786"
"1","0","true","false","false","true","10","6.648","1115.3062373872285"
"2","0.1","true","false","false","true","21","6.776","1249.4340807766444"
"4","0.3","true","false","false","true","23","7.632","970.7484729898113"
"8","0.7","true","false","false","true","24","9.16","494.88511364667977"
"9","0.8","true","false","false","true","23","8.752","446.8575388633542"
"6","0.5","true","false","false","true","23","8.672","679.546676735511"
"3","0.2","true","false","false","true","23","7.1","1116.713667274082"
"5","0.4","true","false","false","true","22","8.092","806.0870645247801"
"7","0.6","true","false","false","true","22","8.328","595.4132845018654"
"8","0.7","true","false","false","true","25","9.204","493.39679690857383"
"2","0.1","true","false","false","true","22","6.728","1262.0908475969024"
"9","0.8","true","false","false","true","24","8.752","447.6418890512737"
"4","0.3","true","false","false","true","24","7.732","973.3090122779297"
"1","0","true","false","false","true","11","6.648","1134.9876045328651"
"6","0.5","true","false","false","true","24","8.76","678.0462585291"
"3","0.2","true","false","false","true","24","7.076","1122.4209159910954"
"5","0.4","true","false","false","true","23","8.188","808.7634420599971"
"8","0.7","true","false","false","true","26","9.444","491.2266086915748"
"7","0.6","true","false","false","true","23","8.592","596.2308237376632"
"9","0.8","true","false","false","true","25","8.8","447.1923491388829"
"2","0.1","true","false","false","true","23","6.756","1284.9815653192718"
"3","0.2","true","false","false","true","25","7.016","1146.4397678974603"
"4","0.3","true","false","false","true","25","7.848","982.8141182460291"
"6","0.5","true","false","false","true","25","8.804","675.9913762954155"
"7","0.6","true","false","false","true","24","8.596","598.7061022645389"
"5","0.4","true","false","false","true","24","8.172","808.5903430599079"
"9","0.8","true","false","false","true","26","8.96","446.7434072987516"
"8","0.7","true","false","false","true","27","9.584","488.67168258599463"
"2","0.1","true","false","false","true","24","6.908","1290.0009729145395"
"1","0","true","false","false","true","12","6.736","1179.9834960099022"
"4","0.3","true","false","false","true","26","7.816","984.9066398448389"
"3","0.2","true","false","false","true","26","6.972","1146.9939100109384"
"8","0.7","true","false","false","true","28","9.736","484.94016550981996"
"6","0.5","true","false","false","true","26","8.844","674.5894538419598"
"7","0.6","true","false","false","true","25","8.772","596.7915441622679"
"9","0.8","true","false","false","true","27","9.08","447.15543933738144"
"5","0.4","true","false","false","true","25","8.352","808.6564868065955"
"2","0.1","true","false","false","true","25","6.864","1296.953296037735"
"4","0.3","true","false","false","true","27","7.884","982.132360992144"
"9","0.8","true","false","false","true","28","9.108","447.14415439625327"
"3","0.2","true","false","false","true","27","7.156","1145.4568587064468"
"6","0.5","true","false","false","true","27","8.948","669.5914284433657"
"8","0.7","true","false","false","true","29","9.86","486.80302717842363"
"7","0.6","true","false","false","true","26","8.928","591.152211006032"
"1","0","true","false","false","true","13","6.624","1206.8561214624906"
"5","0.4","true","false","false","true","26","8.48","804.9247786851865"
"4","0.3","true","false","false","true","28","7.908","979.1692820629447"
"2","0.1","true","false","false","true","26","6.9","1326.2448774294196"
"8","0.7","true","false","false","true","30","10.036","485.4425700222159"
"9","0.8","true","false","false","true","29","9.224","442.85567818980206"
"7","0.6","true","false","false","true","27","9.052","588.4683422333056"
"6","0.5","true","false","false","true","28","9.076","671.5417286733103"
"3","0.2","true","false","false","true","28","7.08","1149.2631221258912"
"5","0.4","true","false","false","true","27","8.712","801.0920313566146"
"8","0.7","true","false","false","true","31","10.092","484.94541480801126"
"4","0.3","true","false","false","true","29","8.048","976.2054568287872"
"6","0.5","true","false","false","true","29","9.084","670.3227899410226"
"9","0.8","true","false","false","true","30","9.212","441.53442659827306"
"2","0.1","true","false","false","true","27","6.892","1340.266577940508"
"7","0.6","true","false","false","true","28","9.22","583.5741356175558"
"1","0","true","false","false","true","14","6.668","1221.5794096698232"
"3","0.2","true","false","false","true","29","7.18","1150.7023593471793"
"8","0.7","true","false","false","true","32","10.152","482.91820886144404"
"9","0.8","true","false","false","true","31","9.36","439.0889812485419"
"4","0.3","true","false","false","true","30","8.176","968.822114321008"
"5","0.4","true","false","false","true","28","8.784","797.2215843095862"
"6","0.5","true","false","false","true","30","9.092","670.1895564410262"
"2","0.1","true","false","false","true","28","6.876","1353.0900547776707"
"7","0.6","true","false","false","true","29","9.312","581.031681063998"
"3","0.2","true","false","false","true","30","7.276","1143.293190512642"
"8","0.7","true","false","false","true","33","10.192","483.0734265480705"
"9","0.8","true","false","false","true","32","9.332","438.79305143962546"
"1","0","true","false","false","true","15","6.552","1248.3818699557016"
"4","0.3","true","false","false","true","31","8.24","957.2063579850163"
"7","0.6","true","false","false","true","30","9.232","580.9782675175845"
"5","0.4","true","false","false","true","29","8.768","793.1928969723322"
"2","0.1","true","false","false","true","29","6.836","1354.0648084899324"
"8","0.7","true","false","false","true","34","10.072","483.9201395805593"
"6","0.5","true","false","false","true","31","9.288","666.5315952115325"
"3","0.2","true","false","false","true","31","7.26","1158.7601245122191"
"9","0.8","true","false","false","true","33","9.38","437.0642960219543"
"4","0.3","true","false","false","true","32","8.2","953.4450030474128"
"7","0.6","true","false","false","true","31","9.344","580.0144864791795"
"8","0.7","true","false","false","true","35","10.144","485.91208880956106"
"1","0","true","false","false","true","16","6.532","1267.588175750235"
"5","0.4","true","false","false","true","30","8.712","789.5790672137714"
"6","0.5","true","false","false","true","32","9.3","664.9257046114071"
"2","0.1","true","false","false","true","30","6.94","1354.1352562525342"
"3","0.2","true","false","false","true","32","7.404","1151.6970114319079"
"9","0.8","true","false","false","true","34","9.6","436.8816639639047"
"7","0.6","true","false","false","true","32","9.464","577.9758335295088"
"8","0.7","true","false","false","true","36","10.46","484.29741096973953"
"4","0.3","true","false","false","true","33","8.296","959.5382324373564"
"6","0.5","true","false","false","true","33","9.416","659.182531134251"
"1","0","true","false","false","true","17","6.484","1274.3605029681198"
"2","0.1","true","false","false","true","31","7.04","1357.0417039340255"
"5","0.4","true","false","false","true","31","8.716","789.793106277539"
"3","0.2","true","false","false","true","33","7.472","1148.867179377442"
"9","0.8","true","false","false","true","35","9.5","435.73573500818003"
"7","0.6","true","false","false","true","33","9.336","576.0062625355774"
"8","0.7","true","false","false","true","37","10.468","483.92366379045455"
"6","0.5","true","false","false","true","34","9.544","661.1986479718577"
"4","0.3","true","false","false","true","34","8.452","957.2350853211944"
"9","0.8","true","false","false","true","36","9.492","435.9583089567193"
"2","0.1","true","false","false","true","32","6.932","1365.0613894726735"
"5","0.4","true","false","false","true","32","8.844","786.7637199682314"
"3","0.2","true","false","false","true","34","7.432","1151.7380505793924"
"8","0.7","true","false","false","true","38","10.56","481.7055182868579"
"7","0.6","true","false","false","true","34","9.488","579.7093189222975"
"1","0","true","false","false","true","18","6.464","1305.2351880178628"
"6","0.5","true","false","false","true","35","9.624","657.8083123721284"
"4","0.3","true","false","false","true","35","8.516","951.4480342089786"
"7","0.6","true","false","false","true","35","9.82","576.0854976290632"
"9","0.8","true","false","false","true","37","9.704","435.67834200629676"
"2","0.1","true","false","false","true","33","7.008","1359.4701697464309"
"8","0.7","true","false","false","true","39","10.512","477.5646409042155"
"3","0.2","true","false","false","true","35","7.268","1161.3267493414253"
"5","0.4","true","false","false","true","33","9.028","779.8618548173688"
"6","0.5","true","false","false","true","36","9.568","659.14749288519"
"1","0","true","false","false","true","19","6.428","1343.1177512535796"
"4","0.3","true","false","false","true","36","8.384","955.9832281671432"
"7","0.6","true","false","false","true","36","9.616","576.6626469690322"
"8","0.7","true","false","false","true","40","10.668","480.1828906109488"
"5","0.4","true","false","false","true","34","8.928","778.4855177995719"
"9","0.8","true","false","false","true","38","9.828","435.2303262155303"
"2","0.1","true","false","false","true","34","7","1366.6163139319365"
"3","0.2","true","false","false","true","36","7.44","1165.6321055978979"
"6","0.5","true","false","false","true","37","9.596","654.6158569579255"
"1","0","true","false","false","true","20","6.44","1378.4369448905563"
"9","0.8","true","false","false","true","39","9.824","433.74262150146706"
"8","0.7","true","false","false","true","41","10.736","478.2215008753776"
"7","0.6","true","false","false","true","37","9.744","577.5396485229637"
"4","0.3","true","false","false","true","37","8.584","957.1025904689458"
"5","0.4","true","false","false","true","35","8.9","777.4494949489175"
"2","0.1","true","false","false","true","35","6.972","1366.3975370425821"
"3","0.2","true","false","false","true","37","7.432","1166.5674690082067"
"6","0.5","true","false","false","true","38","9.664","653.6596357870059"
"8","0.7","true","false","false","true","42","10.872","477.5616170972798"
"9","0.8","true","false","false","true","40","10.148","431.5831869497828"
"7","0.6","true","false","false","true","38","9.96","575.6751036113263"
"3","0.2","true","false","false","true","38","7.552","1167.283161679392"
"5","0.4","true","false","false","true","36","8.86","774.9837824885232"
"4","0.3","true","false","false","true","38","8.616","955.8776479454376"
"1","0","true","false","false","true","21","6.396","1387.3192787497096"
"2","0.1","true","false","false","true","36","7.06","1363.4169971595966"
"6","0.5","true","false","false","true","39","9.544","653.1796664866927"
"9","0.8","true","false","false","true","41","9.892","431.3037938274269"
"8","0.7","true","false","false","true","43","10.732","478.07548176590296"
"7","0.6","true","false","false","true","39","9.948","577.3449037688453"
"3","0.2","true","false","false","true","39","7.82","1176.1330766948863"
"5","0.4","true","false","false","true","37","9.016","770.4048769790488"
"6","0.5","true","false","false","true","40","9.68","650.080329668237"
"4","0.3","true","false","false","true","39","8.672","959.3646941907425"
"2","0.1","true","false","false","true","37","7.064","1369.7684164224156"
"9","0.8","true","false","false","true","42","10.016","433.1449577848423"
"1","0","true","false","false","true","22","6.468","1391.4516881297313"
"8","0.7","true","false","false","true","44","10.96","477.04580311056014"
"3","0.2","true","false","false","true","40","7.808","1174.4211247456137"
"7","0.6","true","false","false","true","40","9.944","575.2592080539135"
"5","0.4","true","false","false","true","38","9.02","774.9438755944508"
"9","0.8","true","false","false","true","43","10.12","433.0880997833808"
"6","0.5","true","false","false","true","41","9.724","649.1786131124959"
"2","0.1","true","false","false","true","38","6.984","1376.6351915706384"
"4","0.3","true","false","false","true","40","8.62","961.836606952721"
"7","0.6","true","false","false","true","41","10.116","578.0210697010099"
"8","0.7","true","false","false","true","45","11.04","475.7876897285156"
"3","0.2","true","false","false","true","41","7.776","1169.9232620032874"
"1","0","true","false","false","true","23","6.276","1396.0266192922184"
"5","0.4","true","false","false","true","39","9.176","777.7498635719278"
"9","0.8","true","false","false","true","44","10.096","433.8923060417293"
"8","0.7","true","false","false","true","46","11.04","473.18536044321064"
"6","0.5","true","false","false","true","42","9.628","647.4381676096979"
"2","0.1","true","false","false","true","39","6.948","1372.1285784679937"
"7","0.6","true","false","false","true","42","10.216","572.4783270207091"
"3","0.2","true","false","false","true","42","7.808","1176.042785193789"
"4","0.3","true","false","false","true","41","8.824","962.0641366910445"
"1","0","true","false","false","true","24","6.372","1395.4292994051675"
"5","0.4","true","false","false","true","40","9.04","777.0266042081649"
"1","0","true","false","false","true","25","6.472","1407.2486418739059"
"9","0.8","true","false","false","true","45","10.108","433.1470307293046"
"8","0.7","true","false","false","true","47","10.908","472.891029534922"
"6","0.5","true","false","false","true","43","9.732","649.3631570254311"
"4","0.3","true","false","false","true","42","8.876","961.4326327486119"
"7","0.6","true","false","false","true","43","10.488","568.8897178446733"
"2","0.1","true","false","false","true","40","7.024","1381.5038926091618"
"3","0.2","true","false","false","true","43","7.988","1182.4179865265546"
"5","0.4","true","false","false","true","41","9.252","780.5972817729082"
"1","0","true","false","false","true","26","6.428","1416.8698795187897"
"7","0.6","true","false","false","true","44","10.396","568.1359951841077"
"8","0.7","true","false","false","true","48","11.052","472.64714898865236"
"9","0.8","true","false","false","true","46","9.98","433.08456177009356"
"3","0.2","true","false","false","true","44","7.976","1173.8722602013115"
"6","0.5","true","false","false","true","44","9.832","647.7345914981277"
"1","0","true","false","false","true","27","6.384","1419.4487623452426"
"2","0.1","true","false","false","true","41","7.016","1382.6978129949255"
"4","0.3","true","false","false","true","43","9","963.141332779087"
"5","0.4","true","false","false","true","42","9.22","777.4873046673729"
"1","0","true","false","false","true","28","6.408","1429.7244804428406"
"9","0.8","true","false","false","true","47","10.14","431.9393999506402"
"7","0.6","true","false","false","true","45","10.528","568.4282798351372"
"3","0.2","true","false","false","true","45","7.96","1170.34306367542"
"8","0.7","true","false","false","true","49","11.312","471.0336587072752"
"5","0.4","true","false","false","true","43","9.404","776.1910232038366"
"1","0","true","false","false","true","29","6.376","1450.4782746080298"
"6","0.5","true","false","false","true","45","10.008","645.154866538054"
"4","0.3","true","false","false","true","44","9.064","969.277952587776"
"9","0.8","true","false","false","true","48","9.996","430.04467278507"
"2","0.1","true","false","false","true","42","7.02","1386.3065559566535"
"7","0.6","true","false","false","true","46","10.616","570.1901221407301"
"8","0.7","true","false","false","true","50","11.152","470.75409797179066"
"3","0.2","true","false","false","true","46","7.824","1165.8157806379725"
"1","0","true","false","false","true","30","6.368","1450.1013058478259"
"6","0.5","true","false","false","true","46","10.132","647.4153030648192"
"5","0.4","true","false","false","true","44","9.452","776.3675047943123"
"9","0.8","true","false","false","true","49","10.064","431.55821872859997"
"7","0.6","true","false","false","true","47","10.708","568.6446714610935"
"4","0.3","true","false","false","true","45","9.192","970.4336307151221"
"2","0.1","true","false","false","true","43","7.06","1404.4467792493388"
"8","0.7","true","false","false","true","51","11.028","468.5337480566771"
"3","0.2","true","false","false","true","47","7.988","1170.4900914743298"
"9","0.8","true","false","false","true","50","10.172","432.1637841266323"
"1","0","true","false","false","true","31","6.352","1458.1581738919929"
"7","0.6","true","false","false","true","48","10.592","567.1641608342909"
"1","0","true","false","false","true","32","6.264","1464.6410372453663"
"6","0.5","true","false","false","true","47","10.092","644.003370903336"
"5","0.4","true","false","false","true","45","9.264","774.2841695630779"
"9","0.8","true","false","false","true","51","10.036","430.1301647863985"
"2","0.1","true","false","false","true","44","6.976","1404.2252914677997"
"4","0.3","true","false","false","true","46","9.28","968.8281141593222"
"8","0.7","true","false","false","true","52","11.076","468.97147983220196"
"1","0","true","false","false","true","33","6.348","1456.9518995231933"
"3","0.2","true","false","false","true","48","8","1174.5750800063224"
"7","0.6","true","false","false","true","49","10.632","562.2665141231967"
"6","0.5","true","false","false","true","48","10.24","641.255715728224"
"8","0.7","true","false","false","true","53","11.204","469.03763510371465"
"5","0.4","true","false","false","true","46","9.372","773.2795954717446"
"9","0.8","true","false","false","true","52","10.108","431.3085597559938"
"1","0","true","false","false","true","34","6.488","1464.6448459136805"
"2","0.1","true","false","false","true","45","7.084","1401.50365866796"
"4","0.3","true","false","false","true","47","9.424","966.8745902598341"
"7","0.6","true","false","false","true","50","10.708","565.3420764533663"
"3","0.2","true","false","false","true","49","8","1179.3289391208789"
"1","0","true","false","false","true","35","6.512","1478.1323720481396"
"8","0.7","true","false","false","true","54","11.264","469.6265206265087"
"5","0.4","true","false","false","true","47","9.696","773.2590410178931"
"6","0.5","true","false","false","true","49","10.4","641.5007067953345"
"9","0.8","true","false","false","true","53","10.036","430.0093278928785"
"1","0","true","false","false","true","36","6.404","1482.5697507156672"
"7","0.6","true","false","false","true","51","10.744","563.5760630620605"
"2","0.1","true","false","false","true","46","6.988","1419.1004533044324"
"4","0.3","true","false","false","true","48","9.496","970.9496164950829"
"8","0.7","true","false","false","true","55","11.18","469.8194816499283"
"6","0.5","true","false","false","true","50","10.556","641.7990785867806"
"9","0.8","true","false","false","true","54","10.124","430.98623540884273"
"5","0.4","true","false","false","true","48","9.624","774.0200844845452"
"3","0.2","true","false","false","true","50","7.868","1175.3399381292859"
"1","0","true","false","false","true","37","6.4","1486.8198474313583"
"6","0.5","true","false","false","true","51","10.452","640.0229044873286"
"7","0.6","true","false","false","true","52","10.716","566.5991767669902"
"8","0.7","true","false","false","true","56","11.152","471.1076636491067"
"1","0","true","false","false","true","38","6.376","1486.1716106445372"
"2","0.1","true","false","false","true","47","6.92","1418.620621360789"
"9","0.8","true","false","false","true","55","10.376","430.34185118618603"
"4","0.3","true","false","false","true","49","9.512","973.0034742216633"
"5","0.4","true","false","false","true","49","9.804","771.1655078751367"
"3","0.2","true","false","false","true","51","7.904","1177.2280154404928"
"6","0.5","true","false","false","true","52","10.54","637.167619360602"
"1","0","true","false","false","true","39","6.204","1485.2243467696646"
"8","0.7","true","false","false","true","57","11.284","471.78099005819985"
"7","0.6","true","false","false","true","53","10.612","564.5960060555377"
"9","0.8","true","false","false","true","56","10.236","431.73250899753754"
"2","0.1","true","false","false","true","48","7.112","1417.9249451891367"
"5","0.4","true","false","false","true","50","9.74","774.2106102654396"
"4","0.3","true","false","false","true","50","9.6","970.4256538634638"
"1","0","true","false","false","true","40","6.336","1510.1037781467767"
"3","0.2","true","false","false","true","52","8.072","1177.8778180652905"
"6","0.5","true","false","false","true","53","10.876","635.8509924751437"
"8","0.7","true","false","false","true","58","11.128","469.41021500359795"
"7","0.6","true","false","false","true","54","10.676","566.3659091143317"
"9","0.8","true","false","false","true","57","10.272","431.4738377354752"
"1","0","true","false","false","true","41","6.184","1517.3834876154494"
"5","0.4","true","false","false","true","51","10.004","773.6053559426408"
"4","0.3","true","false","false","true","51","9.612","967.1669637565249"
"2","0.1","true","false","false","true","49","6.996","1417.9575538787108"
"6","0.5","true","false","false","true","54","10.688","633.0546720308116"
"8","0.7","true","false","false","true","59","11.276","470.91315789095364"
"7","0.6","true","false","false","true","55","10.864","563.8060083446917"
"9","0.8","true","false","false","true","58","10.32","430.9800909856908"
"3","0.2","true","false","false","true","53","8.024","1169.5260349019918"
"1","0","true","false","false","true","42","6.344","1522.6734056939881"
"5","0.4","true","false","false","true","52","9.912","767.718051405144"
"9","0.8","true","false","false","true","59","10.328","432.91617599238435"
"8","0.7","true","false","false","true","60","11.308","468.9628598809332"
"4","0.3","true","false","false","true","52","9.62","959.5535271133019"
"7","0.6","true","false","false","true","56","10.676","565.6843308913329"
"1","0","true","false","false","true","43","6.3","1520.333823221186"
"2","0.1","true","false","false","true","50","7.116","1425.9411932297774"
"6","0.5","true","false","false","true","55","10.86","633.2760259382102"
"3","0.2","true","false","false","true","54","8.128","1168.5552792048613"
"8","0.7","true","false","false","true","61","11.272","470.3602550714816"
"9","0.8","true","false","false","true","60","10.396","431.28816583206816"
"1","0","true","false","false","true","44","6.432","1538.9693668981167"
"7","0.6","true","false","false","true","57","10.828","564.5752502084545"
"5","0.4","true","false","false","true","53","10.268","763.9413053211193"
"4","0.3","true","false","false","true","53","9.656","955.1496653173472"
"2","0.1","true","false","false","true","51","7.128","1414.0349751919948"
"6","0.5","true","false","false","true","56","10.964","629.6318397482602"
"8","0.7","true","false","false","true","62","11.388","469.98687685134837"
"9","0.8","true","false","false","true","61","10.32","432.37274022291314"
"3","0.2","true","false","false","true","55","8.184","1174.7232691012036"
"1","0","true","false","false","true","45","6.392","1558.8969513563504"
"7","0.6","true","false","false","true","58","10.72","564.802991394203"
"5","0.4","true","false","false","true","54","10.2","759.2658392452313"
"4","0.3","true","false","false","true","54","9.784","951.7123500582488"
"6","0.5","true","false","false","true","57","10.748","628.6314165363766"
"1","0","true","false","false","true","46","6.364","1560.6563508168006"
"9","0.8","true","false","false","true","62","10.432","432.07731349506236"
"8","0.7","true","false","false","true","63","11.288","470.0032321770791"
"2","0.1","true","false","false","true","52","7.128","1403.8192101488667"
"7","0.6","true","false","false","true","59","10.98","563.2076996786996"
"3","0.2","true","false","false","true","56","8.316","1172.7991748596453"
"5","0.4","true","false","false","true","55","10.328","763.4516963213101"
"6","0.5","true","false","false","true","58","10.884","623.9616053031461"
"1","0","true","false","false","true","47","6.42","1558.8354215951088"
"4","0.3","true","false","false","true","55","9.664","951.011595968825"
"9","0.8","true","false","false","true","63","10.396","434.0884438934407"
"8","0.7","true","false","false","true","64","11.48","469.3208519184609"
"7","0.6","true","false","false","true","60","10.864","560.7048567522259"
"2","0.1","true","false","false","true","53","7.096","1414.8268784501067"
"5","0.4","true","false","false","true","56","10.368","760.2428859332381"
"6","0.5","true","false","false","true","59","10.968","627.4346446945631"
"3","0.2","true","false","false","true","57","8.288","1173.3959427923157"
"1","0","true","false","false","true","48","6.444","1558.5141251614068"
"8","0.7","true","false","false","true","65","11.428","469.6100459389771"
"9","0.8","true","false","false","true","64","10.32","433.3048405358704"
"4","0.3","true","false","false","true","56","9.848","950.8530624645422"
"7","0.6","true","false","false","true","61","10.756","561.7934269403443"
"1","0","true","false","false","true","49","6.52","1561.840882673297"
"5","0.4","true","false","false","true","57","10.484","760.494786567817"
"2","0.1","true","false","false","true","54","7.136","1421.2405904090692"
"8","0.7","true","false","false","true","66","11.644","471.9785337198038"
"9","0.8","true","false","false","true","65","10.58","432.68893646124707"
"6","0.5","true","false","false","true","60","10.908","626.1017614766732"
"1","0","true","false","false","true","50","6.556","1567.1577359949931"
"3","0.2","true","false","false","true","58","8.28","1171.3158757575225"
"4","0.3","true","false","false","true","57","9.888","954.5507317669791"
"7","0.6","true","false","false","true","62","10.992","560.7230124979284"
"9","0.8","true","false","false","true","66","10.488","431.5873191960308"
"8","0.7","true","false","false","true","67","11.544","472.12979726148853"
"5","0.4","true","false","false","true","58","10.44","761.1050979265698"
"1","0","true","false","false","true","51","6.424","1566.2251699561814"
"6","0.5","true","false","false","true","61","11.156","629.1837379450066"
"2","0.1","true","false","false","true","55","7.224","1431.76858534071"
"3","0.2","true","false","false","true","59","8.464","1170.5923086511064"
"7","0.6","true","false","false","true","63","11.028","560.0740064305705"
"4","0.3","true","false","false","true","58","9.972","957.9046865724981"
"9","0.8","true","false","false","true","67","10.608","431.80614080457934"
"1","0","true","false","false","true","52","6.444","1576.4955075999976"
"8","0.7","true","false","false","true","68","11.456","470.87023385111644"
"5","0.4","true","false","false","true","59","10.404","761.9376991062161"
"6","0.5","true","false","false","true","62","11.108","626.2435396378274"
"2","0.1","true","false","false","true","56","7.112","1435.191324210395"
"3","0.2","true","false","false","true","60","8.464","1170.3469584538102"
"1","0","true","false","false","true","53","6.332","1589.7427634423748"
"8","0.7","true","false","false","true","69","11.54","471.80184639383367"
"9","0.8","true","false","false","true","68","10.588","433.49136060164443"
"7","0.6","true","false","false","true","64","10.964","559.5277857832893"
"4","0.3","true","false","false","true","59","10.112","945.9611352838773"
"6","0.5","true","false","false","true","63","11.2","626.4183697044517"
"5","0.4","true","false","false","true","60","10.58","763.3866900226311"
"8","0.7","true","false","false","true","70","11.708","471.17169289901915"
"1","0","true","false","false","true","54","6.468","1579.9699476498388"
"9","0.8","true","false","false","true","69","10.416","435.8456862733992"
"7","0.6","true","false","false","true","65","11.032","559.041673819647"
"2","0.1","true","false","false","true","57","7.272","1436.6876659474276"
"3","0.2","true","false","false","true","61","8.528","1172.8116350492116"
"4","0.3","true","false","false","true","60","10.1","945.5830150357658"
"6","0.5","true","false","false","true","64","11.428","623.4673839324911"
"5","0.4","true","false","false","true","61","10.396","765.9154860441336"
"1","0","true","false","false","true","55","6.504","1576.5691054212386"
"8","0.7","true","false","false","true","71","11.712","470.0390370443661"
"9","0.8","true","false","false","true","70","10.48","434.4791533176613"
"7","0.6","true","false","false","true","66","11","558.0323277289243"
"2","0.1","true","false","false","true","58","7.192","1439.725316687369"
"1","0","true","false","false","true","56","6.512","1574.6532109973405"
"8","0.7","true","false","false","true","72","11.832","470.24693895531755"
"3","0.2","true","false","false","true","62","8.528","1170.057446205577"
"4","0.3","true","false","false","true","61","10.32","942.7248530483388"
"6","0.5","true","false","false","true","65","11.228","622.5840070068679"
"5","0.4","true","false","false","true","62","10.516","758.019774091303"
"9","0.8","true","false","false","true","71","10.392","435.01439086254305"
"7","0.6","true","false","false","true","67","11.12","557.2065707572257"
"1","0","true","false","false","true","57","6.524","1570.1467478231318"
"8","0.7","true","false","false","true","73","11.72","470.9299616849152"
"6","0.5","true","false","false","true","66","11.216","623.5802142515229"
"9","0.8","true","false","false","true","72","10.7","435.60363487998785"
"2","0.1","true","false","false","true","59","7.296","1449.9000157286782"
"3","0.2","true","false","false","true","63","8.572","1168.9681461206283"
"4","0.3","true","false","false","true","62","10.54","936.298928254079"
"5","0.4","true","false","false","true","63","10.612","756.7505323592076"
"7","0.6","true","false","false","true","68","11.04","559.634625250752"
"1","0","true","false","false","true","58","6.456","1579.0235181233122"
"8","0.7","true","false","false","true","74","11.784","471.1000947034247"
"9","0.8","true","false","false","true","73","10.56","434.8709664362287"
"6","0.5","true","false","false","true","67","11.376","622.8743969787776"
"7","0.6","true","false","false","true","69","11.1","558.6272881101711"
"3","0.2","true","false","false","true","64","8.564","1161.935272743096"
"2","0.1","true","false","false","true","60","7.268","1449.5608192425761"
"5","0.4","true","false","false","true","64","10.696","753.5509424056713"
"8","0.7","true","false","false","true","75","11.792","472.0144810032284"
"4","0.3","true","false","false","true","63","10.456","934.7553487847458"
"1","0","true","false","false","true","59","6.488","1590.5109741741862"
"9","0.8","true","false","false","true","74","10.736","434.5248271059361"
"6","0.5","true","false","false","true","68","11.384","623.5774125214175"
"8","0.7","true","false","false","true","76","11.804","472.3037849906967"
"7","0.6","true","false","false","true","70","11.156","556.4345414044641"
"1","0","true","false","false","true","60","6.484","1588.9966254921858"
"4","0.3","true","false","false","true","64","10.544","929.4318317058107"
"5","0.4","true","false","false","true","65","10.924","754.39750808392"
"3","0.2","true","false","false","true","65","8.576","1158.0189760897022"
"2","0.1","true","false","false","true","61","7.18","1452.6193883126489"
"9","0.8","true","false","false","true","75","10.784","434.54285913449456"
"8","0.7","true","false","false","true","77","11.916","471.8148307569368"
"6","0.5","true","false","false","true","69","11.372","621.7657311185567"
"7","0.6","true","false","false","true","71","11.148","558.5656872419854"
"1","0","true","false","false","true","61","6.468","1563.2452278824894"
"9","0.8","true","false","false","true","76","10.804","434.9865607112328"
"4","0.3","true","false","false","true","65","10.592","930.3259344640041"
"5","0.4","true","false","false","true","66","10.98","753.5057783585364"
"8","0.7","true","false","false","true","78","12.152","472.4353992067414"
"1","0","true","false","false","true","62","6.404","1572.5675602582148"
"3","0.2","true","false","false","true","66","8.492","1155.388776155084"
"2","0.1","true","false","false","true","62","7.116","1441.364706875599"
"6","0.5","true","false","false","true","70","11.456","618.2799911769354"
"7","0.6","true","false","false","true","72","11.068","558.0787615169529"
"9","0.8","true","false","false","true","77","10.68","434.6328282097459"
"5","0.4","true","false","false","true","67","10.908","754.5120243242832"
"1","0","true","false","false","true","63","6.516","1569.4591912213436"
"4","0.3","true","false","false","true","66","10.708","927.8826381695194"
"8","0.7","true","false","false","true","79","12.156","472.1972418033855"
"7","0.6","true","false","false","true","73","11.212","557.706515316322"
"9","0.8","true","false","false","true","78","10.668","433.4024695573343"
"3","0.2","true","false","false","true","67","8.716","1149.0399644127167"
"6","0.5","true","false","false","true","71","11.528","620.1971951135121"
"2","0.1","true","false","false","true","63","7.112","1442.3097044696724"
"8","0.7","true","false","false","true","80","12.196","473.87270409530737"
"1","0","true","false","false","true","64","6.492","1579.661146192758"
"5","0.4","true","false","false","true","68","11.208","753.3277872125734"
"4","0.3","true","false","false","true","67","10.836","923.6872343274459"
"9","0.8","true","false","false","true","79","10.752","432.93305086831185"
"1","0","true","false","false","true","65","6.484","1578.270192379242"
"7","0.6","true","false","false","true","74","11.044","557.8498423111104"
"6","0.5","true","false","false","true","72","11.828","618.375284765269"
"8","0.7","true","false","false","true","81","12.008","473.6776930331168"
"3","0.2","true","false","false","true","68","8.684","1139.9520744443955"
"2","0.1","true","false","false","true","64","7.06","1441.9667063072143"
"1","0","true","false","false","true","66","6.528","1577.8710090451434"
"5","0.4","true","false","false","true","69","11.196","748.1653913404847"
"9","0.8","true","false","false","true","80","10.76","433.3275598800512"
"8","0.7","true","false","false","true","82","12.132","475.559720083737"
"4","0.3","true","false","false","true","68","11.136","920.5072353973998"
"7","0.6","true","false","false","true","75","11.124","558.7560141177657"
"6","0.5","true","false","false","true","73","11.86","616.4222033320781"
"1","0","true","false","false","true","67","6.604","1579.8002049753902"
"9","0.8","true","false","false","true","81","10.792","435.1196783267601"
"3","0.2","true","false","false","true","69","8.892","1140.1120906149085"
"5","0.4","true","false","false","true","70","11.112","744.960250150021"
"2","0.1","true","false","false","true","65","7.232","1437.0289273817737"
"8","0.7","true","false","false","true","83","12.284","472.90664844876073"
"7","0.6","true","false","false","true","76","11.016","558.1003404258635"
"6","0.5","true","false","false","true","74","11.928","616.1398006619031"
"4","0.3","true","false","false","true","69","11.216","915.7113379444597"
"1","0","true","false","false","true","68","6.548","1576.1990699838432"
"9","0.8","true","false","false","true","82","10.78","434.9757478498319"
"5","0.4","true","false","false","true","71","10.964","742.3413762113087"
"8","0.7","true","false","false","true","84","12.324","473.88632535441457"
"1","0","true","false","false","true","69","6.552","1575.6693080074438"
"3","0.2","true","false","false","true","70","8.924","1143.1051521504544"
"6","0.5","true","false","false","true","75","11.948","614.9873828249694"
"7","0.6","true","false","false","true","77","11.092","556.9640655709773"
"2","0.1","true","false","false","true","66","7.212","1439.6578771942059"
"9","0.8","true","false","false","true","83","10.696","435.06984898760294"
"4","0.3","true","false","false","true","70","11.168","914.7817320238873"
"1","0","true","false","false","true","70","6.532","1577.8334210019534"
"8","0.7","true","false","false","true","85","12.488","473.0376898292493"
"5","0.4","true","false","false","true","72","10.956","743.7926602602688"
"6","0.5","true","false","false","true","76","11.716","615.2095032845198"
"7","0.6","true","false","false","true","78","11.38","554.7069915945838"
"1","0","true","false","false","true","71","6.556","1589.7311113662176"
"9","0.8","true","false","false","true","84","10.668","435.00464935635335"
"3","0.2","true","false","false","true","71","9.024","1138.9842822323812"
"4","0.3","true","false","false","true","71","11.212","911.6665211778289"
"2","0.1","true","false","false","true","67","7.264","1426.5256311343915"
"8","0.7","true","false","false","true","86","12.436","475.18507709939774"
"5","0.4","true","false","false","true","73","11.116","741.5811673175428"
"7","0.6","true","false","false","true","79","11.324","552.6741868328808"
"1","0","true","false","false","true","72","6.572","1592.4059842654606"
"6","0.5","true","false","false","true","77","11.74","615.8568537238917"
"9","0.8","true","false","false","true","85","10.796","435.32355607940605"
"8","0.7","true","false","false","true","87","12.232","476.57931546687865"
"3","0.2","true","false","false","true","72","9.152","1135.5226188446584"
"1","0","true","false","false","true","73","6.58","1594.2316590605594"
"4","0.3","true","false","false","true","72","11.388","909.665325675595"
"2","0.1","true","false","false","true","68","7.336","1421.7633260533505"
"7","0.6","true","false","false","true","80","11.496","551.0687306704103"
"5","0.4","true","false","false","true","74","11.184","740.1234800533912"
"9","0.8","true","false","false","true","86","10.804","433.604890778477"
"6","0.5","true","false","false","true","78","11.972","614.8449260856328"
"8","0.7","true","false","false","true","88","12.2","476.62997518714786"
"1","0","true","false","false","true","74","6.612","1590.5442529274947"
"8","0.7","true","false","false","true","89","12.308","476.5432631126717"
"4","0.3","true","false","false","true","73","11.58","911.2800749098757"
"9","0.8","true","false","false","true","87","10.752","435.6630016250945"
"3","0.2","true","false","false","true","73","9.2","1139.4321747845247"
"2","0.1","true","false","false","true","69","7.34","1423.1756944297656"
"7","0.6","true","false","false","true","81","11.624","550.0898071628854"
"5","0.4","true","false","false","true","75","11.232","737.3763405216804"
"6","0.5","true","false","false","true","79","11.98","613.1967860901342"
"8","0.7","true","false","false","true","90","12.408","474.9220043664746"
"1","0","true","false","false","true","75","6.62","1588.023334133937"
"4","0.3","true","false","false","true","74","11.684","910.8145464444268"
"9","0.8","true","false","false","true","88","10.6","437.00512327612364"
"1","0","true","false","false","true","76","6.504","1583.0146146040572"
"5","0.4","true","false","false","true","76","11.256","731.754958309632"
"7","0.6","true","false","false","true","82","11.668","554.4174313859222"
"3","0.2","true","false","false","true","74","9.28","1137.7708495811432"
"6","0.5","true","false","false","true","80","12.044","613.4965307296246"
"2","0.1","true","false","false","true","70","7.36","1416.6995708487807"
"8","0.7","true","false","false","true","91","12.54","475.9434980352433"
"4","0.3","true","false","false","true","75","11.728","906.4006754063537"
"1","0","true","false","false","true","77","6.6","1588.3987157529182"
"9","0.8","true","false","false","true","89","10.716","435.8676686487406"
"6","0.5","true","false","false","true","81","12.112","613.7527284772185"
"7","0.6","true","false","false","true","83","11.424","555.0486989396536"
"5","0.4","true","false","false","true","77","11.352","732.3411104080163"
"1","0","true","false","false","true","78","6.684","1574.4425481425062"
"3","0.2","true","false","false","true","75","9.304","1130.102954890518"
"2","0.1","true","false","false","true","71","7.364","1422.7975944693667"
"8","0.7","true","false","false","true","92","12.328","474.7369776587489"
"9","0.8","true","false","false","true","90","10.932","436.2032616094696"
"4","0.3","true","false","false","true","76","11.772","900.4527666041167"
"1","0","true","false","false","true","79","6.56","1583.7151145333412"
"8","0.7","true","false","false","true","93","12.42","474.7199002171166"
"6","0.5","true","false","false","true","82","12.184","615.0226317241046"
"7","0.6","true","false","false","true","84","11.536","556.4962837717445"
"9","0.8","true","false","false","true","91","10.932","433.5808652551573"
"2","0.1","true","false","false","true","72","7.268","1428.4424884035882"
"5","0.4","true","false","false","true","78","11.576","729.5994073719138"
"3","0.2","true","false","false","true","76","9.492","1132.8267102627444"
"1","0","true","false","false","true","80","6.536","1581.5467329909538"
"4","0.3","true","false","false","true","77","11.928","896.4043402092127"
"8","0.7","true","false","false","true","94","12.372","474.4537318847493"
"9","0.8","true","false","false","true","92","10.868","435.5854599628339"
"1","0","true","false","false","true","81","6.608","1590.551035534163"
"6","0.5","true","false","false","true","83","12.02","612.9963244271466"
"7","0.6","true","false","false","true","85","11.608","554.3323975012387"
"2","0.1","true","false","false","true","73","7.2","1420.8773187829875"
"5","0.4","true","false","false","true","79","11.54","727.0186544386872"
"3","0.2","true","false","false","true","77","9.512","1130.715432995677"
"8","0.7","true","false","false","true","95","12.224","473.00985297547567"
"1","0","true","false","false","true","82","6.628","1588.239355083817"
"9","0.8","true","false","false","true","93","10.852","434.2932671475717"
"4","0.3","true","false","false","true","78","11.868","894.5044923821118"
"2","0.1","true","false","false","true","74","7.328","1412.8406810890854"
"7","0.6","true","false","false","true","86","11.804","553.3640792159297"
"6","0.5","true","false","false","true","84","12.216","609.7411843940457"
"5","0.4","true","false","false","true","80","11.684","728.5989711354674"
"1","0","true","false","false","true","83","6.624","1592.99866709328"
"8","0.7","true","false","false","true","96","12.352","472.688884573441"
"3","0.2","true","false","false","true","78","9.46","1134.011277849986"
"9","0.8","true","false","false","true","94","10.948","435.1689891657204"
"2","0.1","true","false","false","true","75","7.336","1411.5020569160552"
"1","0","true","false","false","true","84","6.58","1595.6542373177547"
"5","0.4","true","false","false","true","81","11.596","724.9256160063918"
"7","0.6","true","false","false","true","87","11.456","552.5819479566546"
"4","0.3","true","false","false","true","79","11.972","892.9077216825644"
"6","0.5","true","false","false","true","85","12.156","606.6407858384189"
"8","0.7","true","false","false","true","97","12.5","472.53880147202096"
"5","0.4","true","false","false","true","82","11.928","723.822000759691"
"1","0","true","false","false","true","85","6.636","1593.4516877759022"
"9","0.8","true","false","false","true","95","11.072","434.3757081690267"
"3","0.2","true","false","false","true","79","9.524","1132.0477952982023"
"7","0.6","true","false","false","true","88","11.584","551.5717548466273"
"2","0.1","true","false","false","true","76","7.384","1408.9011206768487"
"4","0.3","true","false","false","true","80","12.148","891.0629226390128"
"8","0.7","true","false","false","true","98","12.484","473.559441026962"
"5","0.4","true","false","false","true","83","11.788","721.9050012541105"
"1","0","true","false","false","true","86","6.612","1582.3624272898055"
"6","0.5","true","false","false","true","86","12.368","606.6656475513419"
"9","0.8","true","false","false","true","96","10.8","434.9798226368983"
"2","0.1","true","false","false","true","77","7.496","1406.0278115573683"
"7","0.6","true","false","false","true","89","11.692","551.6826846302152"
"4","0.3","true","false","false","true","81","12.112","886.9700745722735"
"3","0.2","true","false","false","true","80","9.38","1125.3408223600911"
"8","0.7","true","false","false","true","99","12.42","472.2989321583617"
"2","0.1","true","false","false","true","78","7.508","1403.6203317722545"
"1","0","true","false","false","true","87","6.66","1570.8317944425842"
"9","0.8","true","false","false","true","97","10.904","432.9127674347996"
"7","0.6","true","false","false","true","90","11.776","551.1594079122266"
"5","0.4","true","false","false","true","84","12","721.7721626995553"
"6","0.5","true","false","false","true","87","12.444","607.4221023486606"
"4","0.3","true","false","false","true","82","12.244","888.7585786365433"
"8","0.7","true","false","false","true","100","12.428","473.5336879801649"
"1","0","true","false","false","true","88","6.724","1567.8841024430433"
"2","0.1","true","false","false","true","79","7.464","1403.6415293319121"
"9","0.8","true","false","false","true","98","10.956","432.9243303058459"
"3","0.2","true","false","false","true","81","9.56","1122.037934127928"
"5","0.4","true","false","false","true","85","11.804","720.901533566532"
"7","0.6","true","false","false","true","91","11.788","548.848253322109"
"6","0.5","true","false","false","true","88","12.456","606.1557714099382"
"1","0","true","false","false","true","89","6.804","1563.8925778650373"
"4","0.3","true","false","false","true","83","12.348","889.9969541860814"
"8","0.7","true","false","false","true","101","12.536","472.80510359869515"
"5","0.4","true","false","false","true","86","12.024","721.4056541295661"
"9","0.8","true","false","false","true","99","10.98","432.84432441158435"
"2","0.1","true","false","false","true","80","7.5","1412.3960042596907"
"7","0.6","true","false","false","true","92","11.812","551.2579495918891"
"3","0.2","true","false","false","true","82","9.52","1118.8230278290312"
"1","0","true","false","false","true","90","6.724","1566.8623267109879"
"6","0.5","true","false","false","true","89","12.544","606.6085727290257"
"4","0.3","true","false","false","true","84","12.348","888.1726213411306"
"8","0.7","true","false","false","true","102","12.48","474.2598045245364"
"9","0.8","true","false","false","true","100","10.888","432.88521815661466"
"5","0.4","true","false","false","true","87","11.968","721.580710255719"
"1","0","true","false","false","true","91","6.584","1565.9728423808733"
"3","0.2","true","false","false","true","83","9.564","1115.3577136990502"
"7","0.6","true","false","false","true","93","11.764","551.5912510931497"
"2","0.1","true","false","false","true","81","7.5","1420.14123371852"
"8","0.7","true","false","false","true","103","12.616","472.08196171594034"
"6","0.5","true","false","false","true","90","12.58","608.8179703136881"
"4","0.3","true","false","false","true","85","12.336","889.8786884943609"
"1","0","true","false","false","true","92","6.672","1562.5098159996885"
"9","0.8","true","false","false","true","101","11.088","433.0402085275356"
"5","0.4","true","false","false","true","88","11.844","723.5154107933848"
"8","0.7","true","false","false","true","104","12.636","473.1512272080732"
"3","0.2","true","false","false","true","84","9.584","1108.9175938903777"
"7","0.6","true","false","false","true","94","11.6","550.3210196945532"
"1","0","true","false","false","true","93","6.556","1570.0443856094187"
"6","0.5","true","false","false","true","91","12.812","610.6476791449803"
"9","0.8","true","false","false","true","102","11.048","432.66265161940044"
"2","0.1","true","false","false","true","82","7.564","1416.8902320668078"
"8","0.7","true","false","false","true","105","12.764","472.5226762004547"
"4","0.3","true","false","false","true","86","12.656","883.8208021084417"
"7","0.6","true","false","false","true","95","11.708","548.0361022158786"
"5","0.4","true","false","false","true","89","12.012","722.0277507589515"
"1","0","true","false","false","true","94","6.512","1567.3746160202365"
"9","0.8","true","false","false","true","103","11.012","433.94697131113696"
"3","0.2","true","false","false","true","85","9.704","1111.3763187832403"
"6","0.5","true","false","false","true","92","12.876","607.0860247996955"
"7","0.6","true","false","false","true","96","11.764","548.4127235918539"
"1","0","true","false","false","true","95","6.504","1563.0270969743883"
"8","0.7","true","false","false","true","106","12.628","472.6939195903035"
"5","0.4","true","false","false","true","90","12.048","719.0831844997839"
"9","0.8","true","false","false","true","104","11.124","433.1709396110211"
"2","0.1","true","false","false","true","83","7.652","1421.0843626202193"
"4","0.3","true","false","false","true","87","12.388","885.0478504092504"
"1","0","true","false","false","true","96","6.528","1561.8181594488287"
"6","0.5","true","false","false","true","93","12.84","607.760829551558"
"5","0.4","true","false","false","true","91","12.036","721.7006741128138"
"7","0.6","true","false","false","true","97","11.688","545.2092568170696"
"3","0.2","true","false","false","true","86","9.704","1110.6834366557428"
"8","0.7","true","false","false","true","107","12.836","472.4300161966023"
"9","0.8","true","false","false","true","105","11.056","433.8873186056911"
"6","0.5","true","false","false","true","94","12.916","607.6122339230935"
"1","0","true","false","false","true","97","6.672","1564.3487390658877"
"2","0.1","true","false","false","true","84","7.616","1419.3771545716052"
"4","0.3","true","false","false","true","88","12.604","873.9292721860178"
"5","0.4","true","false","false","true","92","12.428","721.482118849149"
"7","0.6","true","false","false","true","98","11.612","545.2024733402525"
"8","0.7","true","false","false","true","108","12.84","471.03940869984285"
"9","0.8","true","false","false","true","106","11.048","433.6413806251776"
"6","0.5","true","false","false","true","95","12.9","604.9748217057407"
"1","0","true","false","false","true","98","6.596","1568.913847151405"
"3","0.2","true","false","false","true","87","9.696","1103.6636596324834"
"2","0.1","true","false","false","true","85","7.728","1418.0901255858817"
"1","0","true","false","false","true","99","6.556","1567.477132529227"
"4","0.3","true","false","false","true","89","12.644","875.4947778677074"
"8","0.7","true","false","false","true","109","13.044","470.2341065511713"
"5","0.4","true","false","false","true","93","12.384","718.469492802771"
"7","0.6","true","false","false","true","99","11.736","545.6396724679182"
"9","0.8","true","false","false","true","107","11.056","433.7382252791665"
"6","0.5","true","false","false","true","96","13.068","603.5075013694724"
"2","0.1","true","false","false","true","86","7.696","1421.2641612221905"
"3","0.2","true","false","false","true","88","9.676","1108.9433679396764"
"1","0","true","false","false","true","100","6.596","1563.3507462506684"
"8","0.7","true","false","false","true","110","13.236","469.2372652259673"
"4","0.3","true","false","false","true","90","12.616","873.7276195977512"
"9","0.8","true","false","false","true","108","11.064","434.11482315532305"
"7","0.6","true","false","false","true","100","11.936","547.5945822908933"
"5","0.4","true","false","false","true","94","12.404","714.5213744198293"
"6","0.5","true","false","false","true","97","13.128","603.0339070587252"
"1","0","true","false","false","true","101","6.592","1566.7494716505562"
"2","0.1","true","false","false","true","87","7.728","1423.1745884306847"
"8","0.7","true","false","false","true","111","12.9","470.553159692036"
"3","0.2","true","false","false","true","89","9.756","1102.2029686842961"
"9","0.8","true","false","false","true","109","11.232","434.07529407180886"
"7","0.6","true","false","false","true","101","11.928","547.2852635645377"
"4","0.3","true","false","false","true","91","12.712","878.5081777987434"
"6","0.5","true","false","false","true","98","13.196","602.984473793901"
"1","0","true","false","false","true","102","6.652","1564.9040595553665"
"5","0.4","true","false","false","true","95","12.424","715.3106922808228"
"8","0.7","true","false","false","true","112","13.068","471.8854794258414"
"9","0.8","true","false","false","true","110","11.08","432.6812583300245"
"2","0.1","true","false","false","true","88","7.86","1418.5790141029008"
"7","0.6","true","false","false","true","102","11.788","548.9010007897846"
"3","0.2","true","false","false","true","90","9.964","1099.601709456655"
"1","0","true","false","false","true","103","6.736","1576.133290395869"
"4","0.3","true","false","false","true","92","12.784","873.3411170888046"
"6","0.5","true","false","false","true","99","13.02","601.38851091309"
"5","0.4","true","false","false","true","96","12.636","711.7965777768563"
"8","0.7","true","false","false","true","113","12.98","470.28437040562153"
"1","0","true","false","false","true","104","6.668","1580.3827406953164"
"9","0.8","true","false","false","true","111","10.98","434.2451631204792"
"7","0.6","true","false","false","true","103","12.004","549.700156724815"
"2","0.1","true","false","false","true","89","7.8","1409.5323928678113"
"6","0.5","true","false","false","true","100","13.32","601.8702905687358"
"4","0.3","true","false","false","true","93","12.932","869.1010897523506"
"5","0.4","true","false","false","true","97","12.808","715.1365717885125"
"8","0.7","true","false","false","true","114","13.084","470.77784306329266"
"3","0.2","true","false","false","true","91","9.908","1095.060993961772"
"1","0","true","false","false","true","105","6.668","1584.7312282424084"
"9","0.8","true","false","false","true","112","10.944","434.1476600438156"
"7","0.6","true","false","false","true","104","11.808","549.3584141528487"
"8","0.7","true","false","false","true","115","12.92","471.50876161066947"
"1","0","true","false","false","true","106","6.636","1578.99163575753"
"6","0.5","true","false","false","true","101","13.248","598.8461467239645"
"4","0.3","true","false","false","true","94","12.988","866.5521031956497"
"5","0.4","true","false","false","true","98","12.9","713.0667332540495"
"2","0.1","true","false","false","true","90","7.656","1408.459098666169"
"9","0.8","true","false","false","true","113","11.132","432.59627540676627"
"3","0.2","true","false","false","true","92","9.928","1086.9564740201545"
"8","0.7","true","false","false","true","116","13.076","471.63908396351724"
"7","0.6","true","false","false","true","105","12.248","546.5688079246617"
"1","0","true","false","false","true","107","6.748","1583.7358186560114"
"4","0.3","true","false","false","true","95","13.244","865.1029522657218"
"6","0.5","true","false","false","true","102","13.248","598.6806128510462"
"5","0.4","true","false","false","true","99","12.944","713.0936608218959"
"9","0.8","true","false","false","true","114","11.388","431.68021818390645"
"3","0.2","true","false","false","true","93","10","1085.4730886092623"
"8","0.7","true","false","false","true","117","13.068","472.46865373818554"
"1","0","true","false","false","true","108","6.624","1585.5118007708272"
"2","0.1","true","false","false","true","91","7.648","1413.0830897687686"
"7","0.6","true","false","false","true","106","12.256","546.3800512518336"
"5","0.4","true","false","false","true","100","13.1","710.9954425778266"
"6","0.5","true","false","false","true","103","13.536","595.0414244678507"
"9","0.8","true","false","false","true","115","11.132","433.1495104194625"
"8","0.7","true","false","false","true","118","13.004","472.72934212545"
"1","0","true","false","false","true","109","6.552","1584.6126354626888"
"4","0.3","true","false","false","true","96","13.316","859.5501060746724"
"3","0.2","true","false","false","true","94","10.104","1088.0555393093296"
"7","0.6","true","false","false","true","107","12.64","545.8202028137185"
"2","0.1","true","false","false","true","92","7.764","1413.5691289163053"
"5","0.4","true","false","false","true","101","12.952","710.889440744147"
"1","0","true","false","false","true","110","6.664","1583.037898855077"
"9","0.8","true","false","false","true","116","11.188","432.56231792371295"
"8","0.7","true","false","false","true","119","13.144","473.4914835785585"
"6","0.5","true","false","false","true","104","13.672","594.0015682270034"
"3","0.2","true","false","false","true","95","10.328","1085.1835590023506"
"4","0.3","true","false","false","true","97","13.448","855.813286889948"
"2","0.1","true","false","false","true","93","7.736","1411.213809577435"
"7","0.6","true","false","false","true","108","12.664","545.5287155753508"
"1","0","true","false","false","true","111","6.62","1583.6501689770716"
"5","0.4","true","false","false","true","102","12.996","712.5985564574829"
"9","0.8","true","false","false","true","117","11.18","432.77884004839217"
"8","0.7","true","false","false","true","120","12.888","473.3864875582222"
"6","0.5","true","false","false","true","105","13.428","590.8647740498403"
"3","0.2","true","false","false","true","96","10.216","1088.6504373118598"
"1","0","true","false","false","true","112","6.6","1580.7498979636819"
"4","0.3","true","false","false","true","98","13.512","854.2138530656441"
"9","0.8","true","false","false","true","118","11.276","432.1298857833744"
"7","0.6","true","false","false","true","109","12.48","545.656524052431"
"2","0.1","true","false","false","true","94","7.78","1411.9890653966934"
"8","0.7","true","false","false","true","121","13.272","471.92751080783285"
"5","0.4","true","false","false","true","103","13.22","712.3539206378277"
"6","0.5","true","false","false","true","106","13.624","589.4596965260687"
"9","0.8","true","false","false","true","119","11.16","431.6016033181418"
"1","0","true","false","false","true","113","6.596","1573.0639396997872"
"7","0.6","true","false","false","true","110","12.484","547.1774941651238"
"3","0.2","true","false","false","true","97","10.204","1091.631682694327"
"8","0.7","true","false","false","true","122","13.36","472.9780005468219"
"4","0.3","true","false","false","true","99","13.632","854.5149342671261"
"5","0.4","true","false","false","true","104","13.116","713.0035864929988"
"2","0.1","true","false","false","true","95","7.808","1404.1584447482687"
"1","0","true","false","false","true","114","6.584","1563.8165466611963"
"6","0.5","true","false","false","true","107","13.728","589.12458029168"
"9","0.8","true","false","false","true","120","11.396","432.7685295968068"
"8","0.7","true","false","false","true","123","13.036","472.25215352826456"
"7","0.6","true","false","false","true","111","12.364","547.7451991291492"
"3","0.2","true","false","false","true","98","10.104","1086.6049364392034"
"1","0","true","false","false","true","115","6.612","1566.3123192107284"
"4","0.3","true","false","false","true","100","13.552","858.5386154770631"
"5","0.4","true","false","false","true","105","13.096","710.8542259616546"
"9","0.8","true","false","false","true","121","11.26","433.4700101842346"
"2","0.1","true","false","false","true","96","7.68","1405.1193517516722"
"6","0.5","true","false","false","true","108","13.744","585.6853580131262"
"8","0.7","true","false","false","true","124","13.02","473.6844022246763"
"1","0","true","false","false","true","116","6.576","1559.5280372833104"
"7","0.6","true","false","false","true","112","12.6","546.3775497077038"
"3","0.2","true","false","false","true","99","10.196","1084.047212236981"
"4","0.3","true","false","false","true","101","13.596","860.4170411161873"
"9","0.8","true","false","false","true","122","11.192","432.42434953822186"
"8","0.7","true","false","false","true","125","13.156","472.6390648211584"
"6","0.5","true","false","false","true","109","13.5","585.8691610660043"
"5","0.4","true","false","false","true","106","13.084","706.1364081621647"
"1","0","true","false","false","true","117","6.584","1555.9468949064408"
"2","0.1","true","false","false","true","97","7.808","1403.9287379665261"
"4","0.3","true","false","false","true","102","13.588","859.1863719833973"
"8","0.7","true","false","false","true","126","13.368","470.53490793870304"
"7","0.6","true","false","false","true","113","12.396","546.5076436460707"
"9","0.8","true","false","false","true","123","11.164","432.7790234930777"
"3","0.2","true","false","false","true","100","10.356","1080.8905465180019"
"6","0.5","true","false","false","true","110","13.908","585.6581278893373"
"1","0","true","false","false","true","118","6.544","1547.5810886779511"
"5","0.4","true","false","false","true","107","13.032","709.3703874157871"
"4","0.3","true","false","false","true","103","13.584","854.2968092872424"
"8","0.7","true","false","false","true","127","13.372","469.9792503256825"
"9","0.8","true","false","false","true","124","11.28","434.3151151850837"
"2","0.1","true","false","false","true","98","7.74","1396.2515920112103"
"7","0.6","true","false","false","true","114","12.408","545.2418287454744"
"3","0.2","true","false","false","true","101","10.208","1073.9201742017865"
"6","0.5","true","false","false","true","111","13.996","583.2357796565768"
"1","0","true","false","false","true","119","6.556","1547.649285913178"
"9","0.8","true","false","false","true","125","11.38","433.5086381501157"
"8","0.7","true","false","false","true","128","13.5","469.99427707581174"
"5","0.4","true","false","false","true","108","13.424","704.7201389360853"
"4","0.3","true","false","false","true","104","13.4","856.8736502771885"
"2","0.1","true","false","false","true","99","7.736","1392.1109559403562"
"7","0.6","true","false","false","true","115","12.484","543.5822090119026"
"1","0","true","false","false","true","120","6.6","1550.0236793753636"
"6","0.5","true","false","false","true","112","14.128","584.6323593531365"
"9","0.8","true","false","false","true","126","11.188","433.35636091597826"
"8","0.7","true","false","false","true","129","13.452","470.5937225895274"
"3","0.2","true","false","false","true","102","10.212","1072.8234055856656"
"4","0.3","true","false","false","true","105","13.452","855.8919070487798"
"5","0.4","true","false","false","true","109","13.488","704.861861667905"
"1","0","true","false","false","true","121","6.672","1552.5127106210584"
"7","0.6","true","false","false","true","116","12.476","545.1740144154409"
"2","0.1","true","false","false","true","100","7.8","1396.6686366028189"
"8","0.7","true","false","false","true","130","13.496","469.30421242078233"
"6","0.5","true","false","false","true","113","13.968","581.0540378625262"
"9","0.8","true","false","false","true","127","11.136","434.13894254211675"
"3","0.2","true","false","false","true","103","10.14","1077.2805892362435"
"1","0","true","false","false","true","122","6.648","1546.1767392510862"
"5","0.4","true","false","false","true","110","13.632","701.0388610811943"
"4","0.3","true","false","false","true","106","13.456","853.7391883495096"
"7","0.6","true","false","false","true","117","12.428","543.7915031174921"
"8","0.7","true","false","false","true","131","13.504","469.69305683627226"
"9","0.8","true","false","false","true","128","11.256","433.24708633927656"
"2","0.1","true","false","false","true","101","7.808","1390.489380433597"
"6","0.5","true","false","false","true","114","13.916","580.5942167551027"
"1","0","true","false","false","true","123","6.608","1541.2661160295158"
"3","0.2","true","false","false","true","104","10.284","1073.8896466110027"
"8","0.7","true","false","false","true","132","13.228","468.8543127923657"
"5","0.4","true","false","false","true","111","13.412","701.6711521418937"
"7","0.6","true","false","false","true","118","12.444","543.2096988874907"
"9","0.8","true","false","false","true","129","11.344","432.26796610104225"
"1","0","true","false","false","true","124","6.648","1539.9914030753673"
"6","0.5","true","false","false","true","115","14.16","581.6598848615761"
"4","0.3","true","false","false","true","107","13.608","849.4877021457488"
"2","0.1","true","false","false","true","102","7.752","1391.9161753155674"
"3","0.2","true","false","false","true","105","10.472","1068.7565302067992"
"7","0.6","true","false","false","true","119","12.528","542.985542920936"
"5","0.4","true","false","false","true","112","13.328","700.4588143486015"
"1","0","true","false","false","true","125","6.64","1536.7503239794266"
"8","0.7","true","false","false","true","133","13.356","468.8846610395144"
"6","0.5","true","false","false","true","116","14.188","580.0820332238172"
"9","0.8","true","false","false","true","130","11.4","431.9000359884468"
"2","0.1","true","false","false","true","103","7.768","1401.3340230666167"
"4","0.3","true","false","false","true","108","13.604","844.6409824944219"
"7","0.6","true","false","false","true","120","12.548","543.4539014698695"
"5","0.4","true","false","false","true","113","13.276","701.2603275369272"
"8","0.7","true","false","false","true","134","13.372","469.9706350191593"
"1","0","true","false","false","true","126","6.608","1531.927209728384"
"3","0.2","true","false","false","true","106","10.572","1063.513250972484"
"9","0.8","true","false","false","true","131","11.228","432.91493152905923"
"6","0.5","true","false","false","true","117","14.096","580.7400760017044"
"4","0.3","true","false","false","true","109","13.84","842.5626719502397"
"2","0.1","true","false","false","true","104","7.968","1400.801598269273"
"7","0.6","true","false","false","true","121","12.672","542.3028233937788"
"8","0.7","true","false","false","true","135","13.404","468.8913967079662"
"9","0.8","true","false","false","true","132","11.408","433.9068607434192"
"1","0","true","false","false","true","127","6.592","1531.1785566520584"
"5","0.4","true","false","false","true","114","13.376","701.2390598021503"
"3","0.2","true","false","false","true","107","10.6","1065.91785228828"
"6","0.5","true","false","false","true","118","14.336","580.1266577434727"
"7","0.6","true","false","false","true","122","12.904","541.5845955325348"
"4","0.3","true","false","false","true","110","13.952","838.9639073637541"
"1","0","true","false","false","true","128","6.488","1536.4550007179898"
"8","0.7","true","false","false","true","136","13.396","467.31162470718795"
"2","0.1","true","false","false","true","105","7.992","1402.2403426529074"
"9","0.8","true","false","false","true","133","11.392","433.17919807984066"
"5","0.4","true","false","false","true","115","13.392","698.0804565295912"
"6","0.5","true","false","false","true","119","14.296","580.5939403017378"
"3","0.2","true","false","false","true","108","10.372","1066.2594649109883"
"7","0.6","true","false","false","true","123","12.86","541.8374253115821"
"8","0.7","true","false","false","true","137","13.236","467.65104504295095"
"4","0.3","true","false","false","true","111","14.016","838.9944823056899"
"1","0","true","false","false","true","129","6.552","1528.6469059387193"
"9","0.8","true","false","false","true","134","11.38","432.6473432620657"
"2","0.1","true","false","false","true","106","8.06","1398.491801214904"
"6","0.5","true","false","false","true","120","14.512","579.2808664851348"
"1","0","true","false","false","true","130","6.64","1539.7311935151317"
"5","0.4","true","false","false","true","116","13.38","694.2487668358237"
"8","0.7","true","false","false","true","138","13.472","469.6606990734019"
"9","0.8","true","false","false","true","135","11.476","433.4299907132062"
"7","0.6","true","false","false","true","124","12.928","541.9488441168845"
"3","0.2","true","false","false","true","109","10.536","1065.1701520525216"
"4","0.3","true","false","false","true","112","13.848","836.7416162989731"
"2","0.1","true","false","false","true","107","8.08","1388.532628451596"
"1","0","true","false","false","true","131","6.664","1541.7277730805004"
"8","0.7","true","false","false","true","139","13.6","469.78819682928986"
"5","0.4","true","false","false","true","117","13.624","696.4177855496437"
"6","0.5","true","false","false","true","121","14.364","579.0496119267558"
"7","0.6","true","false","false","true","125","12.808","543.8295713230808"
"9","0.8","true","false","false","true","136","11.48","432.78941174485783"
"1","0","true","false","false","true","132","6.724","1538.259083164805"
"4","0.3","true","false","false","true","113","13.84","834.0795668559626"
"3","0.2","true","false","false","true","110","10.48","1057.9909843967216"
"2","0.1","true","false","false","true","108","8.08","1384.424851002964"
"6","0.5","true","false","false","true","122","14.232","580.6309980067092"
"8","0.7","true","false","false","true","140","13.376","469.03956682245035"
"5","0.4","true","false","false","true","118","13.552","693.5844363231565"
"9","0.8","true","false","false","true","137","11.312","434.92531950445306"
"1","0","true","false","false","true","133","6.64","1535.0649606325367"
"7","0.6","true","false","false","true","126","13.024","540.7259770402333"
"4","0.3","true","false","false","true","114","13.8","837.4904190089417"
"8","0.7","true","false","false","true","141","13.528","470.2722494879249"
"3","0.2","true","false","false","true","111","10.516","1056.8708043438314"
"9","0.8","true","false","false","true","138","11.32","435.3213194417062"
"6","0.5","true","false","false","true","123","14.692","581.9146410579921"
"5","0.4","true","false","false","true","119","13.68","691.4864449743535"
"1","0","true","false","false","true","134","6.588","1535.3682886523923"
"2","0.1","true","false","false","true","109","8.056","1374.9351851132787"
"7","0.6","true","false","false","true","127","12.968","540.6679774534173"
"8","0.7","true","false","false","true","142","13.564","467.80837271388106"
"4","0.3","true","false","false","true","115","13.652","833.9629302886555"
"9","0.8","true","false","false","true","139","11.412","435.45089156447494"
"3","0.2","true","false","false","true","112","10.436","1056.8130084887493"
"6","0.5","true","false","false","true","124","14.644","580.4843997240541"
"1","0","true","false","false","true","135","6.556","1532.7688797652029"
"5","0.4","true","false","false","true","120","13.844","690.0749093665742"
"7","0.6","true","false","false","true","128","12.848","540.8432271226251"
"8","0.7","true","false","false","true","143","13.5","466.20633263150444"
"2","0.1","true","false","false","true","110","8.104","1369.6658360883446"
"9","0.8","true","false","false","true","140","11.328","435.1207902614205"
"4","0.3","true","false","false","true","116","13.792","832.2971509752365"
"1","0","true","false","false","true","136","6.536","1526.68260168931"
"3","0.2","true","false","false","true","113","10.564","1054.9672646097688"
"6","0.5","true","false","false","true","125","14.544","578.896222311031"
"5","0.4","true","false","false","true","121","13.864","688.6981614419647"
"7","0.6","true","false","false","true","129","12.964","541.8432912953338"
"8","0.7","true","false","false","true","144","13.528","467.790853135919"
"4","0.3","true","false","false","true","117","14.052","830.7017123907211"
"2","0.1","true","false","false","true","111","8.168","1362.4971394346405"
"1","0","true","false","false","true","137","6.496","1528.3712191939096"
"9","0.8","true","false","false","true","141","11.288","434.1792668017626"
"5","0.4","true","false","false","true","122","13.964","689.3542601903874"
"3","0.2","true","false","false","true","114","10.532","1057.4993316154423"
"7","0.6","true","false","false","true","130","12.84","538.5498751472663"
"6","0.5","true","false","false","true","126","14.692","578.6442384519929"
"1","0","true","false","false","true","138","6.524","1523.2295489865103"
"8","0.7","true","false","false","true","145","13.48","469.2189978892747"
"9","0.8","true","false","false","true","142","11.356","436.45220614480917"
"5","0.4","true","false","false","true","123","14.204","686.4533818940085"
"2","0.1","true","false","false","true","112","8.196","1365.993723484111"
"4","0.3","true","false","false","true","118","14.124","828.4249214047437"
"1","0","true","false","false","true","139","6.492","1514.455916408129"
"7","0.6","true","false","false","true","131","12.828","539.2765484883037"
"3","0.2","true","false","false","true","115","10.64","1056.158709499436"
"6","0.5","true","false","false","true","127","14.488","578.0657990605587"
"8","0.7","true","false","false","true","146","13.376","468.4491245733174"
"9","0.8","true","false","false","true","143","11.352","436.8235019384227"
"5","0.4","true","false","false","true","124","14.248","685.6473878215072"
"1","0","true","false","false","true","140","6.52","1513.9631649556695"
"7","0.6","true","false","false","true","132","13.172","537.9541491700005"
"2","0.1","true","false","false","true","113","8.196","1360.9451815182713"
"5","0.4","true","false","false","true","125","14.292","681.8412154939375"
"4","0.3","true","false","false","true","119","14.184","825.4209189551856"
"1","0","true","false","false","true","141","6.612","1516.550448573409"
"6","0.5","true","false","false","true","128","14.736","578.592245036875"
"8","0.7","true","false","false","true","147","13.492","467.84815487428926"
"3","0.2","true","false","false","true","116","10.704","1059.6451062556878"
"9","0.8","true","false","false","true","144","11.332","435.48903199667876"
"7","0.6","true","false","false","true","133","12.904","539.637700439598"
"2","0.1","true","false","false","true","114","8.26","1359.4850963066417"
"1","0","true","false","false","true","142","6.656","1513.3083381980607"
"8","0.7","true","false","false","true","148","13.708","467.9756058494516"
"5","0.4","true","false","false","true","126","14.236","680.621161497023"
"6","0.5","true","false","false","true","129","14.976","579.4075927913811"
"4","0.3","true","false","false","true","120","14.1","825.4364711508347"
"9","0.8","true","false","false","true","145","11.356","435.4379531146947"
"7","0.6","true","false","false","true","134","13.112","538.0730753377527"
"8","0.7","true","false","false","true","149","13.632","468.6805579943029"
"3","0.2","true","false","false","true","117","10.704","1060.9170479194988"
"1","0","true","false","false","true","143","6.664","1504.6666134773452"
"6","0.5","true","false","false","true","130","14.72","579.0688579248201"
"2","0.1","true","false","false","true","115","8.296","1357.131961746594"
"5","0.4","true","false","false","true","127","14.22","680.2297507850324"
"7","0.6","true","false","false","true","135","12.992","540.1356815915293"
"1","0","true","false","false","true","144","6.66","1506.4973615267972"
"9","0.8","true","false","false","true","146","11.624","432.4143441298866"
"4","0.3","true","false","false","true","121","13.964","825.8080211644534"
"8","0.7","true","false","false","true","150","13.508","467.33242440668687"
"3","0.2","true","false","false","true","118","10.836","1061.1324343304475"
"6","0.5","true","false","false","true","131","14.708","578.2139429107059"
"7","0.6","true","false","false","true","136","13.068","539.4901406438634"
"2","0.1","true","false","false","true","116","8.3","1355.7203721667418"
"5","0.4","true","false","false","true","128","14.18","679.7606614669313"
"1","0","true","false","false","true","145","6.608","1505.4170811196796"
"9","0.8","true","false","false","true","147","11.392","434.11507156355094"
"3","0.2","true","false","false","true","119","10.828","1055.5669146022224"
"6","0.5","true","false","false","true","132","14.716","578.2814290274324"
"4","0.3","true","false","false","true","122","14.064","823.0668904186667"
"8","0.7","true","false","false","true","151","13.732","466.8377242308097"
"1","0","true","false","false","true","146","6.66","1504.1939476574216"
"9","0.8","true","false","false","true","148","11.464","434.0679171274883"
"5","0.4","true","false","false","true","129","14.576","678.4146743185203"
"7","0.6","true","false","false","true","137","13.22","538.5825244496781"
"9","0.8","true","false","false","true","149","11.488","432.8703409797529"
"2","0.1","true","false","false","true","117","8.264","1359.843674783327"
"7","0.6","true","false","false","true","138","13.196","539.3536680473254"
"5","0.4","true","false","false","true","130","14.364","678.187788984938"
"1","0","true","false","false","true","147","6.696","1503.0956376319848"
"8","0.7","true","false","false","true","152","13.764","466.86357555716376"
"6","0.5","true","false","false","true","133","14.612","579.5925504018819"
"3","0.2","true","false","false","true","120","10.852","1053.8583470294427"
"7","0.6","true","false","false","true","139","13.276","539.2973962537379"
"4","0.3","true","false","false","true","123","14.112","821.6686970223462"
"9","0.8","true","false","false","true","150","11.596","432.863172652623"
"7","0.6","true","false","false","true","140","13.232","538.5732866170806"
"1","0","true","false","false","true","148","6.636","1489.9449845929946"
"2","0.1","true","false","false","true","118","8.26","1355.8451893341953"
"5","0.4","true","false","false","true","131","14.428","675.9543908019313"
"3","0.2","true","false","false","true","121","10.996","1051.431475131131"
"8","0.7","true","false","false","true","153","13.956","465.99323282876975"
"4","0.3","true","false","false","true","124","14.232","821.2720129129802"
"7","0.6","true","false","false","true","141","13.088","539.8343511087897"
"6","0.5","true","false","false","true","134","14.468","579.6026844547965"
"9","0.8","true","false","false","true","151","11.568","433.62280886533756"
"1","0","true","false","false","true","149","6.74","1489.785416066932"
"2","0.1","true","false","false","true","119","8.244","1351.5665856568708"
"8","0.7","true","false","false","true","154","14.216","465.7261789113313"
"5","0.4","true","false","false","true","132","14.628","678.6680679165768"
"7","0.6","true","false","false","true","142","13.224","539.3687363162719"
"9","0.8","true","false","false","true","152","11.628","432.2960508107234"
"3","0.2","true","false","false","true","122","10.952","1048.400003854748"
"4","0.3","true","false","false","true","125","14.376","821.1742481103357"
"6","0.5","true","false","false","true","135","14.688","579.723179937321"
"1","0","true","false","false","true","150","6.668","1484.7429087077198"
"5","0.4","true","false","false","true","133","14.56","678.4850765427833"
"7","0.6","true","false","false","true","143","13.344","538.4507212355842"
"8","0.7","true","false","false","true","155","14.12","466.0537429544118"
"9","0.8","true","false","false","true","153","11.676","432.066150008305"
"2","0.1","true","false","false","true","120","8.128","1350.877092271661"
"3","0.2","true","false","false","true","123","11.128","1043.5905492362333"
"4","0.3","true","false","false","true","126","14.432","822.5635050823132"
"1","0","true","false","false","true","151","6.672","1487.416223420408"
"6","0.5","true","false","false","true","136","14.812","578.9741747872171"
"7","0.6","true","false","false","true","144","13.344","537.3874815279005"
"8","0.7","true","false","false","true","156","14.184","464.9613445732126"
"9","0.8","true","false","false","true","154","11.596","432.25953809404484"
"5","0.4","true","false","false","true","134","14.788","676.4516198177854"
"4","0.3","true","false","false","true","127","14.332","821.1198965299617"
"3","0.2","true","false","false","true","124","10.904","1046.8462081632722"
"1","0","true","false","false","true","152","6.744","1482.1391855499044"
"2","0.1","true","false","false","true","121","8.248","1347.8398011393826"
"6","0.5","true","false","false","true","137","14.888","580.2632695353611"
"9","0.8","true","false","false","true","155","11.624","431.58492837340157"
"4","0.3","true","false","false","true","128","14.544","821.3055713778507"
"8","0.7","true","false","false","true","157","14.18","466.29427496322387"
"7","0.6","true","false","false","true","145","13.14","536.6722611696548"
"1","0","true","false","false","true","153","6.728","1482.1787706782027"
"3","0.2","true","false","false","true","125","10.996","1043.807360778262"
"5","0.4","true","false","false","true","135","14.816","674.486982212745"
"9","0.8","true","false","false","true","156","11.7","432.1087792882228"
"6","0.5","true","false","false","true","138","14.728","576.3719306917596"
"7","0.6","true","false","false","true","146","13.168","536.8860453602161"
"8","0.7","true","false","false","true","158","14.124","465.49602474160935"
"1","0","true","false","false","true","154","6.772","1479.0295299526379"
"2","0.1","true","false","false","true","122","8.284","1351.0289336681403"
"4","0.3","true","false","false","true","129","14.488","823.1095995247832"
"9","0.8","true","false","false","true","157","11.496","432.6522188672095"
"5","0.4","true","false","false","true","136","14.86","672.0537137002583"
"7","0.6","true","false","false","true","147","13.112","538.2243358590642"
"3","0.2","true","false","false","true","126","11.028","1037.7628625640684"
"1","0","true","false","false","true","155","6.696","1483.7061086871336"
"6","0.5","true","false","false","true","139","15.204","578.2087259921681"
"8","0.7","true","false","false","true","159","14.116","466.0932691314336"
"9","0.8","true","false","false","true","158","11.52","431.97250094424055"
"7","0.6","true","false","false","true","148","13.224","537.9079705757377"
"4","0.3","true","false","false","true","130","14.576","822.2764188738474"
"2","0.1","true","false","false","true","123","8.212","1352.5128719249667"
"5","0.4","true","false","false","true","137","14.976","668.0918899258389"
"6","0.5","true","false","false","true","140","14.944","578.0661083304914"
"8","0.7","true","false","false","true","160","14.204","465.78634848730206"
"9","0.8","true","false","false","true","159","11.676","433.3647751838224"
"3","0.2","true","false","false","true","127","11.076","1028.441251931281"
"1","0","true","false","false","true","156","6.76","1484.0973433958206"
"7","0.6","true","false","false","true","149","13.112","534.1141034523089"
"4","0.3","true","false","false","true","131","14.608","820.6009383830209"
"7","0.6","true","false","false","true","150","13.308","533.6075645551135"
"6","0.5","true","false","false","true","141","14.876","577.6027381794456"
"9","0.8","true","false","false","true","160","11.6","434.21412909758754"
"5","0.4","true","false","false","true","138","14.7","669.1440997171815"
"8","0.7","true","false","false","true","161","14.048","464.15414846636685"
"1","0","true","false","false","true","157","6.816","1490.4921913051014"
"2","0.1","true","false","false","true","124","8.216","1343.1604380719157"
"3","0.2","true","false","false","true","128","11.016","1027.0741376056787"
"7","0.6","true","false","false","true","151","13.532","535.1095409519287"
"6","0.5","true","false","false","true","142","15.124","577.410167881696"
"9","0.8","true","false","false","true","161","11.596","433.05088357197354"
"4","0.3","true","false","false","true","132","14.652","822.1907278820154"
"1","0","true","false","false","true","158","6.772","1494.2914461147357"
"8","0.7","true","false","false","true","162","14.092","464.1729385514421"
"5","0.4","true","false","false","true","139","14.816","669.720844127132"
"7","0.6","true","false","false","true","152","13.42","534.5535874377979"
"3","0.2","true","false","false","true","129","11.028","1024.8206674512614"
"6","0.5","true","false","false","true","143","14.968","577.2942341384638"
"2","0.1","true","false","false","true","125","8.224","1344.8807143375845"
"9","0.8","true","false","false","true","162","11.8","431.71689893984086"
"1","0","true","false","false","true","159","6.656","1483.5434627008826"
"8","0.7","true","false","false","true","163","13.972","465.8025363167911"
"4","0.3","true","false","false","true","133","14.364","821.8812362060937"
"6","0.5","true","false","false","true","144","14.992","575.8545142480407"
"7","0.6","true","false","false","true","153","13.572","534.7675956044465"
"5","0.4","true","false","false","true","140","14.792","669.7221077126152"
"1","0","true","false","false","true","160","6.692","1480.5522018019867"
"9","0.8","true","false","false","true","163","11.648","432.7733685249602"
"3","0.2","true","false","false","true","130","11.096","1026.6628880167727"
"8","0.7","true","false","false","true","164","14.204","465.1565477501367"
"2","0.1","true","false","false","true","126","8.288","1343.653699319687"
"6","0.5","true","false","false","true","145","15.18","576.1880894613124"
"1","0","true","false","false","true","161","6.676","1476.1924668213298"
"9","0.8","true","false","false","true","164","11.764","432.3387934031031"
"4","0.3","true","false","false","true","134","14.408","822.1068113033926"
"7","0.6","true","false","false","true","154","13.596","533.4283690955539"
"8","0.7","true","false","false","true","165","14.052","463.34526261167"
"5","0.4","true","false","false","true","141","14.796","672.8793041642714"
"3","0.2","true","false","false","true","131","11.26","1024.14685009701"
"9","0.8","true","false","false","true","165","11.676","432.5929586287977"
"1","0","true","false","false","true","162","6.608","1475.3020526814705"
"8","0.7","true","false","false","true","166","13.812","463.9999250770539"
"2","0.1","true","false","false","true","127","8.208","1347.2558834486247"
"6","0.5","true","false","false","true","146","14.932","577.2327017518875"
"7","0.6","true","false","false","true","155","13.408","534.4779999409285"
"4","0.3","true","false","false","true","135","14.48","814.9462186390739"
"5","0.4","true","false","false","true","142","15.276","673.13321609623"
"9","0.8","true","false","false","true","166","11.684","432.39160639269"
"1","0","true","false","false","true","163","6.608","1474.7740885031865"
"7","0.6","true","false","false","true","156","13.6","531.7028810852005"
"3","0.2","true","false","false","true","132","11.24","1027.7640551362008"
"8","0.7","true","false","false","true","167","13.856","463.1045401350817"
"6","0.5","true","false","false","true","147","15.1","577.923608918502"
"1","0","true","false","false","true","164","6.636","1471.2241663902487"
"4","0.3","true","false","false","true","136","14.388","818.0858898832539"
"2","0.1","true","false","false","true","128","8.276","1344.9261776597048"
"9","0.8","true","false","false","true","167","11.688","431.02411823806085"
"5","0.4","true","false","false","true","143","15.004","672.40364746636"
"7","0.6","true","false","false","true","157","13.34","531.5347400510009"
"8","0.7","true","false","false","true","168","13.824","462.9821267403265"
"1","0","true","false","false","true","165","6.736","1477.2165645092884"
"3","0.2","true","false","false","true","133","11.256","1027.1140169245248"
"6","0.5","true","false","false","true","148","14.972","576.3446579876814"
"4","0.3","true","false","false","true","137","14.428","814.0935804090099"
"9","0.8","true","false","false","true","168","11.868","432.4672142942359"
"5","0.4","true","false","false","true","144","15.4","670.4876319435442"
"7","0.6","true","false","false","true","158","13.432","532.2479571377428"
"2","0.1","true","false","false","true","129","8.176","1348.0391260320137"
"8","0.7","true","false","false","true","169","13.948","465.3106985190018"
"1","0","true","false","false","true","166","6.812","1475.3246313496763"
"6","0.5","true","false","false","true","149","15.18","576.5952028692984"
"9","0.8","true","false","false","true","169","11.524","432.7894030264192"
"3","0.2","true","false","false","true","134","11.348","1028.90557409197"
"4","0.3","true","false","false","true","138","14.444","814.296273887494"
"7","0.6","true","false","false","true","159","13.496","531.6536733667218"
"1","0","true","false","false","true","167","6.68","1468.371521139682"
"8","0.7","true","false","false","true","170","13.976","464.85086972218863"
"5","0.4","true","false","false","true","145","15.252","670.8303342492378"
"2","0.1","true","false","false","true","130","8.196","1346.48898631884"
"9","0.8","true","false","false","true","170","11.656","432.6810528788595"
"6","0.5","true","false","false","true","150","15.184","576.4967921064768"
"1","0","true","false","false","true","168","6.7","1461.7489227740632"
"3","0.2","true","false","false","true","135","11.276","1023.8946770051816"
"7","0.6","true","false","false","true","160","13.772","534.0873930924481"
"8","0.7","true","false","false","true","171","13.804","464.76436470527756"
"4","0.3","true","false","false","true","139","14.592","812.2878949199047"
"5","0.4","true","false","false","true","146","15.456","672.1325461286045"
"9","0.8","true","false","false","true","171","11.792","432.2191555214446"
"1","0","true","false","false","true","169","6.868","1458.8957052512835"
"2","0.1","true","false","false","true","131","8.352","1339.0287046561668"
"6","0.5","true","false","false","true","151","15.2","574.9004138771627"
"8","0.7","true","false","false","true","172","14.1","464.17539907396116"
"7","0.6","true","false","false","true","161","13.808","533.6535166924336"
"3","0.2","true","false","false","true","136","11.22","1026.6805149042991"
"1","0","true","false","false","true","170","6.72","1454.1694015091387"
"9","0.8","true","false","false","true","172","11.764","432.9693211472394"
"5","0.4","true","false","false","true","147","15.584","672.9714828826193"
"4","0.3","true","false","false","true","140","14.844","811.0101412914156"
"6","0.5","true","false","false","true","152","15.272","573.2432095664605"
"2","0.1","true","false","false","true","132","8.348","1340.965033767322"
"8","0.7","true","false","false","true","173","13.84","464.5298651144964"
"7","0.6","true","false","false","true","162","13.648","534.1481114526556"
"1","0","true","false","false","true","171","6.932","1456.5631250038946"
"9","0.8","true","false","false","true","173","11.884","432.3607417818714"
"5","0.4","true","false","false","true","148","15.696","670.4932565914766"
"3","0.2","true","false","false","true","137","11.356","1028.819941835097"
"6","0.5","true","false","false","true","153","15.196","574.1367261880932"
"4","0.3","true","false","false","true","141","15.04","809.7324229419028"
"8","0.7","true","false","false","true","174","14.04","464.1307165983006"
"1","0","true","false","false","true","172","6.856","1448.2748628678503"
"7","0.6","true","false","false","true","163","13.816","535.0085920762006"
"2","0.1","true","false","false","true","133","8.34","1335.7979953508898"
"9","0.8","true","false","false","true","174","11.68","433.20367925360216"
"5","0.4","true","false","false","true","149","15.588","667.5266438764804"
"3","0.2","true","false","false","true","138","11.356","1024.1769194079152"
"6","0.5","true","false","false","true","154","15.224","573.8376418437781"
"1","0","true","false","false","true","173","6.908","1443.1600911995804"
"8","0.7","true","false","false","true","175","14.072","463.80752722114994"
"7","0.6","true","false","false","true","164","13.78","533.1463181720144"
"4","0.3","true","false","false","true","142","14.964","809.6831023027107"
"9","0.8","true","false","false","true","175","11.836","432.5385397447788"
"2","0.1","true","false","false","true","134","8.408","1334.5693611336108"
"1","0","true","false","false","true","174","6.94","1443.8027596073055"
"5","0.4","true","false","false","true","150","15.776","666.9511497252403"
"8","0.7","true","false","false","true","176","13.98","462.29159110824276"
"6","0.5","true","false","false","true","155","15.336","570.7752455003773"
"3","0.2","true","false","false","true","139","11.464","1023.4115195772259"
"7","0.6","true","false","false","true","165","13.616","534.6873263207297"
"9","0.8","true","false","false","true","176","11.872","431.80686707440844"
"4","0.3","true","false","false","true","143","15.316","810.5083297748569"
"1","0","true","false","false","true","175","6.844","1443.0501517061116"
"8","0.7","true","false","false","true","177","14.044","462.4672694561265"
"2","0.1","true","false","false","true","135","8.304","1337.990128407614"
"5","0.4","true","false","false","true","151","15.804","668.9110669226243"
"6","0.5","true","false","false","true","156","15.452","573.3543016330855"
"7","0.6","true","false","false","true","166","13.748","534.2081014377274"
"9","0.8","true","false","false","true","177","11.988","432.55525262429086"
"1","0","true","false","false","true","176","6.884","1444.4474960355637"
"3","0.2","true","false","false","true","140","11.528","1019.4881888845774"
"4","0.3","true","false","false","true","144","15.248","811.4374764040774"
"8","0.7","true","false","false","true","178","14.136","461.9115571602394"
"5","0.4","true","false","false","true","152","15.796","667.6078599433997"
"7","0.6","true","false","false","true","167","13.864","533.6586447747059"
"6","0.5","true","false","false","true","157","15.224","573.1727575178481"
"9","0.8","true","false","false","true","178","11.868","433.73786300266306"
"1","0","true","false","false","true","177","6.9","1441.31100482676"
"2","0.1","true","false","false","true","136","8.448","1333.6905096756977"
"3","0.2","true","false","false","true","141","11.456","1019.8368494524375"
"4","0.3","true","false","false","true","145","15.536","810.9315889358605"
"1","0","true","false","false","true","178","6.884","1435.6694927074764"
"8","0.7","true","false","false","true","179","13.96","462.9293384077431"
"9","0.8","true","false","false","true","179","11.76","434.55628277336274"
"6","0.5","true","false","false","true","158","15.46","574.2910549633493"
"5","0.4","true","false","false","true","153","15.956","663.6475031885751"
"7","0.6","true","false","false","true","168","13.952","533.0025792930907"
"2","0.1","true","false","false","true","137","8.5","1334.6754009259905"
"1","0","true","false","false","true","179","6.928","1433.6839142543508"
"3","0.2","true","false","false","true","142","11.436","1020.3894495102683"
"4","0.3","true","false","false","true","146","15.44","809.9057294216997"
"8","0.7","true","false","false","true","180","14.228","463.09688832223657"
"9","0.8","true","false","false","true","180","11.932","434.5614912440811"
"6","0.5","true","false","false","true","159","15.848","574.0283216040741"
"7","0.6","true","false","false","true","169","13.852","533.5198569541315"
"5","0.4","true","false","false","true","154","16.048","662.530981269452"
"1","0","true","false","false","true","180","6.932","1438.1018615827702"
"2","0.1","true","false","false","true","138","8.54","1336.3259768488335"
"8","0.7","true","false","false","true","181","14.188","462.9859289363108"
"9","0.8","true","false","false","true","181","11.804","434.27245270108847"
"4","0.3","true","false","false","true","147","15.608","807.8871893120073"
"6","0.5","true","false","false","true","160","15.824","573.3692092118457"
"3","0.2","true","false","false","true","143","11.5","1016.3265405340976"
"7","0.6","true","false","false","true","170","13.804","532.3882362219157"
"5","0.4","true","false","false","true","155","16.088","661.4897078993881"
"1","0","true","false","false","true","181","6.876","1431.5498558039053"
"9","0.8","true","false","false","true","182","11.884","433.4565014924951"
"8","0.7","true","false","false","true","182","14.088","462.3400616193916"
"2","0.1","true","false","false","true","139","8.416","1335.534789882622"
"6","0.5","true","false","false","true","161","15.436","573.4953128742609"
"7","0.6","true","false","false","true","171","14.028","533.2598850358371"
"1","0","true","false","false","true","182","6.884","1433.3194728267108"
"3","0.2","true","false","false","true","144","11.432","1016.6184799122515"
"4","0.3","true","false","false","true","148","15.512","810.0500246431711"
"5","0.4","true","false","false","true","156","16.184","661.4941300286864"
"8","0.7","true","false","false","true","183","14.076","464.133912923092"
"9","0.8","true","false","false","true","183","11.78","433.41898892810644"
"6","0.5","true","false","false","true","162","15.604","573.5879415845958"
"1","0","true","false","false","true","183","6.756","1432.4258787134445"
"7","0.6","true","false","false","true","172","13.66","532.6588413534586"
"2","0.1","true","false","false","true","140","8.496","1334.0542792604397"
"5","0.4","true","false","false","true","157","15.94","659.13971616806"
"3","0.2","true","false","false","true","145","11.584","1008.8322968654195"
"4","0.3","true","false","false","true","149","15.348","809.1371473092809"
"8","0.7","true","false","false","true","184","14.248","464.3375394601801"
"9","0.8","true","false","false","true","184","11.772","433.83036308671007"
"1","0","true","false","false","true","184","6.716","1424.2356752591593"
"7","0.6","true","false","false","true","173","13.676","531.4949894561673"
"6","0.5","true","false","false","true","163","15.844","570.9218152671245"
"5","0.4","true","false","false","true","158","16.244","660.5208201054791"
"8","0.7","true","false","false","true","185","14.304","463.2195532742167"
"9","0.8","true","false","false","true","185","11.728","434.1250661789702"
"2","0.1","true","false","false","true","141","8.472","1323.7658607277522"
"4","0.3","true","false","false","true","150","15.472","804.9485834086424"
"3","0.2","true","false","false","true","146","11.508","1011.4108556182821"
"6","0.5","true","false","false","true","164","15.796","571.463310624364"
"1","0","true","false","false","true","185","6.824","1421.3056568759812"
"7","0.6","true","false","false","true","174","14.04","531.4425856843397"
"8","0.7","true","false","false","true","186","14.38","463.14690421649703"
"9","0.8","true","false","false","true","186","11.788","433.70195219867315"
"5","0.4","true","false","false","true","159","16.316","660.3379933420783"
"4","0.3","true","false","false","true","151","15.68","801.7479303491252"
"1","0","true","false","false","true","186","6.86","1417.262059477342"
"2","0.1","true","false","false","true","142","8.62","1319.4461979263644"
"3","0.2","true","false","false","true","147","11.504","1010.6862498270187"
"6","0.5","true","false","false","true","165","15.5","572.4410784048986"
"7","0.6","true","false","false","true","175","13.956","530.8682312729646"
"8","0.7","true","false","false","true","187","14.12","464.5369684870492"
"9","0.8","true","false","false","true","187","11.46","433.5714341764546"
"1","0","true","false","false","true","187","6.82","1412.6628082655798"
"5","0.4","true","false","false","true","160","16.116","659.2883020874173"
"6","0.5","true","false","false","true","166","15.292","574.0777547747912"
"4","0.3","true","false","false","true","152","15.796","801.0837800059838"
"7","0.6","true","false","false","true","176","13.864","530.7428802942599"
"3","0.2","true","false","false","true","148","11.704","1010.0826940366557"
"2","0.1","true","false","false","true","143","8.692","1318.8695782414836"
"8","0.7","true","false","false","true","188","14.316","464.84160024836"
"9","0.8","true","false","false","true","188","11.752","434.70104481270033"
"1","0","true","false","false","true","188","6.864","1410.8289828144864"
"5","0.4","true","false","false","true","161","16.4","658.9669845711666"
"4","0.3","true","false","false","true","153","16.068","799.8201689161696"
"7","0.6","true","false","false","true","177","13.76","530.8728868566453"
"8","0.7","true","false","false","true","189","14.36","463.77610326467374"
"6","0.5","true","false","false","true","167","15.588","573.1212290717318"
"9","0.8","true","false","false","true","189","11.896","434.66156793820727"
"1","0","true","false","false","true","189","6.752","1417.479597026156"
"3","0.2","true","false","false","true","149","11.76","1005.2316893333538"
"2","0.1","true","false","false","true","144","8.596","1314.185216493099"
"5","0.4","true","false","false","true","162","16.268","657.1835253211475"
"8","0.7","true","false","false","true","190","14.232","462.8723248098515"
"7","0.6","true","false","false","true","178","13.936","532.2366139829695"
"9","0.8","true","false","false","true","190","11.776","434.78949679923824"
"1","0","true","false","false","true","190","6.86","1416.4944232502553"
"6","0.5","true","false","false","true","168","15.46","571.3148749799809"
"4","0.3","true","false","false","true","154","16.056","802.2294247820134"
"3","0.2","true","false","false","true","150","11.744","1000.8268220061636"
"2","0.1","true","false","false","true","145","8.6","1315.1129947236295"
"5","0.4","true","false","false","true","163","16.524","656.9464962736746"
"8","0.7","true","false","false","true","191","14.38","462.0726813253441"
"9","0.8","true","false","false","true","191","11.744","434.8746120906297"
"7","0.6","true","false","false","true","179","14.088","532.1113371177324"
"1","0","true","false","false","true","191","6.756","1419.579342492857"
"6","0.5","true","false","false","true","169","15.704","572.3814227888081"
"4","0.3","true","false","false","true","155","16.004","798.8222863741508"
"8","0.7","true","false","false","true","192","14.26","461.54796831770125"
"3","0.2","true","false","false","true","151","11.796","998.7552689877034"
"5","0.4","true","false","false","true","164","16.62","658.4566501596075"
"2","0.1","true","false","false","true","146","8.764","1316.8883433217673"
"9","0.8","true","false","false","true","192","11.868","435.50848544601433"
"1","0","true","false","false","true","192","6.776","1418.3653227856144"
"7","0.6","true","false","false","true","180","13.988","531.1125923194617"
"6","0.5","true","false","false","true","170","15.64","570.6483152264973"
"8","0.7","true","false","false","true","193","14.464","463.2283862616157"
"4","0.3","true","false","false","true","156","15.972","798.1629527040352"
"1","0","true","false","false","true","193","6.784","1417.1353536149047"
"9","0.8","true","false","false","true","193","11.896","435.1620092983678"
"5","0.4","true","false","false","true","165","16.74","655.3451469346983"
"3","0.2","true","false","false","true","152","11.892","996.3377783801178"
"7","0.6","true","false","false","true","181","13.924","533.5340245055048"
"2","0.1","true","false","false","true","147","8.684","1313.2085771352793"
"6","0.5","true","false","false","true","171","15.944","571.2156392376457"
"8","0.7","true","false","false","true","194","14.72","462.72339442277627"
"1","0","true","false","false","true","194","6.804","1416.4794196908351"
"4","0.3","true","false","false","true","157","15.92","796.528168633168"
"9","0.8","true","false","false","true","194","11.88","434.08189088696804"
"7","0.6","true","false","false","true","182","14.136","533.3877525096708"
"5","0.4","true","false","false","true","166","16.616","656.7780442798537"
"3","0.2","true","false","false","true","153","11.728","991.5290039824702"
"6","0.5","true","false","false","true","172","15.936","570.2162518203359"
"8","0.7","true","false","false","true","195","14.82","462.3026810898936"
"2","0.1","true","false","false","true","148","8.712","1310.3346840955255"
"9","0.8","true","false","false","true","195","11.728","434.9682069222819"
"1","0","true","false","false","true","195","6.908","1413.6302316289039"
"4","0.3","true","false","false","true","158","16.396","793.6887553719671"
"7","0.6","true","false","false","true","183","13.836","531.908878890632"
"5","0.4","true","false","false","true","167","16.708","654.0399068811149"
"6","0.5","true","false","false","true","173","15.928","569.7591958264546"
"8","0.7","true","false","false","true","196","14.748","462.1633280317179"
"3","0.2","true","false","false","true","154","11.86","987.2138825884778"
"9","0.8","true","false","false","true","196","11.792","433.91993633497094"
"1","0","true","false","false","true","196","6.88","1418.467904149509"
"2","0.1","true","false","false","true","149","8.776","1308.2374274801848"
"7","0.6","true","false","false","true","184","14.112","532.1984974608525"
"6","0.5","true","false","false","true","174","15.9","570.199120697201"
"4","0.3","true","false","false","true","159","16.428","791.9851785288886"
"8","0.7","true","false","false","true","197","14.736","462.19408066202556"
"5","0.4","true","false","false","true","168","16.668","653.4900907180555"
"1","0","true","false","false","true","197","6.844","1415.4365027900226"
"9","0.8","true","false","false","true","197","11.94","434.70505391906073"
"3","0.2","true","false","false","true","155","11.944","987.6844000580876"
"7","0.6","true","false","false","true","185","13.888","530.372053489941"
"2","0.1","true","false","false","true","150","8.82","1305.4490333814977"
"8","0.7","true","false","false","true","198","14.792","463.5110339884632"
"6","0.5","true","false","false","true","175","15.876","571.1164696993523"
"1","0","true","false","false","true","198","6.716","1418.095380775104"
"4","0.3","true","false","false","true","160","16.44","788.6646894285294"
"5","0.4","true","false","false","true","169","16.968","651.7004378157607"
"9","0.8","true","false","false","true","198","11.62","434.7052539251371"
"1","0","true","false","false","true","199","6.8","1416.611232018956"
"7","0.6","true","false","false","true","186","13.864","532.6722872960494"
"3","0.2","true","false","false","true","156","11.98","986.1078968092336"
"8","0.7","true","false","false","true","199","14.948","463.48687072627325"
"6","0.5","true","false","false","true","176","15.84","573.5076133551181"
"2","0.1","true","false","false","true","151","8.896","1302.40471258404"
"5","0.4","true","false","false","true","170","16.856","652.0063862256304"
"4","0.3","true","false","false","true","161","16.528","786.9844165772058"
"9","0.8","true","false","false","true","199","11.936","433.251585387282"
"1","0","true","false","false","true","200","6.628","1418.43939225096"
"7","0.6","true","false","false","true","187","13.912","530.7758665480006"
"8","0.7","true","false","false","true","200","15.124","462.421974826649"
"3","0.2","true","false","false","true","157","12.008","987.2518929450814"
"6","0.5","true","false","false","true","177","15.908","572.2994123412038"
"9","0.8","true","false","false","true","200","11.652","433.09508311456386"
"2","0.1","true","false","false","true","152","8.888","1303.9219233878632"
"5","0.4","true","false","false","true","171","16.788","649.9839394498871"
"1","0","true","false","false","true","201","6.684","1420.6457908583714"
"4","0.3","true","false","false","true","162","16.332","787.2338167378733"
"7","0.6","true","false","false","true","188","14.112","529.855266075112"
"8","0.7","true","false","false","true","201","14.832","462.50616689169146"
"6","0.5","true","false","false","true","178","15.872","571.6916065140832"
"9","0.8","true","false","false","true","201","11.904","432.26703541295103"
"3","0.2","true","false","false","true","158","11.848","986.2255444180515"
"1","0","true","false","false","true","202","6.728","1417.1091126966696"
"5","0.4","true","false","false","true","172","17.068","649.9928487177773"
"8","0.7","true","false","false","true","202","14.888","464.6271047523739"
"7","0.6","true","false","false","true","189","13.96","531.2937518414636"
"2","0.1","true","false","false","true","153","8.856","1298.2051300550872"
"4","0.3","true","false","false","true","163","16.544","785.4052003666045"
"1","0","true","false","false","true","203","6.78","1417.9066451113983"
"6","0.5","true","false","false","true","179","16.064","569.06242484052"
"9","0.8","true","false","false","true","202","11.672","433.669123789644"
"3","0.2","true","false","false","true","159","11.856","990.0910469484397"
"5","0.4","true","false","false","true","173","16.896","649.804795166572"
"8","0.7","true","false","false","true","203","14.724","464.5358513006596"
"7","0.6","true","false","false","true","190","14.02","530.6288660280528"
"1","0","true","false","false","true","204","6.736","1420.551101614912"
"9","0.8","true","false","false","true","203","11.88","433.96820301702115"
"2","0.1","true","false","false","true","154","8.948","1289.6695410038958"
"4","0.3","true","false","false","true","164","16.792","783.2291058527785"
"6","0.5","true","false","false","true","180","15.864","567.2694576216005"
"3","0.2","true","false","false","true","160","11.832","986.5874709024341"
"8","0.7","true","false","false","true","204","14.892","463.018122113663"
"5","0.4","true","false","false","true","174","16.936","648.4325112166753"
"1","0","true","false","false","true","205","6.776","1416.4821638149886"
"7","0.6","true","false","false","true","191","14.2","529.8146991826626"
"9","0.8","true","false","false","true","204","11.92","433.35410466323106"
"6","0.5","true","false","false","true","181","15.996","568.4346801179292"
"4","0.3","true","false","false","true","165","16.932","779.874285534293"
"2","0.1","true","false","false","true","155","8.884","1288.0319625771344"
"8","0.7","true","false","false","true","205","14.816","463.081782316076"
"1","0","true","false","false","true","206","6.732","1417.5661027860724"
"5","0.4","true","false","false","true","175","17.052","650.6933483471718"
"3","0.2","true","false","false","true","161","11.792","983.9345393923435"
"9","0.8","true","false","false","true","205","11.836","432.932129386819"
"7","0.6","true","false","false","true","192","14.092","530.0191774198996"
"6","0.5","true","false","false","true","182","16.276","567.4927606729173"
"4","0.3","true","false","false","true","166","16.84","778.2375881237596"
"8","0.7","true","false","false","true","206","15.004","462.68259181853256"
"1","0","true","false","false","true","207","6.776","1407.9875937061354"
"2","0.1","true","false","false","true","156","8.908","1286.401636976196"
"5","0.4","true","false","false","true","176","17.32","649.9884268856716"
"9","0.8","true","false","false","true","206","11.744","432.61779260494444"
"3","0.2","true","false","false","true","162","12.064","985.1034675217329"
"7","0.6","true","false","false","true","193","14.348","529.2758232432478"
"6","0.5","true","false","false","true","183","16.128","567.4214080254253"
"1","0","true","false","false","true","208","6.676","1402.3941595815463"
"8","0.7","true","false","false","true","207","14.908","464.44423240156374"
"4","0.3","true","false","false","true","167","16.88","780.5117420001892"
"9","0.8","true","false","false","true","207","11.884","432.8211844798649"
"5","0.4","true","false","false","true","177","17.356","648.1049717376281"
"2","0.1","true","false","false","true","157","8.904","1280.6734788667538"
"7","0.6","true","false","false","true","194","14.616","530.8552976087308"
"3","0.2","true","false","false","true","163","11.968","984.3477854794116"
"6","0.5","true","false","false","true","184","15.984","566.8605974126307"
"1","0","true","false","false","true","209","6.684","1399.1224036439467"
"8","0.7","true","false","false","true","208","14.84","464.1653623954401"
"9","0.8","true","false","false","true","208","11.872","432.4263877252772"
"4","0.3","true","false","false","true","168","16.872","778.9546882039158"
"5","0.4","true","false","false","true","178","17.26","645.6610528677006"
"7","0.6","true","false","false","true","195","14.684","529.1909404228791"
"1","0","true","false","false","true","210","6.736","1396.9503336794032"
"6","0.5","true","false","false","true","185","16.144","567.4030597609849"
"8","0.7","true","false","false","true","209","15.036","464.1418411882474"
"3","0.2","true","false","false","true","164","12.148","982.7167593096578"
"2","0.1","true","false","false","true","158","8.772","1282.1799420734421"
"9","0.8","true","false","false","true","209","11.8","433.44315852065034"
"4","0.3","true","false","false","true","169","16.548","779.986625037526"
"7","0.6","true","false","false","true","196","14.556","530.0090092435527"
"5","0.4","true","false","false","true","179","17.284","644.7477108368386"
"1","0","true","false","false","true","211","6.744","1396.0326684641532"
"6","0.5","true","false","false","true","186","16.032","567.8456698198364"
"8","0.7","true","false","false","true","210","14.916","463.5779951884133"
"9","0.8","true","false","false","true","210","11.728","434.0675727815078"
"3","0.2","true","false","false","true","165","12.3","977.7887345405456"
"1","0","true","false","false","true","212","6.652","1396.49477533162"
"2","0.1","true","false","false","true","159","8.956","1278.4761909379165"
"7","0.6","true","false","false","true","197","14.708","528.375120047879"
"4","0.3","true","false","false","true","170","16.64","782.5019298837965"
"5","0.4","true","false","false","true","180","17.248","645.3037486563561"
"9","0.8","true","false","false","true","211","11.84","433.68824049875843"
"6","0.5","true","false","false","true","187","16.172","566.7378691943268"
"8","0.7","true","false","false","true","211","14.748","463.26852733712536"
"1","0","true","false","false","true","213","6.756","1396.918221259598"
"3","0.2","true","false","false","true","166","12.248","980.3545672600162"
"7","0.6","true","false","false","true","198","14.66","529.7492010003887"
"9","0.8","true","false","false","true","212","11.968","433.29910955746755"
"2","0.1","true","false","false","true","160","8.904","1278.8511112018743"
"5","0.4","true","false","false","true","181","17.432","644.0724412718081"
"6","0.5","true","false","false","true","188","16.296","567.648847767226"
"4","0.3","true","false","false","true","171","16.5","780.280738047355"
"1","0","true","false","false","true","214","6.836","1395.1093615975897"
"8","0.7","true","false","false","true","212","14.884","462.1228189755525"
"7","0.6","true","false","false","true","199","14.652","526.414082203225"
"9","0.8","true","false","false","true","213","11.816","433.6674492584532"
"3","0.2","true","false","false","true","167","12.068","976.3469561211065"
"1","0","true","false","false","true","215","6.812","1382.9707603208612"
"5","0.4","true","false","false","true","182","17.088","644.1827441611149"
"6","0.5","true","false","false","true","189","16.244","569.4564082780776"
"8","0.7","true","false","false","true","213","14.796","463.2892242843709"
"4","0.3","true","false","false","true","172","16.504","781.4511101567767"
"2","0.1","true","false","false","true","161","8.872","1276.1592928596458"
"7","0.6","true","false","false","true","200","14.732","528.7764756219306"
"1","0","true","false","false","true","216","6.884","1380.8663925241442"
"9","0.8","true","false","false","true","214","11.68","432.5284932346721"
"8","0.7","true","false","false","true","214","14.736","461.58448944659654"
"3","0.2","true","false","false","true","168","12.164","976.1074422122891"
"6","0.5","true","false","false","true","190","16.312","568.052696313857"
"5","0.4","true","false","false","true","183","16.968","645.0241980629414"
"4","0.3","true","false","false","true","173","16.58","778.2320704192722"
"2","0.1","true","false","false","true","162","8.984","1270.3126825196528"
"1","0","true","false","false","true","217","6.856","1378.3502674217334"
"9","0.8","true","false","false","true","215","11.884","434.2239761027244"
"7","0.6","true","false","false","true","201","14.78","528.9304914224805"
"8","0.7","true","false","false","true","215","14.78","463.37646817460967"
"5","0.4","true","false","false","true","184","17.136","645.899526437498"
"3","0.2","true","false","false","true","169","12.088","974.3798601891899"
"6","0.5","true","false","false","true","191","16.264","568.4262492833602"
"4","0.3","true","false","false","true","174","16.628","779.2570892688631"
"1","0","true","false","false","true","218","6.864","1376.52448042203"
"9","0.8","true","false","false","true","216","11.908","434.6389358863622"
"7","0.6","true","false","false","true","202","14.528","528.4114358161227"
"2","0.1","true","false","false","true","163","8.936","1261.4298243545272"
"8","0.7","true","false","false","true","216","14.596","463.3874978044627"
"4","0.3","true","false","false","true","175","16.704","777.6060017089414"
"5","0.4","true","false","false","true","185","17.108","644.3032921764691"
"6","0.5","true","false","false","true","192","16.568","568.333086326791"
"1","0","true","false","false","true","219","6.756","1366.5643891390455"
"9","0.8","true","false","false","true","217","11.964","432.84266613172275"
"3","0.2","true","false","false","true","170","12.092","974.1148663652393"
"7","0.6","true","false","false","true","203","14.764","526.7127259986221"
"8","0.7","true","false","false","true","217","14.736","462.84731144686623"
"1","0","true","false","false","true","220","6.876","1363.8444277227131"
"2","0.1","true","false","false","true","164","8.896","1259.0097542433973"
"6","0.5","true","false","false","true","193","16.488","568.4710485704904"
"5","0.4","true","false","false","true","186","17.392","642.4260003474591"
"9","0.8","true","false","false","true","218","12.016","434.1486741675095"
"4","0.3","true","false","false","true","176","16.828","777.5047652564144"
"3","0.2","true","false","false","true","171","12.06","972.5299307968759"
"7","0.6","true","false","false","true","204","14.66","525.928812141239"
"8","0.7","true","false","false","true","218","15.092","463.0115996632548"
"1","0","true","false","false","true","221","6.976","1366.2261909997976"
"9","0.8","true","false","false","true","219","12.192","434.86715547287577"
"6","0.5","true","false","false","true","194","16.488","567.1206811413668"
"5","0.4","true","false","false","true","187","17.752","642.5148658636155"
"7","0.6","true","false","false","true","205","14.612","526.6163122450415"
"4","0.3","true","false","false","true","177","16.448","777.6144339325457"
"2","0.1","true","false","false","true","165","8.88","1257.1022569548952"
"3","0.2","true","false","false","true","172","12.148","974.420579567063"
"1","0","true","false","false","true","222","6.912","1366.0726239473304"
"8","0.7","true","false","false","true","219","14.828","462.38536677062064"
"1","0","true","false","false","true","223","6.732","1371.8849459302032"
"9","0.8","true","false","false","true","220","12.16","433.7578701402471"
"6","0.5","true","false","false","true","195","16.072","566.0073784444077"
"5","0.4","true","false","false","true","188","17.524","640.5032661470115"
"7","0.6","true","false","false","true","206","14.692","525.784666935949"
"4","0.3","true","false","false","true","178","16.812","776.93651979757"
"8","0.7","true","false","false","true","220","14.84","462.47430598377656"
"3","0.2","true","false","false","true","173","12.288","972.000470076113"
"2","0.1","true","false","false","true","166","8.948","1257.4846713627924"
"1","0","true","false","false","true","224","6.78","1371.7048615271087"
"9","0.8","true","false","false","true","221","11.932","433.3842484194278"
"6","0.5","true","false","false","true","196","16.056","567.1878568503406"
"5","0.4","true","false","false","true","189","17.716","638.692901270814"
"8","0.7","true","false","false","true","221","14.444","460.01338142152065"
"7","0.6","true","false","false","true","207","14.78","526.1133090985802"
"4","0.3","true","false","false","true","179","16.628","776.8305920459036"
"1","0","true","false","false","true","225","6.772","1375.4266450099783"
"3","0.2","true","false","false","true","174","12.272","971.7761463230358"
"9","0.8","true","false","false","true","222","11.904","433.73868378947213"
"2","0.1","true","false","false","true","167","8.848","1259.3356991941139"
"6","0.5","true","false","false","true","197","16.004","568.9941703391956"
"8","0.7","true","false","false","true","222","14.508","459.66652081178165"
"5","0.4","true","false","false","true","190","17.944","638.5797573700376"
"7","0.6","true","false","false","true","208","15.176","525.9858549768061"
"1","0","true","false","false","true","226","6.748","1377.9549364983452"
"4","0.3","true","false","false","true","180","16.572","775.0242420587925"
"9","0.8","true","false","false","true","223","12.132","433.92058196751316"
"8","0.7","true","false","false","true","223","14.66","460.01299897747293"
"6","0.5","true","false","false","true","198","16.172","567.711991205452"
"3","0.2","true","false","false","true","175","12.256","969.0578891207947"
"1","0","true","false","false","true","227","6.808","1369.4351231304834"
"2","0.1","true","false","false","true","168","8.704","1257.6114938568996"
"5","0.4","true","false","false","true","191","17.612","637.5496798171658"
"7","0.6","true","false","false","true","209","14.928","525.0098995156516"
"9","0.8","true","false","false","true","224","12.104","435.4765471880227"
"4","0.3","true","false","false","true","181","16.744","774.3706837390536"
"8","0.7","true","false","false","true","224","14.736","460.0078005488416"
"1","0","true","false","false","true","228","6.808","1364.2664100496231"
"6","0.5","true","false","false","true","199","16.124","567.2565267677461"
"3","0.2","true","false","false","true","176","12.336","965.1459453584904"
"7","0.6","true","false","false","true","210","14.908","524.3856521911563"
"5","0.4","true","false","false","true","192","17.444","637.5573629807376"
"2","0.1","true","false","false","true","169","8.808","1257.0188715156391"
"9","0.8","true","false","false","true","225","12.024","433.98370694757716"
"8","0.7","true","false","false","true","225","14.98","459.1130515978407"
"1","0","true","false","false","true","229","6.872","1359.5587944994886"
"4","0.3","true","false","false","true","182","16.892","768.7987012923379"
"6","0.5","true","false","false","true","200","16.532","567.9460908067114"
"7","0.6","true","false","false","true","211","14.796","523.9250672673854"
"5","0.4","true","false","false","true","193","17.868","636.6736814979342"
"3","0.2","true","false","false","true","177","12.6","965.746373029892"
"9","0.8","true","false","false","true","226","12.096","434.5280940417963"
"1","0","true","false","false","true","230","6.68","1353.408558208761"
"8","0.7","true","false","false","true","226","14.92","458.2747880975242"
"6","0.5","true","false","false","true","201","16.484","568.1981747290288"
"2","0.1","true","false","false","true","170","8.856","1255.2560837745198"
"4","0.3","true","false","false","true","183","16.76","770.6610175418404"
"7","0.6","true","false","false","true","212","14.304","522.9612654729425"
"9","0.8","true","false","false","true","227","12.208","434.2330382727525"
"3","0.2","true","false","false","true","178","12.756","961.1386576998749"
"8","0.7","true","false","false","true","227","14.712","459.5852116091462"
"1","0","true","false","false","true","231","6.664","1348.2967531676422"
"5","0.4","true","false","false","true","194","17.944","637.9817177547966"
"6","0.5","true","false","false","true","202","16.58","568.3522919865767"
"7","0.6","true","false","false","true","213","14.764","523.8284730138834"
"4","0.3","true","false","false","true","184","16.988","768.8399009746759"
"2","0.1","true","false","false","true","171","8.884","1252.3502589332059"
"9","0.8","true","false","false","true","228","12.168","434.7271144966697"
"8","0.7","true","false","false","true","228","15.02","460.50436586851055"
"1","0","true","false","false","true","232","6.656","1346.298252976562"
"5","0.4","true","false","false","true","195","18.176","637.2660271032328"
"3","0.2","true","false","false","true","179","12.82","961.8703631109321"
"6","0.5","true","false","false","true","203","16.568","565.8438840062105"
"7","0.6","true","false","false","true","214","14.656","523.8462560123527"
"8","0.7","true","false","false","true","229","15.008","460.16875270775404"
"2","0.1","true","false","false","true","172","8.828","1252.2907431055894"
"9","0.8","true","false","false","true","229","12.02","434.07157842968866"
"4","0.3","true","false","false","true","185","16.852","766.7265844921229"
"1","0","true","false","false","true","233","6.696","1348.135814219951"
"7","0.6","true","false","false","true","215","14.66","523.8674932280006"
"6","0.5","true","false","false","true","204","16.584","568.7050859239582"
"8","0.7","true","false","false","true","230","15.424","461.8093596940175"
"5","0.4","true","false","false","true","196","18.328","635.5087880856795"
"3","0.2","true","false","false","true","180","12.892","960.6488133138187"
"1","0","true","false","false","true","234","6.696","1341.1590429864157"
"9","0.8","true","false","false","true","230","12.048","433.66667606781783"
"2","0.1","true","false","false","true","173","8.896","1247.4514790831818"
"7","0.6","true","false","false","true","216","14.652","525.2117809246471"
"4","0.3","true","false","false","true","186","17","764.3959966493253"
"1","0","true","false","false","true","235","6.744","1341.391218099995"
"9","0.8","true","false","false","true","231","12.116","434.4284119222361"
"8","0.7","true","false","false","true","231","15.188","462.0029146270536"
"6","0.5","true","false","false","true","205","16.256","569.308157458033"
"5","0.4","true","false","false","true","197","18.468","633.4876866568248"
"3","0.2","true","false","false","true","181","12.964","957.7114238781983"
"2","0.1","true","false","false","true","174","8.824","1246.6454801015552"
"7","0.6","true","false","false","true","217","14.844","523.376045858927"
"1","0","true","false","false","true","236","6.672","1337.5333339874508"
"9","0.8","true","false","false","true","232","12.308","433.37231914173964"
"8","0.7","true","false","false","true","232","15.292","461.08737359844554"
"4","0.3","true","false","false","true","187","17.2","762.9105708982835"
"5","0.4","true","false","false","true","198","17.94","634.5459541427545"
"6","0.5","true","false","false","true","206","16.408","568.936851098616"
"8","0.7","true","false","false","true","233","15.02","460.27331591265454"
"1","0","true","false","false","true","237","6.792","1332.5222228318923"
"2","0.1","true","false","false","true","175","8.78","1243.099984000344"
"9","0.8","true","false","false","true","233","12.184","434.16083042123284"
"7","0.6","true","false","false","true","218","14.744","521.7715836003877"
"3","0.2","true","false","false","true","182","12.868","955.9685694315364"
"4","0.3","true","false","false","true","188","17.144","762.9395504793778"
"8","0.7","true","false","false","true","234","15.104","462.2237564412452"
"6","0.5","true","false","false","true","207","16.428","566.6314648366125"
"5","0.4","true","false","false","true","199","18.168","632.3277077376723"
"1","0","true","false","false","true","238","6.788","1330.38456159212"
"9","0.8","true","false","false","true","234","12.12","432.88102401817616"
"7","0.6","true","false","false","true","219","14.624","521.7121557866119"
"8","0.7","true","false","false","true","235","14.856","460.82306770837585"
"6","0.5","true","false","false","true","208","16.28","566.7199207104736"
"1","0","true","false","false","true","239","6.74","1331.8626947915484"
"2","0.1","true","false","false","true","176","8.904","1240.3866107848692"
"4","0.3","true","false","false","true","189","17.3","761.0329921134927"
"3","0.2","true","false","false","true","183","12.86","955.7749022969923"
"5","0.4","true","false","false","true","200","18.372","631.2239165437835"
"9","0.8","true","false","false","true","235","12.012","432.4517828041519"
"6","0.5","true","false","false","true","209","16.408","570.2951644609412"
"7","0.6","true","false","false","true","220","14.84","520.1299870539444"
"8","0.7","true","false","false","true","236","15.016","460.1605011597724"
"1","0","true","false","false","true","240","6.7","1333.2487354113853"
"6","0.5","true","false","false","true","210","16.8","569.1133738812384"
"4","0.3","true","false","false","true","190","17.408","761.3261885207523"
"9","0.8","true","false","false","true","236","11.9","432.1879595980486"
"5","0.4","true","false","false","true","201","18.332","629.8290253602671"
"8","0.7","true","false","false","true","237","15.152","460.6436222448048"
"2","0.1","true","false","false","true","177","8.852","1239.9209763459755"
"3","0.2","true","false","false","true","184","12.844","953.5010348637999"
"1","0","true","false","false","true","241","6.66","1332.2188504032933"
"7","0.6","true","false","false","true","221","14.868","522.1027298529502"
"6","0.5","true","false","false","true","211","16.648","569.0203232507092"
"9","0.8","true","false","false","true","237","11.828","433.35416885650693"
"8","0.7","true","false","false","true","238","14.944","460.7955279714275"
"4","0.3","true","false","false","true","191","17.508","764.7487103847725"
"1","0","true","false","false","true","242","6.628","1330.2677693642001"
"5","0.4","true","false","false","true","202","18.504","629.2633560962322"
"2","0.1","true","false","false","true","178","8.836","1236.449271663256"
"7","0.6","true","false","false","true","222","14.756","520.6266768505191"
"3","0.2","true","false","false","true","185","12.864","952.2521214313572"
"6","0.5","true","false","false","true","212","16.808","568.7636890985975"
"8","0.7","true","false","false","true","239","15.032","460.80504025002585"
"1","0","true","false","false","true","243","6.796","1326.5548381782748"
"9","0.8","true","false","false","true","238","11.964","431.74729137977135"
"5","0.4","true","false","false","true","203","18.348","630.795342507977"
"4","0.3","true","false","false","true","192","17.452","763.38931119938"
"3","0.2","true","false","false","true","186","13.264","949.1743023272462"
"7","0.6","true","false","false","true","223","14.984","519.4242049907787"
"6","0.5","true","false","false","true","213","16.776","570.6938899811769"
"2","0.1","true","false","false","true","179","8.812","1231.7195296917364"
"1","0","true","false","false","true","244","6.76","1319.9435666217685"
"8","0.7","true","false","false","true","240","15.244","459.4701071659969"
"9","0.8","true","false","false","true","239","12.052","432.46041947285784"
"5","0.4","true","false","false","true","204","18.2","630.6021395924123"
"6","0.5","true","false","false","true","214","16.884","569.6869919568551"
"7","0.6","true","false","false","true","224","14.88","521.1552575556499"
"4","0.3","true","false","false","true","193","17.628","765.7425277532559"
"1","0","true","false","false","true","245","6.792","1319.7304605711313"
"3","0.2","true","false","false","true","187","13.392","946.3831432749719"
"8","0.7","true","false","false","true","241","14.996","459.9871958246672"
"9","0.8","true","false","false","true","240","11.972","431.3243887739493"
"6","0.5","true","false","false","true","215","16.764","570.9292613886138"
"2","0.1","true","false","false","true","180","8.944","1228.258335049543"
"5","0.4","true","false","false","true","205","18.324","630.2112095355047"
"7","0.6","true","false","false","true","225","14.984","519.2961387141902"
"4","0.3","true","false","false","true","194","17.54","765.6192144764126"
"8","0.7","true","false","false","true","242","15.24","460.53874310993973"
"9","0.8","true","false","false","true","241","12.056","431.3198766204538"
"1","0","true","false","false","true","246","6.78","1315.4612226106372"
"3","0.2","true","false","false","true","188","13.46","946.5422897994249"
"6","0.5","true","false","false","true","216","17.052","569.5085931918746"
"5","0.4","true","false","false","true","206","18.56","627.0814959838467"
"1","0","true","false","false","true","247","6.796","1315.7797338090406"
"2","0.1","true","false","false","true","181","8.916","1225.3040162553636"
"9","0.8","true","false","false","true","242","12.032","433.0228032695743"
"8","0.7","true","false","false","true","243","15.46","459.59708634380337"
"4","0.3","true","false","false","true","195","17.364","765.4931302826934"
"7","0.6","true","false","false","true","226","14.944","519.9859151722053"
"1","0","true","false","false","true","248","6.76","1319.7557385496045"
"3","0.2","true","false","false","true","189","13.404","950.8422264362418"
"5","0.4","true","false","false","true","207","18.756","627.3098078494813"
"6","0.5","true","false","false","true","217","16.856","567.8988778023587"
"8","0.7","true","false","false","true","244","15.436","459.21702148776455"
"7","0.6","true","false","false","true","227","14.86","519.4057787627021"
"9","0.8","true","false","false","true","243","12.324","432.7928691764129"
"1","0","true","false","false","true","249","6.816","1317.949265655875"
"2","0.1","true","false","false","true","182","9.012","1220.3462446970038"
"4","0.3","true","false","false","true","196","17.52","762.7536637307994"
"6","0.5","true","false","false","true","218","16.876","568.8108845474216"
"8","0.7","true","false","false","true","245","15.476","459.54330183991783"
"7","0.6","true","false","false","true","228","14.776","519.788330172187"
"5","0.4","true","false","false","true","208","18.836","625.2124780283519"
"3","0.2","true","false","false","true","190","13.372","947.0723805648759"
"9","0.8","true","false","false","true","244","12.28","431.55125041021125"
"1","0","true","false","false","true","250","6.704","1318.5420181139616"
"7","0.6","true","false","false","true","229","14.824","520.5666060692404"
"8","0.7","true","false","false","true","246","15.444","459.3635236464126"
"4","0.3","true","false","false","true","197","17.628","762.0879135387878"
"1","0","true","false","false","true","251","6.74","1320.8843549370033"
"2","0.1","true","false","false","true","183","9.032","1216.8749987141866"
"6","0.5","true","false","false","true","219","16.72","569.284610762811"
"5","0.4","true","false","false","true","209","18.8","624.4738182228792"
"9","0.8","true","false","false","true","245","12.28","431.24992752326364"
"3","0.2","true","false","false","true","191","13.208","944.6090099258078"
"8","0.7","true","false","false","true","247","15.288","459.6940975940542"
"7","0.6","true","false","false","true","230","15.168","520.6184817234368"
"1","0","true","false","false","true","252","6.852","1321.0795809921526"
"6","0.5","true","false","false","true","220","16.828","568.8178985137398"
"9","0.8","true","false","false","true","246","12.54","431.1506569713168"
"4","0.3","true","false","false","true","198","17.512","760.191304415699"
"1","0","true","false","false","true","253","6.856","1317.4866602586737"
"5","0.4","true","false","false","true","210","19.112","625.3395271737498"
"2","0.1","true","false","false","true","184","8.968","1212.1240160823907"
"8","0.7","true","false","false","true","248","15.372","459.9704720256255"
"7","0.6","true","false","false","true","231","15.036","519.0669908286578"
"3","0.2","true","false","false","true","192","13.328","940.4997380627078"
"6","0.5","true","false","false","true","221","16.82","568.8474334766103"
"4","0.3","true","false","false","true","199","17.856","759.1190562412778"
"9","0.8","true","false","false","true","247","12.66","429.76374066275355"
"7","0.6","true","false","false","true","232","14.916","520.58664531618"
"1","0","true","false","false","true","254","6.82","1317.261970370779"
"5","0.4","true","false","false","true","211","19.028","625.5162888802035"
"8","0.7","true","false","false","true","249","15.312","459.57948561644235"
"2","0.1","true","false","false","true","185","9.084","1210.011129586774"
"3","0.2","true","false","false","true","193","13.372","939.944152841177"
"9","0.8","true","false","false","true","248","12.316","429.8625752558866"
"7","0.6","true","false","false","true","233","15.232","519.1047505782631"
"1","0","true","false","false","true","255","6.836","1316.5868287614985"
"6","0.5","true","false","false","true","222","16.776","567.7141165881513"
"4","0.3","true","false","false","true","200","17.484","758.3963237241962"
"8","0.7","true","false","false","true","250","15.372","459.7603582790718"
"5","0.4","true","false","false","true","212","19.312","623.134295731218"
"9","0.8","true","false","false","true","249","12.516","429.42821306755917"
"2","0.1","true","false","false","true","186","9.116","1207.0225718796262"
"8","0.7","true","false","false","true","251","15.432","458.70333355939687"
"3","0.2","true","false","false","true","194","13.544","937.1099601047714"
"7","0.6","true","false","false","true","234","15.26","518.0081656395224"
"1","0","true","false","false","true","256","6.852","1314.187491718607"
"6","0.5","true","false","false","true","223","17.172","567.5124579901025"
"4","0.3","true","false","false","true","201","17.64","757.8472694792857"
"5","0.4","true","false","false","true","213","19.308","624.1084099169426"
"9","0.8","true","false","false","true","250","12.528","430.84776406447617"
"8","0.7","true","false","false","true","252","15.196","458.123782189613"
"1","0","true","false","false","true","257","6.892","1311.1980278350445"
"6","0.5","true","false","false","true","224","16.932","568.2008484678599"
"7","0.6","true","false","false","true","235","15.204","519.0054046503978"
"2","0.1","true","false","false","true","187","9.196","1208.4777907974258"
"8","0.7","true","false","false","true","253","15.464","456.9382427946444"
"5","0.4","true","false","false","true","214","19.684","626.5292342280686"
"3","0.2","true","false","false","true","195","13.392","934.9974766536832"
"9","0.8","true","false","false","true","251","12.532","429.3122437429121"
"4","0.3","true","false","false","true","202","17.64","756.9800832271262"
"8","0.7","true","false","false","true","254","15.3","458.4473882699131"
"1","0","true","false","false","true","258","6.784","1312.436313204049"
"9","0.8","true","false","false","true","252","12.672","430.9098142695077"
"7","0.6","true","false","false","true","236","15.136","519.8971808666329"
"6","0.5","true","false","false","true","225","17.096","566.1486863155661"
"3","0.2","true","false","false","true","196","13.548","933.7398534567769"
"5","0.4","true","false","false","true","215","19.296","625.7096530035938"
"2","0.1","true","false","false","true","188","9.036","1210.2719681862832"
"1","0","true","false","false","true","259","6.8","1311.509989350852"
"4","0.3","true","false","false","true","203","17.728","756.7716414890815"
"9","0.8","true","false","false","true","253","12.672","430.2629526232653"
"8","0.7","true","false","false","true","255","15.044","460.74276077065565"
"7","0.6","true","false","false","true","237","15.08","521.2225013984134"
"6","0.5","true","false","false","true","226","17.396","565.021958512762"
"4","0.3","true","false","false","true","204","17.544","755.2740899449949"
"5","0.4","true","false","false","true","216","19.208","624.176662000253"
"3","0.2","true","false","false","true","197","13.68","933.2991495341691"
"1","0","true","false","false","true","260","6.628","1306.2930182111893"
"9","0.8","true","false","false","true","254","12.576","431.31243451048016"
"2","0.1","true","false","false","true","189","9.084","1211.4416926669162"
"8","0.7","true","false","false","true","256","15.136","459.9792830064737"
"7","0.6","true","false","false","true","238","14.976","520.3008129585372"
"6","0.5","true","false","false","true","227","17.368","562.5985526037144"
"4","0.3","true","false","false","true","205","17.752","753.8714380088669"
"1","0","true","false","false","true","261","6.672","1306.2092563473125"
"5","0.4","true","false","false","true","217","19.024","622.8686278657788"
"9","0.8","true","false","false","true","255","12.368","431.13241546262424"
"3","0.2","true","false","false","true","198","13.624","931.7688812457311"
"8","0.7","true","false","false","true","257","15.296","458.9740733391042"
"2","0.1","true","false","false","true","190","9.104","1210.3834966928523"
"7","0.6","true","false","false","true","239","15.076","521.0460979134132"
"9","0.8","true","false","false","true","256","12.268","429.6393877906642"
"1","0","true","false","false","true","262","6.8","1304.844454343239"
"6","0.5","true","false","false","true","228","17.436","563.1995891717595"
"5","0.4","true","false","false","true","218","19.1","624.1265528107507"
"7","0.6","true","false","false","true","240","15.24","519.1942845478956"
"4","0.3","true","false","false","true","206","17.648","752.3260254593498"
"8","0.7","true","false","false","true","258","15.396","457.0321622881225"
"1","0","true","false","false","true","263","6.748","1293.8703062068532"
"3","0.2","true","false","false","true","199","13.496","930.824735309179"
"2","0.1","true","false","false","true","191","9.14","1202.247434139879"
"9","0.8","true","false","false","true","257","12.54","429.7771117150037"
"5","0.4","true","false","false","true","219","18.852","620.6761618978659"
"7","0.6","true","false","false","true","241","15.296","518.3330244242396"
"6","0.5","true","false","false","true","229","17.328","563.4340032357775"
"1","0","true","false","false","true","264","6.692","1289.3166726436564"
"8","0.7","true","false","false","true","259","15.412","458.77732809944445"
"4","0.3","true","false","false","true","207","17.692","750.8718182282312"
"1","0","true","false","false","true","265","6.76","1288.039459511333"
"9","0.8","true","false","false","true","258","12.62","429.91475005420887"
"2","0.1","true","false","false","true","192","8.972","1202.5080891316359"
"3","0.2","true","false","false","true","200","13.46","930.5294018720277"
"7","0.6","true","false","false","true","242","15.172","518.7109867634831"
"5","0.4","true","false","false","true","220","18.604","621.3913739962745"
"1","0","true","false","false","true","266","6.756","1288.4585777909674"
"8","0.7","true","false","false","true","260","15.68","458.94144749217895"
"6","0.5","true","false","false","true","230","17.244","565.8754487329697"
"9","0.8","true","false","false","true","259","12.4","429.08684379946357"
"7","0.6","true","false","false","true","243","15.008","518.4974516695669"
"4","0.3","true","false","false","true","208","17.872","748.2239203611758"
"1","0","true","false","false","true","267","6.772","1291.592739108507"
"5","0.4","true","false","false","true","221","19.212","621.0975337669533"
"8","0.7","true","false","false","true","261","15.212","459.55474497337275"
"2","0.1","true","false","false","true","193","8.916","1201.7523390100262"
"3","0.2","true","false","false","true","201","13.304","929.717965164248"
"6","0.5","true","false","false","true","231","17.52","566.7072136931043"
"9","0.8","true","false","false","true","260","12.512","429.3581593677986"
"7","0.6","true","false","false","true","244","15.056","519.0468499808675"
"1","0","true","false","false","true","268","6.724","1292.9006317335202"
"8","0.7","true","false","false","true","262","15.388","459.34211479975374"
"4","0.3","true","false","false","true","209","18.044","746.1515914139692"
"9","0.8","true","false","false","true","261","12.68","429.8004602234966"
"5","0.4","true","false","false","true","222","19.06","621.1774381562891"
"6","0.5","true","false","false","true","232","17.324","567.0587061435073"
"7","0.6","true","false","false","true","245","15.068","519.6815332494757"
"2","0.1","true","false","false","true","194","9.108","1197.0863772383902"
"1","0","true","false","false","true","269","6.7","1297.0533817231612"
"3","0.2","true","false","false","true","202","13.596","927.9803543276191"
"8","0.7","true","false","false","true","263","15.472","459.8543085202689"
"9","0.8","true","false","false","true","262","12.504","430.2423719055865"
"4","0.3","true","false","false","true","210","18.112","744.6007330351406"
"1","0","true","false","false","true","270","6.716","1299.594485469008"
"7","0.6","true","false","false","true","246","15.1","518.5734429668883"
"5","0.4","true","false","false","true","223","19.348","622.3456124131882"
"6","0.5","true","false","false","true","233","17.496","564.9210077278041"
"9","0.8","true","false","false","true","263","12.52","429.63202705593585"
"3","0.2","true","false","false","true","203","13.684","927.418407979281"
"8","0.7","true","false","false","true","264","15.376","459.4946987006201"
"2","0.1","true","false","false","true","195","9.456","1196.4916142448783"
"7","0.6","true","false","false","true","247","15.296","518.8670950630867"
"1","0","true","false","false","true","271","6.796","1293.6645561818527"
"5","0.4","true","false","false","true","224","19.076","623.5029693418957"
"4","0.3","true","false","false","true","211","18.26","741.6459786822273"
"6","0.5","true","false","false","true","234","17.572","563.6773874417412"
"9","0.8","true","false","false","true","264","12.436","429.3611993595717"
"8","0.7","true","false","false","true","265","15.676","459.89597079871913"
"1","0","true","false","false","true","272","6.856","1292.151421982967"
"7","0.6","true","false","false","true","248","15.348","518.905709246857"
"5","0.4","true","false","false","true","225","19.196","623.40416222719"
"4","0.3","true","false","false","true","212","18.104","743.5986172417144"
"3","0.2","true","false","false","true","204","13.84","925.1683496001197"
"6","0.5","true","false","false","true","235","17.892","563.2671186676265"
"2","0.1","true","false","false","true","196","9.28","1196.5378425839522"
"9","0.8","true","false","false","true","265","12.316","429.9288562914418"
"8","0.7","true","false","false","true","266","15.808","459.0000179723704"
"4","0.3","true","false","false","true","213","18.308","737.5352096117077"
"1","0","true","false","false","true","273","6.792","1294.4737106951652"
"7","0.6","true","false","false","true","249","15.576","518.5591676111604"
"3","0.2","true","false","false","true","205","13.756","922.5012203781245"
"5","0.4","true","false","false","true","226","19.42","621.339022478292"
"6","0.5","true","false","false","true","236","17.612","561.9379589356375"
"9","0.8","true","false","false","true","266","12.704","430.153478907448"
"1","0","true","false","false","true","274","6.664","1293.5825380646725"
"4","0.3","true","false","false","true","214","18.304","739.0868446982016"
"2","0.1","true","false","false","true","197","9.384","1195.989508133237"
"8","0.7","true","false","false","true","267","15.732","458.6325515142197"
"7","0.6","true","false","false","true","250","15.668","517.3708174642895"
"1","0","true","false","false","true","275","6.788","1289.346524403053"
"9","0.8","true","false","false","true","267","12.552","430.60746271717437"
"8","0.7","true","false","false","true","268","15.436","459.3500278011232"
"6","0.5","true","false","false","true","237","17.56","562.4239407346133"
"5","0.4","true","false","false","true","227","19.32","620.0132891467294"
"3","0.2","true","false","false","true","206","13.58","919.9008963453947"
"4","0.3","true","false","false","true","215","18.312","739.2049180019382"
"1","0","true","false","false","true","276","6.752","1293.124946881395"
"9","0.8","true","false","false","true","268","12.524","430.13724804188985"
"2","0.1","true","false","false","true","198","9.456","1193.954813318187"
"6","0.5","true","false","false","true","238","17.58","561.8927866803721"
"7","0.6","true","false","false","true","251","15.716","517.3249748980817"
"8","0.7","true","false","false","true","269","15.48","457.80578957491593"
"5","0.4","true","false","false","true","228","19.576","620.1109692781278"
"1","0","true","false","false","true","277","6.792","1289.4065186004125"
"4","0.3","true","false","false","true","216","18.456","737.2773270503665"
"3","0.2","true","false","false","true","207","13.736","917.772633198718"
"9","0.8","true","false","false","true","269","12.768","429.58198373267857"
"6","0.5","true","false","false","true","239","17.704","561.3138641863043"
"8","0.7","true","false","false","true","270","15.664","458.842452691188"
"1","0","true","false","false","true","278","6.608","1290.3588100728866"
"7","0.6","true","false","false","true","252","15.652","515.2175144339075"
"5","0.4","true","false","false","true","229","19.488","620.6394453916349"
"2","0.1","true","false","false","true","199","9.412","1192.550780075847"
"4","0.3","true","false","false","true","217","18.312","737.1771078743308"
"9","0.8","true","false","false","true","270","12.448","428.5222799441659"
"3","0.2","true","false","false","true","208","13.824","919.375450880277"
"9","0.8","true","false","false","true","271","12.604","428.9335664480391"
"8","0.7","true","false","false","true","271","15.576","458.01466870510063"
"6","0.5","true","false","false","true","240","17.66","558.8398540645348"
"1","0","true","false","false","true","279","6.712","1291.241226420884"
"7","0.6","true","false","false","true","253","15.62","516.3772839999152"
"5","0.4","true","false","false","true","230","19.504","619.7470147119847"
"4","0.3","true","false","false","true","218","18.632","735.2424224100962"
"3","0.2","true","false","false","true","209","13.748","917.3488107629224"
"2","0.1","true","false","false","true","200","9.496","1189.0724989215214"
"9","0.8","true","false","false","true","272","12.58","429.5548648017103"
"1","0","true","false","false","true","280","6.708","1292.1149817201833"
"8","0.7","true","false","false","true","272","15.892","458.05677605534646"
"7","0.6","true","false","false","true","254","15.56","519.0934831854954"
"6","0.5","true","false","false","true","241","17.968","557.9858098015246"
"1","0","true","false","false","true","281","6.796","1289.8497831290829"
"5","0.4","true","false","false","true","231","19.284","620.5829467907581"
"4","0.3","true","false","false","true","219","18.396","736.3683563684446"
"9","0.8","true","false","false","true","273","12.74","429.8335230479623"
"7","0.6","true","false","false","true","255","15.6","518.2236877564442"
"3","0.2","true","false","false","true","210","13.66","914.7068282999129"
"8","0.7","true","false","false","true","273","15.992","457.88186339138537"
"2","0.1","true","false","false","true","201","9.496","1186.8451192123348"
"6","0.5","true","false","false","true","242","18.244","560.3585153986704"
"1","0","true","false","false","true","282","6.704","1280.5928742591834"
"7","0.6","true","false","false","true","256","15.656","516.4511979144762"
"9","0.8","true","false","false","true","274","12.592","429.57552349614406"
"5","0.4","true","false","false","true","232","19.584","619.027492479101"
"8","0.7","true","false","false","true","274","16.06","457.3491967177931"
"4","0.3","true","false","false","true","220","18.404","735.8187870487438"
"6","0.5","true","false","false","true","243","18.132","560.1191781706475"
"3","0.2","true","false","false","true","211","13.92","914.8994548797788"
"1","0","true","false","false","true","283","6.624","1279.978898398377"
"2","0.1","true","false","false","true","202","9.592","1186.9811215399018"
"8","0.7","true","false","false","true","275","15.784","457.8205016616319"
"9","0.8","true","false","false","true","275","12.676","429.27889819267637"
"4","0.3","true","false","false","true","221","18.332","735.0329808990202"
"7","0.6","true","false","false","true","257","15.656","516.7619735335652"
"5","0.4","true","false","false","true","233","19.408","616.2673215230748"
"1","0","true","false","false","true","284","6.764","1277.511800613633"
"6","0.5","true","false","false","true","244","17.912","558.3084864147322"
"3","0.2","true","false","false","true","212","13.888","915.296959338384"
"1","0","true","false","false","true","285","6.772","1277.1904714997802"
"7","0.6","true","false","false","true","258","15.7","515.3956015113265"
"8","0.7","true","false","false","true","276","15.796","458.0720052457394"
"9","0.8","true","false","false","true","276","12.568","429.36781706387376"
"2","0.1","true","false","false","true","203","9.58","1191.897662984632"
"4","0.3","true","false","false","true","222","18.212","735.6695844472727"
"1","0","true","false","false","true","286","6.78","1278.7520514892753"
"5","0.4","true","false","false","true","234","19.256","618.6109845699459"
"9","0.8","true","false","false","true","277","12.632","429.40410424163696"
"8","0.7","true","false","false","true","277","15.892","458.0641480634786"
"6","0.5","true","false","false","true","245","17.956","560.1794872252023"
"1","0","true","false","false","true","287","6.736","1273.9811220817467"
"7","0.6","true","false","false","true","259","15.764","514.546997432559"
"3","0.2","true","false","false","true","213","14.048","912.4694108763035"
"8","0.7","true","false","false","true","278","15.988","457.48941003878724"
"4","0.3","true","false","false","true","223","18.244","732.1849107348162"
"9","0.8","true","false","false","true","278","12.624","429.1191848109993"
"5","0.4","true","false","false","true","235","19.604","617.7359664030051"
"2","0.1","true","false","false","true","204","9.5","1187.994437928972"
"1","0","true","false","false","true","288","6.656","1273.364540752166"
"6","0.5","true","false","false","true","246","18.06","560.2260239452222"
"9","0.8","true","false","false","true","279","12.524","430.5578365365202"
"8","0.7","true","false","false","true","279","16.136","456.18571502701883"
"3","0.2","true","false","false","true","214","14.02","913.9862111348117"
"7","0.6","true","false","false","true","260","15.848","515.097999015795"
"5","0.4","true","false","false","true","236","19.548","618.5215834370117"
"4","0.3","true","false","false","true","224","18.388","732.5058137293742"
"1","0","true","false","false","true","289","6.792","1272.8175480884072"
"9","0.8","true","false","false","true","280","12.812","430.6097873702398"
"8","0.7","true","false","false","true","280","15.584","457.5406867294668"
"6","0.5","true","false","false","true","247","17.984","559.1042458935289"
"7","0.6","true","false","false","true","261","15.728","514.251620950206"
"2","0.1","true","false","false","true","205","9.416","1187.9714887162645"
"5","0.4","true","false","false","true","237","19.62","615.6530198212764"
"3","0.2","true","false","false","true","215","14.188","911.3259578738395"
"9","0.8","true","false","false","true","281","12.8","429.7276804362764"
"8","0.7","true","false","false","true","281","15.7","457.9474744069761"
"1","0","true","false","false","true","290","6.828","1270.9504680423897"
"4","0.3","true","false","false","true","225","18.484","730.1825852717168"
"7","0.6","true","false","false","true","262","15.888","515.4544117595965"
"6","0.5","true","false","false","true","248","18.12","557.7353333445908"
"5","0.4","true","false","false","true","238","19.724","617.736454088793"
"8","0.7","true","false","false","true","282","15.792","458.87471852540807"
"1","0","true","false","false","true","291","6.836","1268.3354365639782"
"3","0.2","true","false","false","true","216","13.992","912.3918239397839"
"9","0.8","true","false","false","true","282","12.776","429.69189820058807"
"2","0.1","true","false","false","true","206","9.352","1187.6111114850057"
"4","0.3","true","false","false","true","226","18.504","730.7936428143136"
"6","0.5","true","false","false","true","249","18.244","557.2928158713232"
"8","0.7","true","false","false","true","283","15.924","459.6840039460097"
"5","0.4","true","false","false","true","239","19.9","616.3067774675891"
"7","0.6","true","false","false","true","263","15.892","515.39324224165"
"1","0","true","false","false","true","292","6.792","1268.886496000987"
"9","0.8","true","false","false","true","283","13.02","428.264579918397"
"6","0.5","true","false","false","true","250","18.204","556.2270118481877"
"7","0.6","true","false","false","true","264","16.116","516.9445035186667"
"8","0.7","true","false","false","true","284","15.896","460.0151030739339"
"1","0","true","false","false","true","293","6.732","1265.72152431231"
"3","0.2","true","false","false","true","217","14.18","913.6775712360707"
"2","0.1","true","false","false","true","207","9.428","1183.8834206498987"
"4","0.3","true","false","false","true","227","18.32","729.8795054373875"
"5","0.4","true","false","false","true","240","19.86","615.7465998750467"
"6","0.5","true","false","false","true","251","17.968","558.1994968780758"
"7","0.6","true","false","false","true","265","15.972","517.8974014967359"
"8","0.7","true","false","false","true","285","15.564","459.27189759495275"
"1","0","true","false","false","true","294","6.768","1264.9640261370998"
"9","0.8","true","false","false","true","284","12.956","429.81470646378"
"5","0.4","true","false","false","true","241","20.196","616.5431793731233"
"6","0.5","true","false","false","true","252","18.008","558.0351396448953"
"4","0.3","true","false","false","true","228","18.516","728.7900059783346"
"8","0.7","true","false","false","true","286","15.92","458.15877512542187"
"2","0.1","true","false","false","true","208","9.548","1185.6465961762483"
"3","0.2","true","false","false","true","218","14.224","911.2606354476126"
"1","0","true","false","false","true","295","6.856","1267.915099683264"
"7","0.6","true","false","false","true","266","16.032","517.5445711051553"
"9","0.8","true","false","false","true","285","12.976","429.1670791199938"
"6","0.5","true","false","false","true","253","18.012","558.4213870784105"
"5","0.4","true","false","false","true","242","19.976","619.5410812520131"
"1","0","true","false","false","true","296","6.804","1273.0672058670243"
"8","0.7","true","false","false","true","287","15.988","460.10526878195316"
"9","0.8","true","false","false","true","286","12.932","429.2837372686678"
"1","0","true","false","false","true","297","6.944","1277.9590479092801"
"4","0.3","true","false","false","true","229","18.588","723.7610702959508"
"2","0.1","true","false","false","true","209","9.588","1177.6095541368556"
"6","0.5","true","false","false","true","254","17.912","559.8688508029201"
"7","0.6","true","false","false","true","267","15.708","516.6031521543485"
"5","0.4","true","false","false","true","243","20.352","617.2938350643143"
"3","0.2","true","false","false","true","219","14.208","907.9550199402026"
"4","0.3","true","false","false","true","230","18.284","726.0648921821626"
"8","0.7","true","false","false","true","288","15.636","459.2155536145604"
"6","0.5","true","false","false","true","255","17.708","558.925741509562"
"9","0.8","true","false","false","true","287","12.932","428.61591159142586"
"1","0","true","false","false","true","298","6.804","1274.509207320365"
"2","0.1","true","false","false","true","210","9.548","1168.9585316606156"
"7","0.6","true","false","false","true","268","15.916","518.2010784738595"
"5","0.4","true","false","false","true","244","20.304","618.1769587573639"
"3","0.2","true","false","false","true","220","14.316","908.0747841381041"
"9","0.8","true","false","false","true","288","12.872","429.32949020746787"
"8","0.7","true","false","false","true","289","15.472","459.59001005600265"
"4","0.3","true","false","false","true","231","18.128","725.3216184862854"
"6","0.5","true","false","false","true","256","17.724","559.3725718078788"
"1","0","true","false","false","true","299","6.64","1268.2952886916614"
"9","0.8","true","false","false","true","289","12.904","429.1326684111076"
"2","0.1","true","false","false","true","211","9.536","1171.8024285061356"
"8","0.7","true","false","false","true","290","16.012","459.7753000131419"
"5","0.4","true","false","false","true","245","20.208","619.7494463904452"
"7","0.6","true","false","false","true","269","15.832","518.1247805849458"
"8","0.7","true","false","false","true","291","15.764","460.1486744279634"
"3","0.2","true","false","false","true","221","14.244","912.3576667258899"
"6","0.5","true","false","false","true","257","17.936","559.0299768618027"
"4","0.3","true","false","false","true","232","18.004","724.4328242809049"
"1","0","true","false","false","true","300","6.62","1265.5663872267905"
"9","0.8","true","false","false","true","290","13.004","428.05956052831255"
"2","0.1","true","false","false","true","212","9.456","1170.0318245986334"
"7","0.6","true","false","false","true","270","15.82","516.9702093109788"
"5","0.4","true","false","false","true","246","20.244","620.1413346681252"
"8","0.7","true","false","false","true","292","15.94","459.87360680438053"
"1","0","true","false","false","true","301","6.628","1260.841719923962"
"4","0.3","true","false","false","true","233","18.356","723.9522370923752"
"9","0.8","true","false","false","true","291","12.984","428.61563015383416"
"6","0.5","true","false","false","true","258","17.704","557.5102890506857"
"8","0.7","true","false","false","true","293","15.464","460.18136458200786"
"1","0","true","false","false","true","302","6.692","1255.7960587209018"
"3","0.2","true","false","false","true","222","14.24","911.0134292865987"
"4","0.3","true","false","false","true","234","18.564","723.0612941675644"
"2","0.1","true","false","false","true","213","9.376","1170.8070875132853"
"7","0.6","true","false","false","true","271","15.856","518.60876371983"
"9","0.8","true","false","false","true","292","12.832","428.38887077423686"
"5","0.4","true","false","false","true","247","19.892","617.1780462160641"
"1","0","true","false","false","true","303","6.712","1247.7614892227468"
"6","0.5","true","false","false","true","259","17.716","556.9853057423284"
"8","0.7","true","false","false","true","294","15.568","460.62900390683956"
"7","0.6","true","false","false","true","272","15.772","516.1071869185662"
"4","0.3","true","false","false","true","235","18.804","721.2682657650371"
"5","0.4","true","false","false","true","248","20.432","615.7519012035671"
"9","0.8","true","false","false","true","293","12.888","427.21780340066704"
"3","0.2","true","false","false","true","223","14.304","910.2117230171104"
"1","0","true","false","false","true","304","6.684","1250.6653620170268"
"2","0.1","true","false","false","true","214","9.3","1171.6357256283463"
"5","0.4","true","false","false","true","249","20.508","613.2304567044591"
"6","0.5","true","false","false","true","260","17.688","557.6837247673809"
"7","0.6","true","false","false","true","273","15.672","516.2828371010729"
"8","0.7","true","false","false","true","295","16.1","459.0036033578135"
"1","0","true","false","false","true","305","6.724","1245.7547082432084"
"9","0.8","true","false","false","true","294","12.828","426.7474093938026"
"4","0.3","true","false","false","true","236","19","722.7597211295237"
"7","0.6","true","false","false","true","274","15.884","517.3151103664227"
"5","0.4","true","false","false","true","250","20.34","613.8002276390189"
"1","0","true","false","false","true","306","6.752","1243.8200781487528"
"3","0.2","true","false","false","true","224","14.368","905.5001916683336"
"6","0.5","true","false","false","true","261","17.628","557.3433115672169"
"9","0.8","true","false","false","true","295","12.96","426.7461439941728"
"8","0.7","true","false","false","true","296","16.12","458.35700133860666"
"2","0.1","true","false","false","true","215","9.416","1176.3548755392017"
"1","0","true","false","false","true","307","6.86","1238.0469720002595"
"4","0.3","true","false","false","true","237","18.64","723.0796177504783"
"5","0.4","true","false","false","true","251","20.208","613.397383451028"
"7","0.6","true","false","false","true","275","15.684","518.0993010678818"
"8","0.7","true","false","false","true","297","16.168","457.25994472278126"
"9","0.8","true","false","false","true","296","13.144","426.2639486919818"
"6","0.5","true","false","false","true","262","17.848","560.2473909660204"
"3","0.2","true","false","false","true","225","14.4","907.031808806344"
"8","0.7","true","false","false","true","298","16.112","457.32561249453335"
"1","0","true","false","false","true","308","6.688","1233.0375609615528"
"2","0.1","true","false","false","true","216","9.452","1172.4806399015251"
"4","0.3","true","false","false","true","238","18.788","723.4124887565987"
"9","0.8","true","false","false","true","297","12.888","426.26759463840125"
"5","0.4","true","false","false","true","252","20.42","612.8566215081441"
"7","0.6","true","false","false","true","276","15.384","517.145693072166"
"6","0.5","true","false","false","true","263","17.928","560.107783089458"
"1","0","true","false","false","true","309","6.648","1232.1153192425802"
"8","0.7","true","false","false","true","299","15.856","457.79203615081764"
"3","0.2","true","false","false","true","226","14.512","907.1434905898224"
"7","0.6","true","false","false","true","277","15.524","517.1583369469794"
"9","0.8","true","false","false","true","298","13.316","426.5289371257813"
"5","0.4","true","false","false","true","253","20.404","614.9263633157104"
"2","0.1","true","false","false","true","217","9.492","1171.7080211349864"
"1","0","true","false","false","true","310","6.684","1230.7546350573975"
"8","0.7","true","false","false","true","300","15.824","458.2272363179842"
"6","0.5","true","false","false","true","264","17.896","559.5244350013678"
"9","0.8","true","false","false","true","299","13.004","426.0891375323371"
"4","0.3","true","false","false","true","239","18.94","722.7143202132214"
"3","0.2","true","false","false","true","227","14.796","906.0588024125257"
"7","0.6","true","false","false","true","278","15.708","516.3283806992887"
"5","0.4","true","false","false","true","254","20.452","612.6784026028248"
"8","0.7","true","false","false","true","301","15.636","458.3805766016356"
"1","0","true","false","false","true","311","6.656","1233.509414982836"
"9","0.8","true","false","false","true","300","13.048","427.45211135613926"
"6","0.5","true","false","false","true","265","17.96","558.5575810768718"
"2","0.1","true","false","false","true","218","9.348","1172.6680110900818"
"8","0.7","true","false","false","true","302","15.78","458.48162855712053"
"3","0.2","true","false","false","true","228","14.76","903.8557961413819"
"4","0.3","true","false","false","true","240","19.176","720.9179402073657"
"7","0.6","true","false","false","true","279","15.592","517.0024868953352"
"5","0.4","true","false","false","true","255","20.636","613.3837887738938"
"9","0.8","true","false","false","true","301","13.204","426.9847422853375"
"6","0.5","true","false","false","true","266","17.98","558.7954215729676"
"1","0","true","false","false","true","312","6.664","1232.512309112712"
"8","0.7","true","false","false","true","303","15.8","458.03845932860656"
"4","0.3","true","false","false","true","241","19.02","720.5783788911365"
"2","0.1","true","false","false","true","219","9.336","1172.4121983317264"
"7","0.6","true","false","false","true","280","15.852","517.6967548703395"
"9","0.8","true","false","false","true","302","13.208","426.74449585915926"
"3","0.2","true","false","false","true","229","14.648","903.123454226691"
"5","0.4","true","false","false","true","256","20.62","612.7844887976236"
"1","0","true","false","false","true","313","6.736","1229.6332318765653"
"8","0.7","true","false","false","true","304","16.052","457.21166393168113"
"6","0.5","true","false","false","true","267","17.964","558.2061536420365"
"9","0.8","true","false","false","true","303","12.88","427.11775813402926"
"4","0.3","true","false","false","true","242","18.944","717.9618492144546"
"8","0.7","true","false","false","true","305","15.976","456.6005034763941"
"7","0.6","true","false","false","true","281","15.86","516.7274867124959"
"9","0.8","true","false","false","true","304","13.02","427.61806367070557"
"5","0.4","true","false","false","true","257","20.728","611.0947701895561"
"1","0","true","false","false","true","314","6.796","1229.0745279343457"
"3","0.2","true","false","false","true","230","14.644","900.7779667723727"
"6","0.5","true","false","false","true","268","17.976","559.7131943669621"
"2","0.1","true","false","false","true","220","9.276","1175.2109694908597"
"4","0.3","true","false","false","true","243","19.072","718.7412313431788"
"9","0.8","true","false","false","true","305","13.02","427.4749134663413"
"8","0.7","true","false","false","true","306","16.228","454.8254920030537"
"1","0","true","false","false","true","315","6.788","1223.9184015471594"
"7","0.6","true","false","false","true","282","15.752","515.701057704108"
"9","0.8","true","false","false","true","306","13.236","428.31314710033536"
"5","0.4","true","false","false","true","258","20.604","610.7722822894349"
"8","0.7","true","false","false","true","307","16.36","455.0239208484186"
"3","0.2","true","false","false","true","231","14.696","897.3851712339957"
"6","0.5","true","false","false","true","269","17.984","558.6964757165159"
"4","0.3","true","false","false","true","244","18.548","719.965288981321"
"9","0.8","true","false","false","true","307","13.052","428.38535529307643"
"2","0.1","true","false","false","true","221","9.372","1173.1856695897507"
"7","0.6","true","false","false","true","283","16.244","514.4982002608601"
"1","0","true","false","false","true","316","6.696","1225.0460475048249"
"8","0.7","true","false","false","true","308","16.08","455.33900033980666"
"5","0.4","true","false","false","true","259","20.684","609.199958401744"
"4","0.3","true","false","false","true","245","18.596","720.2865324417761"
"9","0.8","true","false","false","true","308","12.984","428.09536212165744"
"6","0.5","true","false","false","true","270","17.972","557.7885470770261"
"3","0.2","true","false","false","true","232","14.868","893.7143962014129"
"8","0.7","true","false","false","true","309","16.176","454.97062527653225"
"1","0","true","false","false","true","317","6.668","1221.6307963254364"
"7","0.6","true","false","false","true","284","15.784","514.8847692853413"
"9","0.8","true","false","false","true","309","13.264","427.7217414761242"
"2","0.1","true","false","false","true","222","9.436","1166.047048508096"
"5","0.4","true","false","false","true","260","20.604","608.1875727407563"
"8","0.7","true","false","false","true","310","16.112","453.5847789989177"
"6","0.5","true","false","false","true","271","17.892","560.4251516265059"
"9","0.8","true","false","false","true","310","13.34","427.74800421564373"
"4","0.3","true","false","false","true","246","18.852","719.6113831023368"
"1","0","true","false","false","true","318","6.688","1217.1483686900456"
"3","0.2","true","false","false","true","233","14.936","894.3198671816715"
"7","0.6","true","false","false","true","285","16.168","514.792942385628"
"5","0.4","true","false","false","true","261","20.664","607.7358788279726"
"8","0.7","true","false","false","true","311","16.372","454.3393871820526"
"9","0.8","true","false","false","true","311","13.004","427.9895406871436"
"2","0.1","true","false","false","true","223","9.456","1162.2622785011604"
"6","0.5","true","false","false","true","272","18.036","559.4703414194367"
"4","0.3","true","false","false","true","247","18.78","719.542502765113"
"1","0","true","false","false","true","319","6.628","1210.5441789144106"
"7","0.6","true","false","false","true","286","15.828","516.4452413183079"
"3","0.2","true","false","false","true","234","14.736","896.224461296156"
"8","0.7","true","false","false","true","312","16.348","455.01955670933984"
"9","0.8","true","false","false","true","312","13.076","427.34998475782623"
"5","0.4","true","false","false","true","262","20.836","608.5368851798843"
"6","0.5","true","false","false","true","273","18.14","558.3551647037784"
"4","0.3","true","false","false","true","248","18.552","718.7370611197156"
"1","0","true","false","false","true","320","6.692","1207.9929056722701"
"7","0.6","true","false","false","true","287","16.032","516.3007587380124"
"2","0.1","true","false","false","true","224","9.556","1158.409881399256"
"9","0.8","true","false","false","true","313","12.916","427.7484682880448"
"8","0.7","true","false","false","true","313","16.18","455.4200578429931"
"3","0.2","true","false","false","true","235","14.676","892.9772658396822"
"5","0.4","true","false","false","true","263","20.792","606.0120333505606"
"6","0.5","true","false","false","true","274","18.216","558.032865243958"
"1","0","true","false","false","true","321","6.592","1206.328291895024"
"9","0.8","true","false","false","true","314","12.988","428.9621913811429"
"7","0.6","true","false","false","true","288","15.788","517.8227851308009"
"8","0.7","true","false","false","true","314","16.524","455.4107262564377"
"4","0.3","true","false","false","true","249","18.724","718.8495914821522"
"2","0.1","true","false","false","true","225","9.452","1157.5677227245178"
"9","0.8","true","false","false","true","315","13.144","427.04087630478034"
"1","0","true","false","false","true","322","6.72","1208.53236468275"
"3","0.2","true","false","false","true","236","14.58","892.9131697209606"
"6","0.5","true","false","false","true","275","18.3","558.9430785773359"
"5","0.4","true","false","false","true","264","20.492","606.2239312779421"
"7","0.6","true","false","false","true","289","15.772","517.6969445251112"
"8","0.7","true","false","false","true","315","16.556","454.81136220052525"
"9","0.8","true","false","false","true","316","13.1","426.9064812570711"
"4","0.3","true","false","false","true","250","18.764","719.2305489194717"
"1","0","true","false","false","true","323","6.684","1205.1647154773755"
"2","0.1","true","false","false","true","226","9.392","1159.2111842594322"
"6","0.5","true","false","false","true","276","18.352","558.7942007625218"
"5","0.4","true","false","false","true","265","20.488","605.7074574019425"
"9","0.8","true","false","false","true","317","13.032","427.38221283480067"
"7","0.6","true","false","false","true","290","15.692","517.4961384230716"
"3","0.2","true","false","false","true","237","14.828","892.5542799558317"
"4","0.3","true","false","false","true","251","19.012","718.4552230549576"
"8","0.7","true","false","false","true","316","16.912","454.6265636620758"
"1","0","true","false","false","true","324","6.652","1198.993481423743"
"9","0.8","true","false","false","true","318","12.92","427.25963054496816"
"6","0.5","true","false","false","true","277","18.42","559.7656447885415"
"5","0.4","true","false","false","true","266","20.828","605.8248234572831"
"8","0.7","true","false","false","true","317","16.596","453.3267547997644"
"4","0.3","true","false","false","true","252","18.976","715.345826601282"
"2","0.1","true","false","false","true","227","9.428","1159.9400391889499"
"7","0.6","true","false","false","true","291","15.7","517.2509431963149"
"9","0.8","true","false","false","true","319","13.032","427.7877619657975"
"1","0","true","false","false","true","325","6.68","1199.2535284472247"
"3","0.2","true","false","false","true","238","14.964","892.0422934951989"
"6","0.5","true","false","false","true","278","18.296","558.5941440293382"
"9","0.8","true","false","false","true","320","12.988","426.75619961226136"
"4","0.3","true","false","false","true","253","19.072","713.3301568077363"
"5","0.4","true","false","false","true","267","20.932","606.9945880488013"
"8","0.7","true","false","false","true","318","16.628","452.8107966608051"
"7","0.6","true","false","false","true","292","15.436","518.761586971124"
"1","0","true","false","false","true","326","6.768","1201.249960144709"
"2","0.1","true","false","false","true","228","9.472","1154.9837960291304"
"3","0.2","true","false","false","true","239","14.82","892.1733261805866"
"8","0.7","true","false","false","true","319","16.58","452.11500753426526"
"9","0.8","true","false","false","true","321","12.888","426.57692836942215"
"4","0.3","true","false","false","true","254","18.916","713.7424753882277"
"6","0.5","true","false","false","true","279","18.364","560.3734168565231"
"5","0.4","true","false","false","true","268","21.172","606.6594598345591"
"1","0","true","false","false","true","327","6.92","1198.740936703503"
"7","0.6","true","false","false","true","293","15.876","516.6282617384417"
"8","0.7","true","false","false","true","320","16.616","452.4692778247384"
"4","0.3","true","false","false","true","255","18.908","711.6945211722327"
"2","0.1","true","false","false","true","229","9.508","1156.477246997522"
"9","0.8","true","false","false","true","322","12.816","426.52621999295854"
"3","0.2","true","false","false","true","240","14.824","889.8509497986297"
"5","0.4","true","false","false","true","269","20.904","606.7289245818704"
"1","0","true","false","false","true","328","6.828","1195.6763846949702"
"6","0.5","true","false","false","true","280","17.98","561.7899726393241"
"7","0.6","true","false","false","true","294","15.888","517.6341217826871"
"8","0.7","true","false","false","true","321","16.696","452.0202043147706"
"9","0.8","true","false","false","true","323","12.912","425.87675640734756"
"4","0.3","true","false","false","true","256","19.172","712.2844213482156"
"1","0","true","false","false","true","329","6.796","1196.3549730358802"
"2","0.1","true","false","false","true","230","9.632","1150.9434624129585"
"3","0.2","true","false","false","true","241","15.072","890.2778159532222"
"5","0.4","true","false","false","true","270","20.948","604.7766169443975"
"6","0.5","true","false","false","true","281","18.476","560.6780257244541"
"8","0.7","true","false","false","true","322","16.852","454.2425201094432"
"9","0.8","true","false","false","true","324","12.832","427.1632019647379"
"4","0.3","true","false","false","true","257","18.908","712.8471220229713"
"7","0.6","true","false","false","true","295","16.036","517.7570092611132"
"1","0","true","false","false","true","330","6.816","1197.0961420538367"
"9","0.8","true","false","false","true","325","12.988","427.3226685634742"
"8","0.7","true","false","false","true","323","16.648","452.7349053286014"
"5","0.4","true","false","false","true","271","21.028","604.8344911816986"
"4","0.3","true","false","false","true","258","18.872","715.1934306552472"
"2","0.1","true","false","false","true","231","9.72","1155.017932879809"
"3","0.2","true","false","false","true","242","15.188","891.7091083079777"
"6","0.5","true","false","false","true","282","18.568","560.2557609493944"
"7","0.6","true","false","false","true","296","16.02","518.7525140555967"
"1","0","true","false","false","true","331","6.876","1198.1497572202938"
"8","0.7","true","false","false","true","324","16.56","453.09527408142617"
"9","0.8","true","false","false","true","326","13.092","427.5427667859022"
"7","0.6","true","false","false","true","297","16.264","517.4872508447955"
"4","0.3","true","false","false","true","259","19.036","717.4616467596759"
"5","0.4","true","false","false","true","272","20.992","602.6935106102812"
"6","0.5","true","false","false","true","283","18.804","558.1374487385827"
"1","0","true","false","false","true","332","6.864","1195.8825854767783"
"9","0.8","true","false","false","true","327","13.248","427.24523662552093"
"3","0.2","true","false","false","true","243","15.26","889.5495608209909"
"2","0.1","true","false","false","true","232","9.784","1152.8891097591131"
"8","0.7","true","false","false","true","325","16.4","452.1682087157543"
"4","0.3","true","false","false","true","260","19.012","717.9898250247343"
"7","0.6","true","false","false","true","298","15.948","516.1619657756809"
"1","0","true","false","false","true","333","6.9","1195.694560120774"
"5","0.4","true","false","false","true","273","20.804","601.4048071895081"
"8","0.7","true","false","false","true","326","16.444","451.38448909783267"
"9","0.8","true","false","false","true","328","13.068","428.69526982439334"
"6","0.5","true","false","false","true","284","18.716","556.5526953246072"
"3","0.2","true","false","false","true","244","15.216","888.0793444563607"
"2","0.1","true","false","false","true","233","9.672","1149.820306502561"
"9","0.8","true","false","false","true","329","13.032","427.923027161993"
"4","0.3","true","false","false","true","261","19.148","717.6773379344077"
"1","0","true","false","false","true","334","6.9","1194.6710966981318"
"8","0.7","true","false","false","true","327","16.572","451.27259509634393"
"7","0.6","true","false","false","true","299","16.256","515.9657710193515"
"5","0.4","true","false","false","true","274","20.884","602.1278451643509"
"9","0.8","true","false","false","true","330","13.144","427.22853347202323"
"6","0.5","true","false","false","true","285","18.808","555.8653782500713"
"1","0","true","false","false","true","335","6.852","1196.2448445725938"
"3","0.2","true","false","false","true","245","15.344","886.1008270175209"
"4","0.3","true","false","false","true","262","18.956","720.7344064984363"
"8","0.7","true","false","false","true","328","16.304","452.09927304822196"
"2","0.1","true","false","false","true","234","9.596","1151.2196349198218"
"9","0.8","true","false","false","true","331","13.316","428.03060270427113"
"7","0.6","true","false","false","true","300","15.996","514.8269859117615"
"5","0.4","true","false","false","true","275","20.8","600.593006789451"
"6","0.5","true","false","false","true","286","18.816","555.8847622878502"
"4","0.3","true","false","false","true","263","19.052","719.0888508429591"
"8","0.7","true","false","false","true","329","16.492","451.0815644203601"
"1","0","true","false","false","true","336","6.768","1193.874162170199"
"9","0.8","true","false","false","true","332","13.244","427.4531914307982"
"3","0.2","true","false","false","true","246","15.38","885.4732659218075"
"7","0.6","true","false","false","true","301","16.036","515.5339635915083"
"5","0.4","true","false","false","true","276","20.816","598.4757034289603"
"2","0.1","true","false","false","true","235","9.6","1149.360172184724"
"4","0.3","true","false","false","true","264","18.888","715.7790066064442"
"8","0.7","true","false","false","true","330","16.58","450.0537760512271"
"6","0.5","true","false","false","true","287","18.66","554.319176481481"
"1","0","true","false","false","true","337","6.84","1192.6520485977173"
"9","0.8","true","false","false","true","333","13.392","427.6998526884865"
"7","0.6","true","false","false","true","302","15.992","515.1765843023571"
"4","0.3","true","false","false","true","265","19.268","714.9405731961795"
"3","0.2","true","false","false","true","247","15.464","883.8924884655984"
"5","0.4","true","false","false","true","277","20.748","600.5839760482525"
"8","0.7","true","false","false","true","331","16.764","451.33794294857654"
"9","0.8","true","false","false","true","334","13.26","428.2158555581818"
"1","0","true","false","false","true","338","6.744","1192.3991358644157"
"6","0.5","true","false","false","true","288","18.844","553.1978259426512"
"2","0.1","true","false","false","true","236","9.604","1143.4649662183742"
"8","0.7","true","false","false","true","332","16.828","449.0710734648643"
"9","0.8","true","false","false","true","335","13.104","428.56105083022567"
"7","0.6","true","false","false","true","303","16.1","515.7082160716606"
"4","0.3","true","false","false","true","266","19.356","715.6679324904641"
"5","0.4","true","false","false","true","278","20.764","599.842070674068"
"1","0","true","false","false","true","339","6.764","1189.3902373128365"
"3","0.2","true","false","false","true","248","15.46","883.590034275286"
"6","0.5","true","false","false","true","289","19.196","554.1561313125346"
"4","0.3","true","false","false","true","267","19.188","717.0122386818227"
"8","0.7","true","false","false","true","333","16.976","449.47340475321045"
"9","0.8","true","false","false","true","336","13.036","427.101433283786"
"2","0.1","true","false","false","true","237","9.656","1138.8222348858278"
"7","0.6","true","false","false","true","304","15.968","515.2555399285146"
"1","0","true","false","false","true","340","6.752","1186.225254003958"
"5","0.4","true","false","false","true","279","20.696","599.0271319460212"
"8","0.7","true","false","false","true","334","16.828","450.9915374285584"
"6","0.5","true","false","false","true","290","19.056","553.9720659324232"
"4","0.3","true","false","false","true","268","19.336","717.9728206971247"
"3","0.2","true","false","false","true","249","15.44","883.4230581223987"
"9","0.8","true","false","false","true","337","12.884","427.2093746432496"
"1","0","true","false","false","true","341","6.804","1184.3930111593884"
"8","0.7","true","false","false","true","335","17.012","451.51197171848025"
"7","0.6","true","false","false","true","305","15.868","514.8918171857556"
"2","0.1","true","false","false","true","238","9.72","1140.4407640041243"
"5","0.4","true","false","false","true","280","20.992","598.324122256431"
"9","0.8","true","false","false","true","338","13.076","427.486783351316"
"6","0.5","true","false","false","true","291","18.876","555.4567879156025"
"4","0.3","true","false","false","true","269","19.164","717.2701061253532"
"3","0.2","true","false","false","true","250","15.388","886.1915985899374"
"8","0.7","true","false","false","true","336","16.776","451.3875147337731"
"1","0","true","false","false","true","342","6.652","1182.932484269392"
"7","0.6","true","false","false","true","306","16.152","514.4631573203833"
"9","0.8","true","false","false","true","339","13.024","428.4869986199442"
"5","0.4","true","false","false","true","281","21.208","598.8697748555647"
"2","0.1","true","false","false","true","239","9.736","1139.6364080335672"
"6","0.5","true","false","false","true","292","18.876","554.4684917493398"
"8","0.7","true","false","false","true","337","16.708","451.3628276211046"
"4","0.3","true","false","false","true","270","19.384","716.5239432870299"
"1","0","true","false","false","true","343","6.636","1176.5512011910441"
"7","0.6","true","false","false","true","307","16.24","515.6148734088104"
"3","0.2","true","false","false","true","251","15.468","887.3580620163542"
"9","0.8","true","false","false","true","340","13.116","428.11497313277516"
"5","0.4","true","false","false","true","282","21.312","599.700324238855"
"6","0.5","true","false","false","true","293","18.808","552.926708692434"
"8","0.7","true","false","false","true","338","16.892","451.6106174840836"
"1","0","true","false","false","true","344","6.664","1176.2842799277862"
"2","0.1","true","false","false","true","240","9.732","1135.1519224073093"
"4","0.3","true","false","false","true","271","19.2","714.6743587611959"
"7","0.6","true","false","false","true","308","16.112","516.3475451214165"
"9","0.8","true","false","false","true","341","13.272","428.1115939599259"
"3","0.2","true","false","false","true","252","15.744","886.1562890038412"
"5","0.4","true","false","false","true","283","21.328","598.0373977515651"
"8","0.7","true","false","false","true","339","16.752","451.76939744925187"
"6","0.5","true","false","false","true","294","18.54","553.6006200684786"
"1","0","true","false","false","true","345","6.756","1178.3651558414288"
"9","0.8","true","false","false","true","342","13.244","426.90547798269336"
"7","0.6","true","false","false","true","309","16.108","516.4131729089479"
"4","0.3","true","false","false","true","272","19.2","713.5063562741491"
"2","0.1","true","false","false","true","241","9.636","1131.7059436311094"
"8","0.7","true","false","false","true","340","16.964","452.18623018008446"
"5","0.4","true","false","false","true","284","21.456","598.9410900967727"
"3","0.2","true","false","false","true","253","15.596","881.2809786897021"
"6","0.5","true","false","false","true","295","18.9","551.4581908367925"
"1","0","true","false","false","true","346","6.684","1176.6585955917726"
"9","0.8","true","false","false","true","343","13.248","426.60593287508306"
"7","0.6","true","false","false","true","310","16.04","515.8256432802258"
"4","0.3","true","false","false","true","273","19.784","712.6480137827199"
"8","0.7","true","false","false","true","341","17.056","451.684021739822"
"1","0","true","false","false","true","347","6.616","1170.129318223128"
"2","0.1","true","false","false","true","242","9.708","1132.6335752651055"
"6","0.5","true","false","false","true","296","18.796","552.7978145056268"
"5","0.4","true","false","false","true","285","21.296","598.7815327048083"
"3","0.2","true","false","false","true","254","15.84","882.3779239203545"
"9","0.8","true","false","false","true","344","13.376","428.4105983102028"
"7","0.6","true","false","false","true","311","16.068","515.8021723237993"
"1","0","true","false","false","true","348","6.748","1166.6336458132903"
"8","0.7","true","false","false","true","342","17.28","451.7117140322489"
"6","0.5","true","false","false","true","297","18.8","549.735847516468"
"4","0.3","true","false","false","true","274","20.064","709.8541976070169"
"5","0.4","true","false","false","true","286","21.652","597.3453773148781"
"9","0.8","true","false","false","true","345","13.344","428.1380212763231"
"2","0.1","true","false","false","true","243","9.704","1131.1345405518905"
"3","0.2","true","false","false","true","255","15.844","881.0896188761039"
"7","0.6","true","false","false","true","312","16.172","515.8906789344488"
"1","0","true","false","false","true","349","6.696","1168.5550639540431"
"8","0.7","true","false","false","true","343","17.22","452.4331816175099"
"6","0.5","true","false","false","true","298","18.532","550.4208680404781"
"4","0.3","true","false","false","true","275","20.268","709.4570678885966"
"9","0.8","true","false","false","true","346","13.244","427.6328834889521"
"5","0.4","true","false","false","true","287","21.876","595.1819445034027"
"7","0.6","true","false","false","true","313","16.136","514.9741840511929"
"3","0.2","true","false","false","true","256","15.86","879.4189125550512"
"1","0","true","false","false","true","350","6.684","1169.7669307817846"
"5","0.4","true","false","false","true","288","22.028","594.9268229068256"
"4","0.3","true","false","false","true","276","20.14","709.9877398342873"
"9","0.8","true","false","false","true","347","13.296","427.3315158306419"
"6","0.5","true","false","false","true","299","18.82","550.9665462506525"
"8","0.7","true","false","false","true","344","17.028","452.38147252004467"
"2","0.1","true","false","false","true","244","9.68","1129.112948341228"
"1","0","true","false","false","true","351","6.752","1172.968651075725"
"8","0.7","true","false","false","true","345","17.108","453.06247105661646"
"7","0.6","true","false","false","true","314","16.376","515.3739796541481"
"5","0.4","true","false","false","true","289","22.028","594.4639235940297"
"9","0.8","true","false","false","true","348","13.372","427.9049393898875"
"6","0.5","true","false","false","true","300","18.852","551.0492355853567"
"3","0.2","true","false","false","true","257","15.896","882.1275262817187"
"4","0.3","true","false","false","true","277","20.144","708.7264932000447"
"2","0.1","true","false","false","true","245","9.616","1131.7595245941684"
"1","0","true","false","false","true","352","6.832","1175.2156628813314"
"9","0.8","true","false","false","true","349","13.244","429.10837538873034"
"8","0.7","true","false","false","true","346","17.088","451.3655515626824"
"7","0.6","true","false","false","true","315","16.04","515.4520641770954"
"6","0.5","true","false","false","true","301","18.696","551.3023786248078"
"5","0.4","true","false","false","true","290","21.988","593.3591838321285"
"3","0.2","true","false","false","true","258","15.968","879.6215247054567"
"4","0.3","true","false","false","true","278","19.948","709.1682255558692"
"1","0","true","false","false","true","353","6.888","1171.5834114570857"
"8","0.7","true","false","false","true","347","17.072","451.4765086124258"
"9","0.8","true","false","false","true","350","13.428","428.564997520363"
"2","0.1","true","false","false","true","246","9.556","1133.7122768128677"
"6","0.5","true","false","false","true","302","18.836","551.4325374354665"
"7","0.6","true","false","false","true","316","16.424","515.5188517429007"
"5","0.4","true","false","false","true","291","22.184","593.7042611135277"
"1","0","true","false","false","true","354","6.844","1172.09984844984"
"8","0.7","true","false","false","true","348","16.916","452.753721196633"
"4","0.3","true","false","false","true","279","19.816","707.8990894318188"
"3","0.2","true","false","false","true","259","16.14","875.5981283878384"
"9","0.8","true","false","false","true","351","13.016","427.64185978087187"
"6","0.5","true","false","false","true","303","19.16","551.3732007221244"
"7","0.6","true","false","false","true","317","16.096","514.4214942603812"
"2","0.1","true","false","false","true","247","9.712","1131.0163462155913"
"5","0.4","true","false","false","true","292","22.06","594.3338866565509"
"1","0","true","false","false","true","355","6.884","1175.8883839515593"
"8","0.7","true","false","false","true","349","17.164","451.0699861869191"
"4","0.3","true","false","false","true","280","19.484","708.2997186586674"
"9","0.8","true","false","false","true","352","13.3","427.5015585879752"
"3","0.2","true","false","false","true","260","16.072","874.8115364775242"
"6","0.5","true","false","false","true","304","19.108","547.9038533959764"
"1","0","true","false","false","true","356","6.832","1174.687413618278"
"7","0.6","true","false","false","true","318","16.368","514.8413886571863"
"5","0.4","true","false","false","true","293","21.796","592.3237135009599"
"8","0.7","true","false","false","true","350","17.296","451.7377493200696"
"2","0.1","true","false","false","true","248","9.664","1131.2785444602596"
"9","0.8","true","false","false","true","353","13.188","427.188146053013"
"4","0.3","true","false","false","true","281","19.532","708.5114648329485"
"1","0","true","false","false","true","357","6.828","1169.007232114162"
"7","0.6","true","false","false","true","319","16.488","514.5678816060845"
"6","0.5","true","false","false","true","305","19.056","546.5769165308701"
"3","0.2","true","false","false","true","261","16.236","875.9445118240723"
"5","0.4","true","false","false","true","294","21.864","592.0611847329803"
"8","0.7","true","false","false","true","351","17.336","452.22596103146964"
"9","0.8","true","false","false","true","354","13.152","428.1335992057921"
"4","0.3","true","false","false","true","282","19.764","709.0480416852448"
"1","0","true","false","false","true","358","6.792","1168.9215716977399"
"2","0.1","true","false","false","true","249","9.872","1129.2591882283614"
"7","0.6","true","false","false","true","320","16.548","514.8923704530846"
"8","0.7","true","false","false","true","352","17.276","451.8887741065244"
"6","0.5","true","false","false","true","306","19.096","546.5344911717002"
"5","0.4","true","false","false","true","295","21.776","591.7982248352619"
"3","0.2","true","false","false","true","262","16.376","876.0874088607671"
"9","0.8","true","false","false","true","355","13.184","427.5876140000926"
"1","0","true","false","false","true","359","6.752","1167.7809276993771"
"4","0.3","true","false","false","true","283","19.668","709.6596754887013"
"7","0.6","true","false","false","true","321","16.676","514.4006897116157"
"8","0.7","true","false","false","true","353","17.08","451.8842359683485"
"6","0.5","true","false","false","true","307","19.432","545.9586958535812"
"5","0.4","true","false","false","true","296","21.852","589.7765225844989"
"2","0.1","true","false","false","true","250","9.824","1129.1578744150604"
"9","0.8","true","false","false","true","356","13.464","426.99959505578533"
"1","0","true","false","false","true","360","6.736","1166.5627084081234"
"3","0.2","true","false","false","true","263","16.364","875.6210936206487"
"8","0.7","true","false","false","true","354","16.756","453.50328587018646"
"7","0.6","true","false","false","true","322","16.776","514.2829715842237"
"4","0.3","true","false","false","true","284","19.412","708.9764061942897"
"6","0.5","true","false","false","true","308","19.324","545.9336398235723"
"5","0.4","true","false","false","true","297","22.084","588.499912898721"
"1","0","true","false","false","true","361","6.688","1165.4538451381804"
"9","0.8","true","false","false","true","357","13.332","427.09380350984156"
"2","0.1","true","false","false","true","251","9.668","1130.0755094568522"
"8","0.7","true","false","false","true","355","16.796","452.0582780575316"
"3","0.2","true","false","false","true","264","16.428","872.5709997867041"
"7","0.6","true","false","false","true","323","16.588","512.511214979971"
"1","0","true","false","false","true","362","6.7","1164.5987459182982"
"6","0.5","true","false","false","true","309","19.12","546.5246398527662"
"4","0.3","true","false","false","true","285","19.504","709.3788850866196"
"9","0.8","true","false","false","true","358","13.476","426.8700068924857"
"5","0.4","true","false","false","true","298","22.016","588.8362157705375"
"8","0.7","true","false","false","true","356","16.936","451.98749535067"
"7","0.6","true","false","false","true","324","16.408","513.404785613637"
"3","0.2","true","false","false","true","265","16.464","872.1032863333617"
"1","0","true","false","false","true","363","6.716","1163.428491938398"
"2","0.1","true","false","false","true","252","9.748","1133.8285984424258"
"9","0.8","true","false","false","true","359","13.332","426.43341187972965"
"6","0.5","true","false","false","true","310","19.116","546.9888559061743"
"5","0.4","true","false","false","true","299","22.052","588.9149652801964"
"4","0.3","true","false","false","true","286","19.664","709.6792992578852"
"8","0.7","true","false","false","true","357","17.06","451.8512076885935"
"7","0.6","true","false","false","true","325","16.308","513.6559283363733"
"1","0","true","false","false","true","364","6.56","1158.5548943310846"
"6","0.5","true","false","false","true","311","19.368","547.5945898525683"
"9","0.8","true","false","false","true","360","13.46","427.9869156337749"
"5","0.4","true","false","false","true","300","22.48","588.7158387723148"
"3","0.2","true","false","false","true","266","16.316","869.1985710604874"
"2","0.1","true","false","false","true","253","9.636","1132.0040253434447"
"4","0.3","true","false","false","true","287","19.828","708.7574566082548"
"8","0.7","true","false","false","true","358","16.712","452.752469283684"
"7","0.6","true","false","false","true","326","16.076","514.0959671007433"
"1","0","true","false","false","true","365","6.696","1151.9864301732266"
"9","0.8","true","false","false","true","361","13.476","426.96132880163884"
"6","0.5","true","false","false","true","312","19.564","546.1171308289942"
"5","0.4","true","false","false","true","301","22.048","589.3997966561947"
"3","0.2","true","false","false","true","267","16.272","868.1558258580412"
"8","0.7","true","false","false","true","359","17","451.11179275806194"
"4","0.3","true","false","false","true","288","19.94","707.6883532607337"
"1","0","true","false","false","true","366","6.712","1152.374837387727"
"2","0.1","true","false","false","true","254","9.884","1131.0803479246072"
"7","0.6","true","false","false","true","327","16.172","514.8752254513452"
"9","0.8","true","false","false","true","362","13.616","427.09394435424093"
"6","0.5","true","false","false","true","313","19.58","545.6108225657907"
"5","0.4","true","false","false","true","302","22.068","591.1167915033622"
"8","0.7","true","false","false","true","360","17.044","451.2279892274124"
"1","0","true","false","false","true","367","6.732","1153.9457163469272"
"3","0.2","true","false","false","true","268","16.492","864.7146616259339"
"4","0.3","true","false","false","true","289","19.804","705.650554362237"
"7","0.6","true","false","false","true","328","16.32","513.3028958056917"
"9","0.8","true","false","false","true","363","13.252","426.87654982874653"
"1","0","true","false","false","true","368","6.704","1156.358720772591"
"6","0.5","true","false","false","true","314","19.496","545.462169119904"
"2","0.1","true","false","false","true","255","9.88","1125.7400376316489"
"5","0.4","true","false","false","true","303","22.436","590.3039702409043"
"8","0.7","true","false","false","true","361","17.032","451.0882288585013"
"3","0.2","true","false","false","true","269","16.468","864.3162542703055"
"4","0.3","true","false","false","true","290","19.708","704.9116767654878"
"7","0.6","true","false","false","true","329","16.54","512.8149297373482"
"9","0.8","true","false","false","true","364","13.548","426.85530053748886"
"1","0","true","false","false","true","369","6.732","1151.0741338551418"
"5","0.4","true","false","false","true","304","22.704","590.3404654338269"
"6","0.5","true","false","false","true","315","19.492","545.4732053447733"
"8","0.7","true","false","false","true","362","16.992","452.60314659728425"
"2","0.1","true","false","false","true","256","9.828","1122.8277368544868"
"3","0.2","true","false","false","true","270","16.48","861.6794438472471"
"9","0.8","true","false","false","true","365","13.492","427.14265139425476"
"7","0.6","true","false","false","true","330","16.236","512.2068308475208"
"1","0","true","false","false","true","370","6.828","1153.7486483218056"
"4","0.3","true","false","false","true","291","19.82","705.7557567286148"
"5","0.4","true","false","false","true","305","22.88","590.2425250150877"
"6","0.5","true","false","false","true","316","19.14","543.4646853476089"
"8","0.7","true","false","false","true","363","17.252","452.0962488968751"
"7","0.6","true","false","false","true","331","16.032","512.4681800210578"
"9","0.8","true","false","false","true","366","13.472","426.9656041896192"
"3","0.2","true","false","false","true","271","16.444","861.3467126688748"
"1","0","true","false","false","true","371","6.852","1151.3007123207335"
"8","0.7","true","false","false","true","364","17.076","451.74645324525994"
"2","0.1","true","false","false","true","257","9.772","1117.858782659432"
"5","0.4","true","false","false","true","306","23.24","589.342978449373"
"6","0.5","true","false","false","true","317","19.336","543.9713501975265"
"4","0.3","true","false","false","true","292","20.02","706.6039351802992"
"9","0.8","true","false","false","true","367","13.44","427.4093623555966"
"1","0","true","false","false","true","372","6.816","1152.4330421948048"
"7","0.6","true","false","false","true","332","16.316","512.8403995645535"
"8","0.7","true","false","false","true","365","17.184","451.7125401769443"
"6","0.5","true","false","false","true","318","19.224","543.7356897749056"
"5","0.4","true","false","false","true","307","23.692","587.39030167515"
"3","0.2","true","false","false","true","272","16.484","860.5701387790082"
"2","0.1","true","false","false","true","258","10.06","1115.718002172056"
"4","0.3","true","false","false","true","293","19.812","706.6103722717659"
"1","0","true","false","false","true","373","6.824","1153.5584378631952"
"9","0.8","true","false","false","true","368","13.372","427.1253655155774"
"8","0.7","true","false","false","true","366","17.24","451.1463051100481"
"7","0.6","true","false","false","true","333","16.508","513.604102148474"
"5","0.4","true","false","false","true","308","23.244","587.21184359059"
"6","0.5","true","false","false","true","319","18.972","543.2684495467786"
"3","0.2","true","false","false","true","273","16.584","858.2370729158898"
"4","0.3","true","false","false","true","294","19.836","707.2631923142785"
"2","0.1","true","false","false","true","259","10.076","1113.6681139549983"
"8","0.7","true","false","false","true","367","17.28","451.58802255465656"
"9","0.8","true","false","false","true","369","13.424","427.67122099455264"
"1","0","true","false","false","true","374","6.864","1152.649806870666"
"7","0.6","true","false","false","true","334","16.46","513.1403130775714"
"5","0.4","true","false","false","true","309","22.892","589.6165718484408"
"6","0.5","true","false","false","true","320","19.02","542.4884544851438"
"1","0","true","false","false","true","375","6.82","1153.6042836273905"
"9","0.8","true","false","false","true","370","13.512","427.7042465403147"
"8","0.7","true","false","false","true","368","16.872","451.9951708402938"
"4","0.3","true","false","false","true","295","20.1","704.8437153187139"
"3","0.2","true","false","false","true","274","16.616","855.0237652908513"
"7","0.6","true","false","false","true","335","16.5","513.942857350603"
"2","0.1","true","false","false","true","260","10.032","1108.3099160095308"
"5","0.4","true","false","false","true","310","22.896","589.5305011424476"
"6","0.5","true","false","false","true","321","19.276","541.5429037817074"
"1","0","true","false","false","true","376","6.896","1157.2176494205585"
"8","0.7","true","false","false","true","369","17.148","451.76931881088814"
"9","0.8","true","false","false","true","371","13.476","427.3571830436016"
"3","0.2","true","false","false","true","275","16.388","854.2229860857647"
"4","0.3","true","false","false","true","296","20.228","708.187294705578"
"7","0.6","true","false","false","true","336","16.632","512.9479518569872"
"5","0.4","true","false","false","true","311","23.016","587.8439686845169"
"1","0","true","false","false","true","377","6.936","1157.8000628149043"
"2","0.1","true","false","false","true","261","10.016","1108.2942164417182"
"6","0.5","true","false","false","true","322","18.944","543.6270228240376"
"9","0.8","true","false","false","true","372","13.568","426.7853335889777"
"8","0.7","true","false","false","true","370","17.072","453.09062844307556"
"7","0.6","true","false","false","true","337","16.788","511.4844665779399"
"4","0.3","true","false","false","true","297","20.136","708.6017892362946"
"3","0.2","true","false","false","true","276","16.596","852.0336753593642"
"1","0","true","false","false","true","378","6.88","1153.3840921237702"
"5","0.4","true","false","false","true","312","22.968","586.6688518935849"
"8","0.7","true","false","false","true","371","17.176","450.7490995299368"
"6","0.5","true","false","false","true","323","19.22","542.4002097649421"
"9","0.8","true","false","false","true","373","13.556","427.523403864627"
"2","0.1","true","false","false","true","262","10","1113.2730804382495"
"7","0.6","true","false","false","true","338","16.616","509.01941110386235"
"1","0","true","false","false","true","379","6.808","1149.1700493466658"
"4","0.3","true","false","false","true","298","20.332","709.358589475545"
"3","0.2","true","false","false","true","277","16.66","849.686047193313"
"5","0.4","true","false","false","true","313","23.136","586.2699560043658"
"9","0.8","true","false","false","true","374","13.664","427.30625432426314"
"8","0.7","true","false","false","true","372","17.336","452.0873637714939"
"6","0.5","true","false","false","true","324","19.096","541.5326776412497"
"1","0","true","false","false","true","380","6.82","1149.3073944582738"
"7","0.6","true","false","false","true","339","16.888","511.43165686790365"
"8","0.7","true","false","false","true","373","17.108","451.26943886923647"
"2","0.1","true","false","false","true","263","9.996","1112.3398456223108"
"9","0.8","true","false","false","true","375","13.628","427.7953697080577"
"5","0.4","true","false","false","true","314","23.172","587.1478690191182"
"4","0.3","true","false","false","true","299","20.248","708.3733205208515"
"6","0.5","true","false","false","true","325","19.46","542.0202372737946"
"3","0.2","true","false","false","true","278","16.836","844.8730597181053"
"1","0","true","false","false","true","381","7","1148.3626554211583"
"7","0.6","true","false","false","true","340","16.956","511.13683573318207"
"9","0.8","true","false","false","true","376","13.496","427.73269878232986"
"8","0.7","true","false","false","true","374","17.256","450.4958421405351"
"5","0.4","true","false","false","true","315","23.264","586.4768507445425"
"6","0.5","true","false","false","true","326","19.076","541.9604556932557"
"2","0.1","true","false","false","true","264","10.044","1108.543745327599"
"4","0.3","true","false","false","true","300","20.496","709.0503894654728"
"1","0","true","false","false","true","382","6.924","1145.3686327729006"
"3","0.2","true","false","false","true","279","16.94","843.5743427119438"
"8","0.7","true","false","false","true","375","17.136","450.86868680494354"
"9","0.8","true","false","false","true","377","13.812","427.4389108563262"
"7","0.6","true","false","false","true","341","17.1","510.66008712339567"
"5","0.4","true","false","false","true","316","23.16","585.5544187768506"
"6","0.5","true","false","false","true","327","19.436","541.7400002203766"
"2","0.1","true","false","false","true","265","9.884","1107.324900541748"
"4","0.3","true","false","false","true","301","20.46","708.2263645752155"
"1","0","true","false","false","true","383","7.056","1144.6879622482256"
"8","0.7","true","false","false","true","376","17.208","450.15962306380817"
"9","0.8","true","false","false","true","378","13.576","426.15505657778607"
"3","0.2","true","false","false","true","280","16.752","844.6751777256102"
"7","0.6","true","false","false","true","342","17.064","510.065154529959"
"6","0.5","true","false","false","true","328","19.208","542.2391545031188"
"5","0.4","true","false","false","true","317","22.772","585.7540307672324"
"1","0","true","false","false","true","384","6.996","1143.7119785581667"
"4","0.3","true","false","false","true","302","20.4","708.5096660444649"
"9","0.8","true","false","false","true","379","13.66","427.2778126498187"
"2","0.1","true","false","false","true","266","9.832","1103.8653022862718"
"7","0.6","true","false","false","true","343","17.084","508.0320704232165"
"8","0.7","true","false","false","true","377","16.984","452.29540955298427"
"5","0.4","true","false","false","true","318","22.792","584.1963530221186"
"6","0.5","true","false","false","true","329","19.364","541.4292364394174"
"1","0","true","false","false","true","385","6.98","1144.32380969139"
"3","0.2","true","false","false","true","281","16.668","844.4151355610173"
"9","0.8","true","false","false","true","380","13.504","427.52317590901964"
"4","0.3","true","false","false","true","303","20.492","709.9185697510138"
"8","0.7","true","false","false","true","378","17.14","452.0040927196323"
"7","0.6","true","false","false","true","344","16.856","509.4803096822932"
"5","0.4","true","false","false","true","319","22.608","583.2634780621407"
"6","0.5","true","false","false","true","330","19.556","541.9345722973545"
"1","0","true","false","false","true","386","6.916","1145.0541011381042"
"2","0.1","true","false","false","true","267","9.88","1103.4045370031588"
"9","0.8","true","false","false","true","381","13.528","427.37034428447583"
"3","0.2","true","false","false","true","282","16.68","844.9146451098235"
"4","0.3","true","false","false","true","304","20.552","709.0632627152626"
"8","0.7","true","false","false","true","379","16.772","450.61385455751025"
"7","0.6","true","false","false","true","345","16.82","509.16129258362366"
"1","0","true","false","false","true","387","6.956","1144.3857960691805"
"5","0.4","true","false","false","true","320","22.804","582.5301910160716"
"6","0.5","true","false","false","true","331","19.596","541.9480383693165"
"9","0.8","true","false","false","true","382","13.644","426.38748584570607"
"2","0.1","true","false","false","true","268","10.024","1103.5230229359574"
"3","0.2","true","false","false","true","283","16.816","844.2140875956509"
"8","0.7","true","false","false","true","380","16.864","451.3443071928495"
"1","0","true","false","false","true","388","6.764","1143.3211476576028"
"7","0.6","true","false","false","true","346","16.708","510.8612955758235"
"4","0.3","true","false","false","true","305","20.632","706.7779468495235"
"6","0.5","true","false","false","true","332","19.924","540.5989992161668"
"5","0.4","true","false","false","true","321","23.096","581.766964199898"
"9","0.8","true","false","false","true","383","13.516","425.2783711388697"
"8","0.7","true","false","false","true","381","16.948","451.74613436281146"
"1","0","true","false","false","true","389","6.864","1145.1788297855326"
"2","0.1","true","false","false","true","269","9.996","1103.4819768584596"
"7","0.6","true","false","false","true","347","16.732","511.758160309781"
"3","0.2","true","false","false","true","284","17.112","843.7297377251543"
"4","0.3","true","false","false","true","306","21.004","703.545262670684"
"9","0.8","true","false","false","true","384","13.536","425.9147394050977"
"6","0.5","true","false","false","true","333","19.664","539.450482190476"
"5","0.4","true","false","false","true","322","23.236","583.2969807408564"
"8","0.7","true","false","false","true","382","16.756","453.19821596455574"
"1","0","true","false","false","true","390","6.808","1144.6689803913112"
"6","0.5","true","false","false","true","334","19.816","539.7974864968186"
"7","0.6","true","false","false","true","348","17.004","511.5462427351439"
"3","0.2","true","false","false","true","285","16.888","843.5966124592414"
"9","0.8","true","false","false","true","385","13.428","426.8571478069019"
"8","0.7","true","false","false","true","383","16.948","451.696180914522"
"5","0.4","true","false","false","true","323","23.592","581.7873697800168"
"4","0.3","true","false","false","true","307","20.74","702.6481891546523"
"2","0.1","true","false","false","true","270","9.9","1101.3119128731068"
"1","0","true","false","false","true","391","6.784","1146.7525098424694"
"6","0.5","true","false","false","true","335","19.764","540.7795223954547"
"9","0.8","true","false","false","true","386","13.392","425.4023185606353"
"8","0.7","true","false","false","true","384","16.832","451.5925241135703"
"7","0.6","true","false","false","true","349","17.076","511.6049512593753"
"3","0.2","true","false","false","true","286","17.08","844.4303692085665"
"1","0","true","false","false","true","392","6.888","1143.5727629553664"
"5","0.4","true","false","false","true","324","23.58","582.356174107182"
"9","0.8","true","false","false","true","387","13.388","425.8276407542411"
"4","0.3","true","false","false","true","308","20.652","700.0648540368924"
"8","0.7","true","false","false","true","385","17.028","452.73567904122234"
"6","0.5","true","false","false","true","336","19.616","540.4128710432092"
"2","0.1","true","false","false","true","271","9.832","1102.976823200507"
"1","0","true","false","false","true","393","6.86","1145.1071149544382"
"7","0.6","true","false","false","true","350","17.264","509.56114664828607"
"9","0.8","true","false","false","true","388","13.632","427.50560629537665"
"4","0.3","true","false","false","true","309","20.624","701.5756906094259"
"5","0.4","true","false","false","true","325","23.776","581.06218732443"
"8","0.7","true","false","false","true","386","16.78","452.4856238284848"
"3","0.2","true","false","false","true","287","17.22","841.4141262227201"
"1","0","true","false","false","true","394","6.824","1147.4808676083494"
"6","0.5","true","false","false","true","337","19.796","540.3789307607118"
"9","0.8","true","false","false","true","389","13.32","426.7807511621797"
"4","0.3","true","false","false","true","310","20.556","701.8725156996919"
"7","0.6","true","false","false","true","351","17.02","511.88491460973535"
"2","0.1","true","false","false","true","272","9.86","1101.7416535331838"
"5","0.4","true","false","false","true","326","23.624","581.0850284697976"
"9","0.8","true","false","false","true","390","13.344","425.9076940726908"
"1","0","true","false","false","true","395","6.804","1150.1001072624917"
"8","0.7","true","false","false","true","387","16.976","451.312645649198"
"6","0.5","true","false","false","true","338","19.496","540.3263899103032"
"3","0.2","true","false","false","true","288","17.216","842.5452291394196"
"4","0.3","true","false","false","true","311","20.608","701.4225865364887"
"7","0.6","true","false","false","true","352","16.912","511.45808916846573"
"5","0.4","true","false","false","true","327","23.288","581.5229168242014"
"8","0.7","true","false","false","true","388","16.86","451.1312834041701"
"9","0.8","true","false","false","true","391","13.516","426.44806381418243"
"2","0.1","true","false","false","true","273","9.968","1105.8404361015168"
"1","0","true","false","false","true","396","6.932","1149.3335195969405"
"5","0.4","true","false","false","true","328","23.704","580.1673674695669"
"6","0.5","true","false","false","true","339","19.904","540.5383840306844"
"8","0.7","true","false","false","true","389","17.1","451.7811175514441"
"3","0.2","true","false","false","true","289","17.244","842.4038044849366"
"7","0.6","true","false","false","true","353","16.968","510.18325083461104"
"4","0.3","true","false","false","true","312","20.608","702.1062391613942"
"1","0","true","false","false","true","397","6.932","1146.943391085416"
"9","0.8","true","false","false","true","392","13.444","426.05559637305015"
"2","0.1","true","false","false","true","274","10.02","1108.6436820132128"
"5","0.4","true","false","false","true","329","23.892","581.7992687741761"
"8","0.7","true","false","false","true","390","16.764","451.43562102511135"
"6","0.5","true","false","false","true","340","19.5","541.6772773311967"
"1","0","true","false","false","true","398","6.916","1145.021795706428"
"7","0.6","true","false","false","true","354","16.936","509.6487884867515"
"9","0.8","true","false","false","true","393","13.276","426.0528228003554"
"3","0.2","true","false","false","true","290","17.24","839.7848334316229"
"4","0.3","true","false","false","true","313","20.444","700.4219245027676"
"8","0.7","true","false","false","true","391","16.676","449.9315270166331"
"1","0","true","false","false","true","399","6.856","1145.5569933411932"
"5","0.4","true","false","false","true","330","23.916","579.4262421084684"
"6","0.5","true","false","false","true","341","19.832","540.6910004438465"
"2","0.1","true","false","false","true","275","9.96","1106.748276524712"
"7","0.6","true","false","false","true","355","16.96","510.195571596781"
"9","0.8","true","false","false","true","394","13.264","426.38073228280297"
"4","0.3","true","false","false","true","314","20.54","699.642286792604"
"6","0.5","true","false","false","true","342","19.976","539.8770915136407"
"5","0.4","true","false","false","true","331","23.816","580.5776108101497"
"1","0","true","false","false","true","400","6.916","1143.509883659325"
"8","0.7","true","false","false","true","392","16.796","450.9249357225466"
"3","0.2","true","false","false","true","291","17.224","838.8894283277945"
"8","0.7","true","false","false","true","393","16.892","449.4956638856489"
"5","0.4","true","false","false","true","332","23.86","579.7136356886595"
"2","0.1","true","false","false","true","276","9.948","1105.40427527568"
"7","0.6","true","false","false","true","356","17.14","509.6288346128181"
"9","0.8","true","false","false","true","395","13.288","426.43931821560784"
"1","0","true","false","false","true","401","6.996","1142.9231616745749"
"6","0.5","true","false","false","true","343","20.14","543.5686197952324"
"4","0.3","true","false","false","true","315","20.48","700.1120774200252"
"3","0.2","true","false","false","true","292","17.212","838.9917887394269"
"8","0.7","true","false","false","true","394","16.856","451.1986560126108"
"5","0.4","true","false","false","true","333","24.176","578.8904856569407"
"6","0.5","true","false","false","true","344","20.168","544.6476573539899"
"1","0","true","false","false","true","402","6.772","1142.1651554791151"
"9","0.8","true","false","false","true","396","13.372","425.8856976581933"
"7","0.6","true","false","false","true","357","17.104","508.635110517998"
"3","0.2","true","false","false","true","293","17.456","837.4810614546742"
"8","0.7","true","false","false","true","395","17.072","449.7722226323427"
"4","0.3","true","false","false","true","316","20.624","699.6816094316802"
"2","0.1","true","false","false","true","277","9.912","1100.8304380376358"
"5","0.4","true","false","false","true","334","24.128","576.4950394088694"
"6","0.5","true","false","false","true","345","20.076","543.5239058161013"
"8","0.7","true","false","false","true","396","17.048","450.0482569113849"
"1","0","true","false","false","true","403","6.868","1139.621660618777"
"9","0.8","true","false","false","true","397","13.384","425.5104735983519"
"7","0.6","true","false","false","true","358","16.916","508.5699588480107"
"3","0.2","true","false","false","true","294","17.428","838.2032239685929"
"1","0","true","false","false","true","404","6.972","1138.579294984221"
"4","0.3","true","false","false","true","317","20.752","701.200604131988"
"9","0.8","true","false","false","true","398","13.524","424.7625068283842"
"8","0.7","true","false","false","true","397","17.304","449.9805826695161"
"6","0.5","true","false","false","true","346","19.984","543.4070893537056"
"5","0.4","true","false","false","true","335","24.08","577.6818822994045"
"2","0.1","true","false","false","true","278","9.936","1100.6319674847048"
"7","0.6","true","false","false","true","359","17.076","508.3681105439939"
"1","0","true","false","false","true","405","6.936","1135.8993651822818"
"3","0.2","true","false","false","true","295","17.552","836.1747018379594"
"9","0.8","true","false","false","true","399","13.552","425.5020304284229"
"8","0.7","true","false","false","true","398","17.136","449.66607672302905"
"4","0.3","true","false","false","true","318","20.52","700.5649059842556"
"5","0.4","true","false","false","true","336","24.008","580.084890267191"
"6","0.5","true","false","false","true","347","19.796","543.7393272408013"
"1","0","true","false","false","true","406","6.9","1137.1888161406462"
"7","0.6","true","false","false","true","360","17.04","507.920749474053"
"2","0.1","true","false","false","true","279","10.06","1099.473460842016"
"9","0.8","true","false","false","true","400","13.42","425.2741593525051"
"8","0.7","true","false","false","true","399","17.068","448.9849985455182"
"5","0.4","true","false","false","true","337","24.164","579.4953369562894"
"3","0.2","true","false","false","true","296","17.464","836.4413694256349"
"1","0","true","false","false","true","407","6.832","1137.327380110601"
"4","0.3","true","false","false","true","319","20.72","700.5077493080744"
"6","0.5","true","false","false","true","348","19.948","544.8631559653038"
"7","0.6","true","false","false","true","361","17.276","507.5003821639758"
"3","0.2","true","false","false","true","297","17.436","834.893415721363"
"5","0.4","true","false","false","true","338","24.428","578.8860114321768"
"8","0.7","true","false","false","true","400","17.568","450.212254477382"
"4","0.3","true","false","false","true","320","20.888","699.5382504524061"
"9","0.8","true","false","false","true","401","13.748","424.96933460445325"
"1","0","true","false","false","true","408","6.884","1133.5664311196579"
"6","0.5","true","false","false","true","349","19.944","544.0531459232449"
"2","0.1","true","false","false","true","280","10.068","1095.6365419335586"
"7","0.6","true","false","false","true","362","17.136","507.56490900479355"
"8","0.7","true","false","false","true","401","17.308","450.427189042045"
"9","0.8","true","false","false","true","402","13.684","425.5786934081785"
"5","0.4","true","false","false","true","339","24.168","579.4247310234882"
"6","0.5","true","false","false","true","350","20.208","545.3513740604188"
"1","0","true","false","false","true","409","6.768","1131.5922490915539"
"3","0.2","true","false","false","true","298","17.588","834.7825633409137"
"4","0.3","true","false","false","true","321","20.54","697.1760621185089"
"7","0.6","true","false","false","true","363","17.188","506.9992631155436"
"2","0.1","true","false","false","true","281","10.044","1092.81509941848"
"8","0.7","true","false","false","true","402","17.356","449.23086792574566"
"6","0.5","true","false","false","true","351","19.96","544.6386120730232"
"3","0.2","true","false","false","true","299","17.5","835.7229452526138"
"1","0","true","false","false","true","410","6.84","1130.9279179100488"
"9","0.8","true","false","false","true","403","13.8","425.4681468637787"
"5","0.4","true","false","false","true","340","24.108","577.1243956994699"
"7","0.6","true","false","false","true","364","17.16","506.9220303028078"
"8","0.7","true","false","false","true","403","17.448","449.3626768020962"
"4","0.3","true","false","false","true","322","20.696","694.6644132805026"
"3","0.2","true","false","false","true","300","17.452","835.4938685078694"
"8","0.7","true","false","false","true","404","17.436","448.8822969017208"
"1","0","true","false","false","true","411","6.8","1128.5979970020899"
"6","0.5","true","false","false","true","352","19.908","544.5975057412385"
"2","0.1","true","false","false","true","282","10.12","1091.175971362208"
"9","0.8","true","false","false","true","404","13.656","424.76985771052983"
"7","0.6","true","false","false","true","365","17.164","506.66993031727645"
"5","0.4","true","false","false","true","341","24.316","576.4737229720052"
"4","0.3","true","false","false","true","323","20.584","695.0953050302672"
"1","0","true","false","false","true","412","6.82","1126.6451663321595"
"8","0.7","true","false","false","true","405","17.268","448.88788767960733"
"9","0.8","true","false","false","true","405","13.832","425.5977865648041"
"6","0.5","true","false","false","true","353","19.76","544.7338893943535"
"7","0.6","true","false","false","true","366","16.976","506.37906417881874"
"3","0.2","true","false","false","true","301","17.276","833.4175330871958"
"5","0.4","true","false","false","true","342","24.052","574.7314488354001"
"4","0.3","true","false","false","true","324","20.792","696.5269446416149"
"2","0.1","true","false","false","true","283","10.032","1094.9590333532299"
"1","0","true","false","false","true","413","6.828","1121.2204237871408"
"8","0.7","true","false","false","true","406","17.512","448.5012326214447"
"9","0.8","true","false","false","true","406","13.584","426.2223067753229"
"6","0.5","true","false","false","true","354","19.544","543.1694485604021"
"7","0.6","true","false","false","true","367","17.216","506.0574450967619"
"8","0.7","true","false","false","true","407","17.284","447.8850614555073"
"3","0.2","true","false","false","true","302","17.392","831.2672746353634"
"9","0.8","true","false","false","true","407","13.58","425.2032278715373"
"1","0","true","false","false","true","414","6.808","1122.7617706694673"
"2","0.1","true","false","false","true","284","10.164","1093.8084933160467"
"5","0.4","true","false","false","true","343","23.952","576.1178690283565"
"4","0.3","true","false","false","true","325","20.672","696.228179347369"
"6","0.5","true","false","false","true","355","19.932","543.1672893044886"
"7","0.6","true","false","false","true","368","17.324","507.0274741100791"
"8","0.7","true","false","false","true","408","17.692","449.1751239465468"
"9","0.8","true","false","false","true","408","13.456","423.828374933011"
"1","0","true","false","false","true","415","6.884","1122.392538040759"
"5","0.4","true","false","false","true","344","23.796","577.055347021288"
"3","0.2","true","false","false","true","303","17.42","832.3627351036872"
"9","0.8","true","false","false","true","409","13.692","424.6099221572741"
"4","0.3","true","false","false","true","326","20.932","695.5201862624348"
"6","0.5","true","false","false","true","356","20.168","540.2484222477214"
"2","0.1","true","false","false","true","285","10.148","1097.7478215342537"
"8","0.7","true","false","false","true","409","17.648","449.1958666685161"
"7","0.6","true","false","false","true","369","17.052","508.28508906241984"
"1","0","true","false","false","true","416","6.936","1119.293061160825"
"3","0.2","true","false","false","true","304","17.308","832.0895183464673"
"9","0.8","true","false","false","true","410","13.568","425.61708300553255"
"5","0.4","true","false","false","true","345","23.604","579.2554416516678"
"6","0.5","true","false","false","true","357","20.344","541.4994311561586"
"4","0.3","true","false","false","true","327","21.104","694.3822706262298"
"8","0.7","true","false","false","true","410","17.916","448.8485946004596"
"7","0.6","true","false","false","true","370","17.544","507.6239309976542"
"1","0","true","false","false","true","417","6.864","1117.9831332331169"
"3","0.2","true","false","false","true","305","17.352","830.6485568559007"
"6","0.5","true","false","false","true","358","20.052","544.342099680843"
"9","0.8","true","false","false","true","411","13.656","425.69099310066946"
"2","0.1","true","false","false","true","286","10.324","1094.9695575689127"
"5","0.4","true","false","false","true","346","23.388","578.9568486827679"
"1","0","true","false","false","true","418","6.812","1115.2583224774623"
"8","0.7","true","false","false","true","411","17.844","449.13655095377555"
"7","0.6","true","false","false","true","371","17.084","507.002933649017"
"3","0.2","true","false","false","true","306","17.332","829.3017685670706"
"4","0.3","true","false","false","true","328","21.36","693.9379163130421"
"1","0","true","false","false","true","419","6.808","1113.3517991395072"
"6","0.5","true","false","false","true","359","20.188","544.2134131919327"
"9","0.8","true","false","false","true","412","13.704","426.2140159577187"
"5","0.4","true","false","false","true","347","23.716","578.7898507717214"
"7","0.6","true","false","false","true","372","17.212","507.7942091939348"
"8","0.7","true","false","false","true","412","17.82","449.69536368724226"
"2","0.1","true","false","false","true","287","10.124","1092.084521760005"
"6","0.5","true","false","false","true","360","20.004","545.1667845970992"
"1","0","true","false","false","true","420","6.74","1109.299789267144"
"3","0.2","true","false","false","true","307","17.352","826.0696247318165"
"4","0.3","true","false","false","true","329","21.188","695.1760391997501"
"9","0.8","true","false","false","true","413","13.668","425.3766744022013"
"7","0.6","true","false","false","true","373","17.232","506.9266793267147"
"5","0.4","true","false","false","true","348","23.616","578.5547971444644"
"8","0.7","true","false","false","true","413","17.6","449.2533616348076"
"6","0.5","true","false","false","true","361","19.972","543.4496490979825"
"1","0","true","false","false","true","421","6.636","1102.956564629853"
"4","0.3","true","false","false","true","330","21.104","692.6656573391044"
"2","0.1","true","false","false","true","288","10.236","1092.1494774300927"
"9","0.8","true","false","false","true","414","13.66","424.85206514829923"
"8","0.7","true","false","false","true","414","17.612","451.10178689867627"
"3","0.2","true","false","false","true","308","17.472","825.1280833856637"
"7","0.6","true","false","false","true","374","17.148","506.085287010551"
"5","0.4","true","false","false","true","349","24.076","577.7674894618647"
"1","0","true","false","false","true","422","6.468","1102.6829118907458"
"6","0.5","true","false","false","true","362","20.092","543.112218292078"
"4","0.3","true","false","false","true","331","21.092","691.6256017333166"
"8","0.7","true","false","false","true","415","17.572","450.0372876659848"
"9","0.8","true","false","false","true","415","13.564","424.65032513982214"
"1","0","true","false","false","true","423","6.56","1102.2180880978715"
"3","0.2","true","false","false","true","309","17.344","826.1347434883928"
"5","0.4","true","false","false","true","350","24.18","578.6003118896604"
"7","0.6","true","false","false","true","375","17.36","504.3462112579056"
"2","0.1","true","false","false","true","289","10.26","1095.5868971189818"
"8","0.7","true","false","false","true","416","17.644","449.4642469630992"
"6","0.5","true","false","false","true","363","20.108","544.8712319299854"
"1","0","true","false","false","true","424","6.62","1103.3964637871995"
"3","0.2","true","false","false","true","310","17.548","826.9862471026453"
"4","0.3","true","false","false","true","332","21.076","690.4224580074972"
"9","0.8","true","false","false","true","416","13.504","423.83444594322424"
"7","0.6","true","false","false","true","376","17.352","505.2006017480947"
"8","0.7","true","false","false","true","417","17.968","449.6371445111127"
"5","0.4","true","false","false","true","351","23.708","578.4005433019782"
"3","0.2","true","false","false","true","311","17.8","827.021279881523"
"6","0.5","true","false","false","true","364","19.88","544.8369734843255"
"4","0.3","true","false","false","true","333","21.204","690.5644326309857"
"1","0","true","false","false","true","425","6.62","1102.898981111791"
"7","0.6","true","false","false","true","377","17.104","506.8760832621628"
"9","0.8","true","false","false","true","417","13.728","423.95862724692756"
"2","0.1","true","false","false","true","290","10.272","1095.273997645292"
"8","0.7","true","false","false","true","418","17.716","449.029075461603"
"5","0.4","true","false","false","true","352","23.308","576.5454730524174"
"7","0.6","true","false","false","true","378","17.416","507.82164682637216"
"3","0.2","true","false","false","true","312","18.02","827.8388811287225"
"1","0","true","false","false","true","426","6.66","1104.8780626822552"
"9","0.8","true","false","false","true","418","13.572","423.6843312940193"
"6","0.5","true","false","false","true","365","19.392","545.9349610119677"
"4","0.3","true","false","false","true","334","21.04","691.0147215795289"
"2","0.1","true","false","false","true","291","10.2","1093.8053882685422"
"8","0.7","true","false","false","true","419","17.856","447.50239487300433"
"7","0.6","true","false","false","true","379","17.348","508.1289336712994"
"5","0.4","true","false","false","true","353","23.664","576.4712390356934"
"1","0","true","false","false","true","427","6.792","1107.4835983473492"
"9","0.8","true","false","false","true","419","13.652","424.2217930045335"
"3","0.2","true","false","false","true","313","17.988","828.1066408924867"
"6","0.5","true","false","false","true","366","19.616","545.62558492238"
"7","0.6","true","false","false","true","380","17.668","508.3650937239534"
"4","0.3","true","false","false","true","335","21.148","691.1837229112372"
"2","0.1","true","false","false","true","292","10.36","1092.169838942298"
"8","0.7","true","false","false","true","420","18","447.8664886142997"
"1","0","true","false","false","true","428","6.684","1106.5217215913287"
"5","0.4","true","false","false","true","354","23.728","575.6534982989291"
"4","0.3","true","false","false","true","336","21.448","691.7307708179715"
"7","0.6","true","false","false","true","381","17.376","507.87805975517733"
"9","0.8","true","false","false","true","420","13.808","423.9837722623004"
"8","0.7","true","false","false","true","421","17.968","448.5174319942092"
"6","0.5","true","false","false","true","367","19.708","544.5618149662736"
"1","0","true","false","false","true","429","6.584","1109.4336581474224"
"3","0.2","true","false","false","true","314","17.888","826.5827448708776"
"2","0.1","true","false","false","true","293","10.408","1091.7015042162632"
"4","0.3","true","false","false","true","337","21.388","693.3126705441159"
"7","0.6","true","false","false","true","382","17.344","507.94815482088177"
"5","0.4","true","false","false","true","355","23.644","574.6821392213573"
"9","0.8","true","false","false","true","421","13.736","424.3225961429752"
"8","0.7","true","false","false","true","422","17.844","448.7592525500862"
"1","0","true","false","false","true","430","6.528","1106.2439220179679"
"4","0.3","true","false","false","true","338","21.652","692.5933125314154"
"6","0.5","true","false","false","true","368","19.904","543.8716552191006"
"7","0.6","true","false","false","true","383","17.504","507.2535072535101"
"2","0.1","true","false","false","true","294","10.596","1089.3060999863171"
"3","0.2","true","false","false","true","315","17.86","824.7735927952552"
"5","0.4","true","false","false","true","356","23.78","576.0265032817163"
"9","0.8","true","false","false","true","422","13.792","424.26303602282263"
"1","0","true","false","false","true","431","6.392","1103.1099834696465"
"4","0.3","true","false","false","true","339","21.644","690.9729453243391"
"8","0.7","true","false","false","true","423","18.004","449.8193487638312"
"6","0.5","true","false","false","true","369","19.896","544.1793476486437"
"7","0.6","true","false","false","true","384","17.444","506.5125248497289"
"9","0.8","true","false","false","true","423","13.704","423.78627716188583"
"5","0.4","true","false","false","true","357","24.112","574.286172647052"
"6","0.5","true","false","false","true","370","20.08","543.801892414964"
"8","0.7","true","false","false","true","424","18.06","448.6261715247983"
"3","0.2","true","false","false","true","316","18.096","824.3528361910415"
"1","0","true","false","false","true","432","6.432","1100.9719504385796"
"2","0.1","true","false","false","true","295","10.388","1092.3403772634765"
"4","0.3","true","false","false","true","340","21.868","690.6230106908685"
"7","0.6","true","false","false","true","385","17.16","505.6573854688254"
"5","0.4","true","false","false","true","358","24.184","574.2148102585321"
"9","0.8","true","false","false","true","424","13.784","423.45818059458315"
"6","0.5","true","false","false","true","371","20.108","543.3754665903965"
"1","0","true","false","false","true","433","6.456","1098.452348066346"
"8","0.7","true","false","false","true","425","17.924","448.1096848748295"
"5","0.4","true","false","false","true","359","24.372","574.8780299118055"
"3","0.2","true","false","false","true","317","17.904","825.2542178915894"
"9","0.8","true","false","false","true","425","14.168","423.54045903023854"
"1","0","true","false","false","true","434","6.496","1095.6861609523194"
"7","0.6","true","false","false","true","386","17.492","504.76847607316466"
"4","0.3","true","false","false","true","341","21.852","690.3715244109046"
"2","0.1","true","false","false","true","296","10.52","1087.4060660438904"
"6","0.5","true","false","false","true","372","20.084","543.2980209084936"
"8","0.7","true","false","false","true","426","17.74","448.5110036319255"
"1","0","true","false","false","true","435","6.488","1094.2300216268754"
"5","0.4","true","false","false","true","360","24.048","573.2741703018748"
"4","0.3","true","false","false","true","342","21.856","689.0550973355955"
"7","0.6","true","false","false","true","387","17.444","504.60423833942735"
"9","0.8","true","false","false","true","426","13.972","422.9865240337559"
"3","0.2","true","false","false","true","318","18.028","823.43927875071"
"8","0.7","true","false","false","true","427","17.812","448.2106306041387"
"6","0.5","true","false","false","true","373","20.144","544.9806876721985"
"4","0.3","true","false","false","true","343","21.64","690.5859820943979"
"1","0","true","false","false","true","436","6.508","1091.2586632425168"
"5","0.4","true","false","false","true","361","24.02","573.544949429704"
"2","0.1","true","false","false","true","297","10.528","1079.072544248082"
"9","0.8","true","false","false","true","427","14.172","423.63523941643206"
"7","0.6","true","false","false","true","388","17.52","505.5464766544321"
"8","0.7","true","false","false","true","428","17.924","448.41949694142096"
"1","0","true","false","false","true","437","6.508","1090.1177102494973"
"4","0.3","true","false","false","true","344","21.46","688.9046041811995"
"6","0.5","true","false","false","true","374","20.324","544.1281496693172"
"3","0.2","true","false","false","true","319","17.792","824.6094416858402"
"8","0.7","true","false","false","true","429","17.632","449.3649703185555"
"5","0.4","true","false","false","true","362","23.96","573.9258030660682"
"1","0","true","false","false","true","438","6.592","1090.4305316737953"
"9","0.8","true","false","false","true","428","13.836","423.71229716638686"
"7","0.6","true","false","false","true","389","17.5","505.89897183333477"
"2","0.1","true","false","false","true","298","10.432","1078.0602300388973"
"4","0.3","true","false","false","true","345","21.604","690.1063598839221"
"8","0.7","true","false","false","true","430","17.844","449.0887991549813"
"6","0.5","true","false","false","true","375","20.708","544.5429760940318"
"5","0.4","true","false","false","true","363","24.12","574.7221683553115"
"1","0","true","false","false","true","439","6.428","1092.1034097038023"
"3","0.2","true","false","false","true","320","17.92","824.7257100409573"
"7","0.6","true","false","false","true","390","17.612","505.76226166934487"
"9","0.8","true","false","false","true","429","13.756","423.5089497528601"
"8","0.7","true","false","false","true","431","17.828","448.5499915078918"
"5","0.4","true","false","false","true","364","24.272","574.6460606631048"
"4","0.3","true","false","false","true","346","21.632","691.1533222079254"
"2","0.1","true","false","false","true","299","10.38","1072.142009160945"
"1","0","true","false","false","true","440","6.508","1090.9987692586117"
"6","0.5","true","false","false","true","376","20.62","546.5890312156909"
"3","0.2","true","false","false","true","321","17.66","826.6060420499786"
"9","0.8","true","false","false","true","430","13.924","423.08392622577304"
"7","0.6","true","false","false","true","391","17.352","505.08543176376475"
"8","0.7","true","false","false","true","432","17.644","449.19894799231395"
"5","0.4","true","false","false","true","365","24.512","573.3778840912839"
"4","0.3","true","false","false","true","347","21.728","689.7813649826381"
"1","0","true","false","false","true","441","6.472","1088.8208829608222"
"7","0.6","true","false","false","true","392","17.4","505.29834755815597"
"9","0.8","true","false","false","true","431","13.888","423.90874844710453"
"6","0.5","true","false","false","true","377","20.46","545.3790778786702"
"2","0.1","true","false","false","true","300","10.308","1071.650690248937"
"3","0.2","true","false","false","true","322","17.7","825.1760970066322"
"8","0.7","true","false","false","true","433","17.844","448.7934174988848"
"5","0.4","true","false","false","true","366","25.004","573.2234668120276"
"1","0","true","false","false","true","442","6.528","1093.6995032326556"
"4","0.3","true","false","false","true","348","21.824","688.7991630978202"
"6","0.5","true","false","false","true","378","20.696","544.6911199075107"
"9","0.8","true","false","false","true","432","14.02","423.4157468045992"
"7","0.6","true","false","false","true","393","17.776","503.6278587365018"
"8","0.7","true","false","false","true","434","17.708","448.6891704067387"
"3","0.2","true","false","false","true","323","17.704","826.4258041471786"
"2","0.1","true","false","false","true","301","10.572","1068.4152934276608"
"6","0.5","true","false","false","true","379","20.336","542.8042208126485"
"4","0.3","true","false","false","true","349","21.864","686.8571837433757"
"1","0","true","false","false","true","443","6.484","1090.8688675687572"
"5","0.4","true","false","false","true","367","24.816","573.0522475937382"
"7","0.6","true","false","false","true","394","17.748","503.3123136926717"
"9","0.8","true","false","false","true","433","13.888","422.46469782852876"
"8","0.7","true","false","false","true","435","17.512","448.3334370370116"
"6","0.5","true","false","false","true","380","20.376","543.2149252368695"
"4","0.3","true","false","false","true","350","22.096","685.4693500508048"
"1","0","true","false","false","true","444","6.496","1092.802390040967"
"3","0.2","true","false","false","true","324","17.808","827.4251643376904"
"8","0.7","true","false","false","true","436","17.46","448.6273744680449"
"2","0.1","true","false","false","true","302","10.548","1070.6137418522367"
"7","0.6","true","false","false","true","395","17.848","503.89646422730686"
"9","0.8","true","false","false","true","434","14","421.2264823564526"
"6","0.5","true","false","false","true","381","20.336","542.9671749906043"
"5","0.4","true","false","false","true","368","24.984","572.7801641795355"
"4","0.3","true","false","false","true","351","21.812","685.0602927442003"
"8","0.7","true","false","false","true","437","17.264","448.40842271569556"
"1","0","true","false","false","true","445","6.504","1092.8836186636424"
"3","0.2","true","false","false","true","325","17.74","825.9150118108505"
"7","0.6","true","false","false","true","396","17.632","503.76976943310706"
"9","0.8","true","false","false","true","435","13.96","422.134195348139"
"5","0.4","true","false","false","true","369","24.732","571.1072749522384"
"8","0.7","true","false","false","true","438","17.42","448.13478445547645"
"6","0.5","true","false","false","true","382","20.388","543.5856326462319"
"4","0.3","true","false","false","true","352","21.64","686.0528166599586"
"2","0.1","true","false","false","true","303","10.716","1070.929981923943"
"1","0","true","false","false","true","446","6.6","1089.3373536239521"
"4","0.3","true","false","false","true","353","21.528","685.0974240187469"
"5","0.4","true","false","false","true","370","25.244","572.3241889434693"
"3","0.2","true","false","false","true","326","17.944","824.4273059063704"
"7","0.6","true","false","false","true","397","17.92","502.24647551628135"
"6","0.5","true","false","false","true","383","20.648","542.9278454123273"
"8","0.7","true","false","false","true","439","17.864","448.0364338474317"
"9","0.8","true","false","false","true","436","13.82","422.17628387538105"
"1","0","true","false","false","true","447","6.58","1092.362202993394"
"4","0.3","true","false","false","true","354","21.468","684.4407490750984"
"8","0.7","true","false","false","true","440","17.904","447.7047547435586"
"2","0.1","true","false","false","true","304","10.616","1071.4004700724386"
"1","0","true","false","false","true","448","6.632","1096.605354178235"
"9","0.8","true","false","false","true","437","13.816","423.17016837112504"
"5","0.4","true","false","false","true","371","25.076","570.8278107875595"
"7","0.6","true","false","false","true","398","17.64","503.7139596211207"
"6","0.5","true","false","false","true","384","20.5","540.8826363889132"
"3","0.2","true","false","false","true","327","17.816","822.9951939515738"
"4","0.3","true","false","false","true","355","21.452","682.9568636144891"
"8","0.7","true","false","false","true","441","17.832","446.1512190252345"
"9","0.8","true","false","false","true","438","13.96","422.9485547288076"
"2","0.1","true","false","false","true","305","10.528","1069.8574359577624"
"1","0","true","false","false","true","449","6.484","1094.287405651088"
"6","0.5","true","false","false","true","385","20.684","540.7813790277711"
"8","0.7","true","false","false","true","442","18.012","448.4244969279083"
"7","0.6","true","false","false","true","399","17.72","502.8141756448163"
"5","0.4","true","false","false","true","372","24.564","570.943080867363"
"4","0.3","true","false","false","true","356","21.708","679.6887493077082"
"9","0.8","true","false","false","true","439","13.916","422.4347358263434"
"8","0.7","true","false","false","true","443","17.568","447.5062377711385"
"3","0.2","true","false","false","true","328","18.08","822.9526068789886"
"7","0.6","true","false","false","true","400","17.82","503.69098594690143"
"1","0","true","false","false","true","450","6.444","1095.5740329029722"
"2","0.1","true","false","false","true","306","10.42","1072.1668185106405"
"6","0.5","true","false","false","true","386","20.396","540.8965459748484"
"5","0.4","true","false","false","true","373","24.728","571.4024808643219"
"1","0","true","false","false","true","451","6.496","1091.7010367821247"
"7","0.6","true","false","false","true","401","17.588","503.020066464226"
"4","0.3","true","false","false","true","357","21.828","679.3163057711057"
"8","0.7","true","false","false","true","444","17.744","447.10165952016337"
"9","0.8","true","false","false","true","440","13.716","424.35188643977943"
"6","0.5","true","false","false","true","387","20.312","541.0627384276739"
"3","0.2","true","false","false","true","329","18.128","822.8824619062055"
"1","0","true","false","false","true","452","6.56","1089.7555746270461"
"7","0.6","true","false","false","true","402","17.644","502.0587468790223"
"2","0.1","true","false","false","true","307","10.504","1070.1929352333725"
"9","0.8","true","false","false","true","441","14.008","423.7253616552964"
"5","0.4","true","false","false","true","374","24.704","573.8354388801957"
"6","0.5","true","false","false","true","388","20.48","540.4193772910725"
"4","0.3","true","false","false","true","358","21.784","679.5122882211705"
"8","0.7","true","false","false","true","445","17.792","445.54842112709554"
"1","0","true","false","false","true","453","6.616","1087.84311663244"
"9","0.8","true","false","false","true","442","14.052","424.05361057967923"
"3","0.2","true","false","false","true","330","18.32","822.6377328544124"
"7","0.6","true","false","false","true","403","17.568","501.82377362835615"
"5","0.4","true","false","false","true","375","24.808","573.4308612117829"
"4","0.3","true","false","false","true","359","21.444","681.6291997801369"
"6","0.5","true","false","false","true","389","20.528","540.2586544566477"
"8","0.7","true","false","false","true","446","18.188","444.3801090713567"
"1","0","true","false","false","true","454","6.448","1085.7578701416724"
"2","0.1","true","false","false","true","308","10.596","1073.662392990415"
"7","0.6","true","false","false","true","404","17.668","503.0549250452162"
"9","0.8","true","false","false","true","443","14.084","424.3432785704064"
"5","0.4","true","false","false","true","376","24.88","573.062609368779"
"8","0.7","true","false","false","true","447","17.96","443.7699104378932"
"3","0.2","true","false","false","true","331","18.04","823.0445688910243"
"4","0.3","true","false","false","true","360","21.72","681.0554489287827"
"1","0","true","false","false","true","455","6.456","1081.814247684463"
"6","0.5","true","false","false","true","390","20.492","541.3740925265201"
"9","0.8","true","false","false","true","444","14.064","422.96203791808387"
"7","0.6","true","false","false","true","405","17.768","502.9830875763927"
"3","0.2","true","false","false","true","332","18.096","822.6600876783986"
"8","0.7","true","false","false","true","448","17.976","444.2211915299473"
"5","0.4","true","false","false","true","377","25.14","572.951367020285"
"2","0.1","true","false","false","true","309","10.628","1077.7226697543845"
"1","0","true","false","false","true","456","6.496","1077.3572032525665"
"9","0.8","true","false","false","true","445","13.896","424.03650368056174"
"6","0.5","true","false","false","true","391","20.412","539.3975196925304"
"4","0.3","true","false","false","true","361","21.7","681.3637532670823"
"3","0.2","true","false","false","true","333","17.864","824.1426436835657"
"7","0.6","true","false","false","true","406","17.552","503.40902467447324"
"8","0.7","true","false","false","true","449","18.284","444.9414119600701"
"9","0.8","true","false","false","true","446","13.968","425.74618794473434"
"1","0","true","false","false","true","457","6.58","1079.8790234068692"
"5","0.4","true","false","false","true","378","25.148","573.4123276660267"
"6","0.5","true","false","false","true","392","20.524","539.2543191239415"
"4","0.3","true","false","false","true","362","21.744","682.9732150094853"
"3","0.2","true","false","false","true","334","17.964","822.6648274017549"
"2","0.1","true","false","false","true","310","10.62","1071.7375572411047"
"1","0","true","false","false","true","458","6.572","1081.487229969578"
"9","0.8","true","false","false","true","447","13.764","424.8466108495501"
"8","0.7","true","false","false","true","450","18.076","445.33275770011664"
"7","0.6","true","false","false","true","407","17.504","502.833239183602"
"5","0.4","true","false","false","true","379","25.108","573.8778785387508"
"6","0.5","true","false","false","true","393","20.684","539.0951962955445"
"4","0.3","true","false","false","true","363","22.172","682.2680506713285"
"1","0","true","false","false","true","459","6.6","1080.607717610435"
"9","0.8","true","false","false","true","448","13.988","425.4026013653285"
"3","0.2","true","false","false","true","335","17.96","822.7813297973822"
"8","0.7","true","false","false","true","451","18.208","445.0995921612349"
"7","0.6","true","false","false","true","408","17.392","504.53178473256094"
"1","0","true","false","false","true","460","6.576","1081.9161542431855"
"2","0.1","true","false","false","true","311","10.58","1072.626448414896"
"9","0.8","true","false","false","true","449","13.952","424.26668254130834"
"4","0.3","true","false","false","true","364","22.096","681.6164113591054"
"5","0.4","true","false","false","true","380","24.812","574.4563658800292"
"6","0.5","true","false","false","true","394","20.756","538.2618742300923"
"9","0.8","true","false","false","true","450","13.832","423.73189949037027"
"7","0.6","true","false","false","true","409","17.668","504.02043857523137"
"4","0.3","true","false","false","true","365","22.008","682.1618062846351"
"1","0","true","false","false","true","461","6.572","1082.0273407608547"
"8","0.7","true","false","false","true","452","17.9","446.31742685479736"
"3","0.2","true","false","false","true","336","18.108","823.362506712916"
"5","0.4","true","false","false","true","381","24.944","573.7076586418161"
"6","0.5","true","false","false","true","395","20.932","539.6359884006404"
"2","0.1","true","false","false","true","312","10.5","1069.0170661706106"
"7","0.6","true","false","false","true","410","17.772","503.40684607730736"
"9","0.8","true","false","false","true","451","13.904","423.49903663229475"
"8","0.7","true","false","false","true","453","18.096","445.46333233791563"
"1","0","true","false","false","true","462","6.58","1081.953386975141"
"4","0.3","true","false","false","true","366","22.136","681.9119558476904"
"3","0.2","true","false","false","true","337","18.132","821.404835343189"
"6","0.5","true","false","false","true","396","20.816","538.1246507989135"
"5","0.4","true","false","false","true","382","25.124","571.7231711271552"
"9","0.8","true","false","false","true","452","13.944","424.6937128709313"
"8","0.7","true","false","false","true","454","18.016","445.43901478118806"
"1","0","true","false","false","true","463","6.524","1079.4804543561297"
"2","0.1","true","false","false","true","313","10.552","1066.1118558012608"
"7","0.6","true","false","false","true","411","17.996","502.33822790809944"
"9","0.8","true","false","false","true","453","13.996","425.1709652704137"
"3","0.2","true","false","false","true","338","18.46","821.9073891473964"
"4","0.3","true","false","false","true","367","22.036","682.6002395441491"
"8","0.7","true","false","false","true","455","17.864","444.86308154210553"
"1","0","true","false","false","true","464","6.532","1080.0588388857468"
"5","0.4","true","false","false","true","383","24.876","571.1327949189008"
"6","0.5","true","false","false","true","397","20.728","538.4383497166061"
"2","0.1","true","false","false","true","314","10.448","1065.6215190643206"
"7","0.6","true","false","false","true","412","17.632","501.1703296711821"
"9","0.8","true","false","false","true","454","13.84","426.6481309139779"
"5","0.4","true","false","false","true","384","25.088","570.9821953715891"
"8","0.7","true","false","false","true","456","18.148","444.78072108848284"
"6","0.5","true","false","false","true","398","20.932","536.9882342019005"
"1","0","true","false","false","true","465","6.484","1082.2116014648882"
"4","0.3","true","false","false","true","368","21.804","683.5866754923775"
"7","0.6","true","false","false","true","413","17.988","500.87310002441734"
"3","0.2","true","false","false","true","339","18.576","824.7632071791583"
"2","0.1","true","false","false","true","315","10.396","1066.2351538379748"
"9","0.8","true","false","false","true","455","13.956","426.9922113356773"
"1","0","true","false","false","true","466","6.592","1080.1198749024688"
"6","0.5","true","false","false","true","399","20.88","537.906426509329"
"5","0.4","true","false","false","true","385","24.82","572.6776991529847"
"8","0.7","true","false","false","true","457","18.208","446.5509132938382"
"7","0.6","true","false","false","true","414","17.768","502.1282819834879"
"4","0.3","true","false","false","true","369","21.848","681.4692922404724"
"8","0.7","true","false","false","true","458","18.184","445.8307548558405"
"9","0.8","true","false","false","true","456","13.84","427.1393790898121"
"1","0","true","false","false","true","467","6.504","1077.152789556269"
"2","0.1","true","false","false","true","316","10.596","1067.0048768982963"
"6","0.5","true","false","false","true","400","20.836","538.6984349677396"
"3","0.2","true","false","false","true","340","18.744","822.5190870931588"
"5","0.4","true","false","false","true","386","24.98","570.415961233551"
"7","0.6","true","false","false","true","415","17.712","502.0017306571069"
"4","0.3","true","false","false","true","370","21.912","682.7376682764269"
"1","0","true","false","false","true","468","6.48","1076.598724958181"
"8","0.7","true","false","false","true","459","18.288","443.4141302146191"
"9","0.8","true","false","false","true","457","13.776","425.9706696197234"
"6","0.5","true","false","false","true","401","20.788","539.1402730823278"
"3","0.2","true","false","false","true","341","18.604","822.0414706333466"
"5","0.4","true","false","false","true","387","24.76","569.9487898415807"
"7","0.6","true","false","false","true","416","17.944","502.1004369392417"
"2","0.1","true","false","false","true","317","10.5","1069.9790408300312"
"1","0","true","false","false","true","469","6.472","1074.5653592186566"
"4","0.3","true","false","false","true","371","22.036","681.3092220976971"
"8","0.7","true","false","false","true","460","18.176","444.3993785136741"
"9","0.8","true","false","false","true","458","13.952","425.54914677024493"
"6","0.5","true","false","false","true","402","20.74","540.2387983283069"
"7","0.6","true","false","false","true","417","18.108","502.55289250142283"
"5","0.4","true","false","false","true","388","24.58","568.0810155900597"
"3","0.2","true","false","false","true","342","18.596","821.6389101741004"
"4","0.3","true","false","false","true","372","22.32","680.8444070299917"
"1","0","true","false","false","true","470","6.572","1077.6457354305276"
"8","0.7","true","false","false","true","461","17.932","443.1209164914095"
"6","0.5","true","false","false","true","403","20.84","538.9570934165948"
"7","0.6","true","false","false","true","418","17.912","503.06903779073565"
"2","0.1","true","false","false","true","318","10.516","1069.5567761275634"
"9","0.8","true","false","false","true","459","13.672","425.4106448002436"
"3","0.2","true","false","false","true","343","18.804","820.3785501473297"
"5","0.4","true","false","false","true","389","24.704","568.7702950644278"
"4","0.3","true","false","false","true","373","22.424","680.1465668498789"
"8","0.7","true","false","false","true","462","18.14","445.25256006279244"
"1","0","true","false","false","true","471","6.552","1075.019576748916"
"6","0.5","true","false","false","true","404","21.056","537.8815702040247"
"9","0.8","true","false","false","true","460","13.74","425.75662387561255"
"7","0.6","true","false","false","true","419","18.04","501.7265599753511"
"8","0.7","true","false","false","true","463","18.076","444.45641630179745"
"5","0.4","true","false","false","true","390","24.72","568.6615799278718"
"3","0.2","true","false","false","true","344","18.932","821.6338494912836"
"6","0.5","true","false","false","true","405","21.056","536.5953149721744"
"4","0.3","true","false","false","true","374","22.024","678.1871429072187"
"1","0","true","false","false","true","472","6.588","1073.442166804501"
"2","0.1","true","false","false","true","319","10.612","1068.5716660357546"
"7","0.6","true","false","false","true","420","18.304","500.8872975592512"
"9","0.8","true","false","false","true","461","13.836","424.3156167832431"
"5","0.4","true","false","false","true","391","24.684","569.6442233076372"
"8","0.7","true","false","false","true","464","17.848","443.71143995236804"
"6","0.5","true","false","false","true","406","20.936","537.1170078555853"
"1","0","true","false","false","true","473","6.568","1070.0514443180043"
"3","0.2","true","false","false","true","345","18.896","821.9367785945803"
"7","0.6","true","false","false","true","421","18.024","500.1093441897008"
"4","0.3","true","false","false","true","375","22.196","678.2636110436432"
"9","0.8","true","false","false","true","462","13.812","424.5488358628096"
"6","0.5","true","false","false","true","407","20.916","536.1394971183325"
"1","0","true","false","false","true","474","6.544","1070.0548663777342"
"5","0.4","true","false","false","true","392","24.616","568.3900746711113"
"8","0.7","true","false","false","true","465","17.676","443.5584227757913"
"2","0.1","true","false","false","true","320","10.488","1071.0244881925944"
"1","0","true","false","false","true","475","6.636","1066.766398248222"
"7","0.6","true","false","false","true","422","18.108","499.45091166264535"
"3","0.2","true","false","false","true","346","18.832","821.1489421647026"
"6","0.5","true","false","false","true","408","21.448","537.1646165401779"
"5","0.4","true","false","false","true","393","24.776","565.8496541993167"
"9","0.8","true","false","false","true","463","13.94","425.0041161062761"
"4","0.3","true","false","false","true","376","22.396","677.4022124364002"
"8","0.7","true","false","false","true","466","17.892","443.22768748862774"
"5","0.4","true","false","false","true","394","24.776","566.277762482577"
"7","0.6","true","false","false","true","423","18.392","499.41595748113843"
"3","0.2","true","false","false","true","347","18.98","820.5803218327628"
"1","0","true","false","false","true","476","6.56","1067.9123224463076"
"2","0.1","true","false","false","true","321","10.384","1069.09550046865"
"6","0.5","true","false","false","true","409","21.416","536.6386031953886"
"9","0.8","true","false","false","true","464","13.928","424.9962670190541"
"8","0.7","true","false","false","true","467","18.104","443.42181287458504"
"4","0.3","true","false","false","true","377","22.24","675.4724121235439"
"5","0.4","true","false","false","true","395","24.532","565.2715340437053"
"1","0","true","false","false","true","477","6.612","1065.8008507065324"
"7","0.6","true","false","false","true","424","18.168","500.04609164867054"
"8","0.7","true","false","false","true","468","18.12","443.20734535183954"
"6","0.5","true","false","false","true","410","21.344","534.7789731429395"
"9","0.8","true","false","false","true","465","13.98","425.32532024013074"
"3","0.2","true","false","false","true","348","18.92","821.3914934437144"
"2","0.1","true","false","false","true","322","10.332","1064.1247871976132"
"4","0.3","true","false","false","true","378","22.696","675.2455845304867"
"1","0","true","false","false","true","478","6.576","1062.4247035594817"
"8","0.7","true","false","false","true","469","18.28","442.65358760877365"
"5","0.4","true","false","false","true","396","24.872","564.3496813494448"
"7","0.6","true","false","false","true","425","18.308","499.28925737801836"
"9","0.8","true","false","false","true","466","13.964","424.44762508403704"
"6","0.5","true","false","false","true","411","21.576","532.9081853359036"
"2","0.1","true","false","false","true","323","10.42","1066.1553720816435"
"3","0.2","true","false","false","true","349","19.08","820.9154264864198"
"1","0","true","false","false","true","479","6.6","1061.6820333051649"
"8","0.7","true","false","false","true","470","18.104","443.1352521076419"
"5","0.4","true","false","false","true","397","24.924","564.3052537003545"
"4","0.3","true","false","false","true","379","22.492","673.1319329589221"
"7","0.6","true","false","false","true","426","18.22","499.2361599130792"
"1","0","true","false","false","true","480","6.584","1058.5994058856982"
"9","0.8","true","false","false","true","467","13.904","425.58537589367467"
"5","0.4","true","false","false","true","398","24.888","565.1135335777755"
"6","0.5","true","false","false","true","412","21.336","533.2091538625074"
"8","0.7","true","false","false","true","471","18.184","442.5194780176375"
"7","0.6","true","false","false","true","427","18.26","497.8992665610866"
"3","0.2","true","false","false","true","350","19.184","821.8096608967188"
"4","0.3","true","false","false","true","380","22.396","673.9964495190792"
"2","0.1","true","false","false","true","324","10.372","1060.639270355551"
"1","0","true","false","false","true","481","6.528","1057.8090571057692"
"5","0.4","true","false","false","true","399","25.18","564.6674882558684"
"8","0.7","true","false","false","true","472","17.9","443.7365814384824"
"9","0.8","true","false","false","true","468","13.964","426.2565438290456"
"6","0.5","true","false","false","true","413","21.276","533.8243788580116"
"4","0.3","true","false","false","true","381","22.244","673.8565916227684"
"7","0.6","true","false","false","true","428","18.488","497.1769472921359"
"3","0.2","true","false","false","true","351","19.204","818.8913564133337"
"8","0.7","true","false","false","true","473","17.944","444.158436639818"
"1","0","true","false","false","true","482","6.428","1060.4180771212848"
"9","0.8","true","false","false","true","469","13.744","426.3159892759793"
"5","0.4","true","false","false","true","400","25.532","566.1288113835785"
"6","0.5","true","false","false","true","414","21.588","531.6292637333231"
"2","0.1","true","false","false","true","325","10.348","1056.3992717946126"
"7","0.6","true","false","false","true","429","18.376","497.8879564127529"
"4","0.3","true","false","false","true","382","22.068","673.2349483987009"
"1","0","true","false","false","true","483","6.508","1059.9740620079122"
"8","0.7","true","false","false","true","474","18.16","443.91108763563483"
"9","0.8","true","false","false","true","470","14.004","425.62752380828925"
"3","0.2","true","false","false","true","352","19.068","816.5380763557612"
"5","0.4","true","false","false","true","401","25.14","564.8410268324365"
"7","0.6","true","false","false","true","430","18.34","497.59731005472634"
"6","0.5","true","false","false","true","415","21.312","532.4737609030107"
"4","0.3","true","false","false","true","383","22.252","673.497913556863"
"8","0.7","true","false","false","true","475","18.476","444.68931600970075"
"2","0.1","true","false","false","true","326","10.24","1055.782404360829"
"1","0","true","false","false","true","484","6.576","1060.46040822964"
"5","0.4","true","false","false","true","402","25.44","566.9338848179605"
"9","0.8","true","false","false","true","471","13.904","426.2631318611938"
"7","0.6","true","false","false","true","431","18.612","498.72043683953495"
"6","0.5","true","false","false","true","416","21.096","532.8386214966209"
"4","0.3","true","false","false","true","384","22.752","670.7679734678256"
"3","0.2","true","false","false","true","353","18.728","814.2619299715502"
"1","0","true","false","false","true","485","6.548","1058.058118173761"
"8","0.7","true","false","false","true","476","18.388","444.87434755219635"
"5","0.4","true","false","false","true","403","25.456","568.1225942002119"
"9","0.8","true","false","false","true","472","13.94","426.08098972645087"
"4","0.3","true","false","false","true","385","22.616","669.0073766613868"
"3","0.2","true","false","false","true","354","19.132","814.916716375418"
"7","0.6","true","false","false","true","432","18.228","500.3872850540637"
"6","0.5","true","false","false","true","417","20.996","531.9287950848916"
"2","0.1","true","false","false","true","327","10.212","1052.6622753397062"
"1","0","true","false","false","true","486","6.632","1058.3300065795602"
"8","0.7","true","false","false","true","477","17.996","445.8283496152578"
"4","0.3","true","false","false","true","386","22.908","668.4957867765212"
"6","0.5","true","false","false","true","418","21.384","532.4876981181535"
"9","0.8","true","false","false","true","473","13.912","425.73026055932274"
"5","0.4","true","false","false","true","404","25.752","566.9407881046827"
"1","0","true","false","false","true","487","6.616","1057.1263287990155"
"7","0.6","true","false","false","true","433","18.544","499.2264634601397"
"3","0.2","true","false","false","true","355","19.116","813.2395330575586"
"9","0.8","true","false","false","true","474","14.176","425.75936665643695"
"2","0.1","true","false","false","true","328","10.34","1049.371073030556"
"8","0.7","true","false","false","true","478","18.08","443.42994997070303"
"6","0.5","true","false","false","true","419","21.236","531.1810778292133"
"5","0.4","true","false","false","true","405","25.812","564.5538541696694"
"4","0.3","true","false","false","true","387","22.816","666.2871194574814"
"1","0","true","false","false","true","488","6.588","1054.1198132397212"
"7","0.6","true","false","false","true","434","18.34","497.773077174142"
"3","0.2","true","false","false","true","356","19.268","813.8824694472195"
"8","0.7","true","false","false","true","479","18.244","444.1546970397797"
"9","0.8","true","false","false","true","475","14.308","425.89136605759535"
"5","0.4","true","false","false","true","406","25.732","564.2016854055352"
"6","0.5","true","false","false","true","420","21.404","531.6018096103337"
"4","0.3","true","false","false","true","388","22.924","665.1534046966063"
"1","0","true","false","false","true","489","6.608","1050.0326222421304"
"7","0.6","true","false","false","true","435","18.22","498.8830857561813"
"2","0.1","true","false","false","true","329","10.104","1052.0482536973182"
"8","0.7","true","false","false","true","480","18.2","443.5389746716608"
"9","0.8","true","false","false","true","476","14.196","426.81422896856606"
"1","0","true","false","false","true","490","6.536","1048.748037620033"
"5","0.4","true","false","false","true","407","25.992","562.6104210185242"
"6","0.5","true","false","false","true","421","21.52","531.1981540519138"
"4","0.3","true","false","false","true","389","23.072","665.9004198045307"
"3","0.2","true","false","false","true","357","19.168","813.070952543974"
"7","0.6","true","false","false","true","436","18.484","497.5590785728879"
"8","0.7","true","false","false","true","481","18.308","442.3882928548623"
"1","0","true","false","false","true","491","6.376","1047.4713929260604"
"9","0.8","true","false","false","true","477","14.332","426.3441836428552"
"2","0.1","true","false","false","true","330","10.068","1048.8458110492802"
"5","0.4","true","false","false","true","408","25.896","562.4331814161894"
"6","0.5","true","false","false","true","422","21.752","529.9891373330332"
"1","0","true","false","false","true","492","6.304","1044.5185777816469"
"7","0.6","true","false","false","true","437","18.488","497.0450538205546"
"3","0.2","true","false","false","true","358","19.356","812.8323507231175"
"8","0.7","true","false","false","true","482","18.572","442.9134765208838"
"9","0.8","true","false","false","true","478","14.3","426.10036944725096"
"1","0","true","false","false","true","493","6.432","1044.5074805158836"
"5","0.4","true","false","false","true","409","25.748","562.5609150390687"
"4","0.3","true","false","false","true","390","23.124","667.2667286177164"
"2","0.1","true","false","false","true","331","10.192","1046.2804178828262"
"6","0.5","true","false","false","true","423","21.892","532.4950549207185"
"7","0.6","true","false","false","true","438","18.676","496.1898923162618"
"1","0","true","false","false","true","494","6.4","1043.5814460971985"
"5","0.4","true","false","false","true","410","25.688","561.951240686247"
"9","0.8","true","false","false","true","479","14.112","426.1972745753364"
"8","0.7","true","false","false","true","483","18.86","443.04654035433407"
"3","0.2","true","false","false","true","359","19.576","811.4336098067969"
"2","0.1","true","false","false","true","332","10.272","1048.766980427299"
"4","0.3","true","false","false","true","391","22.864","667.098280922563"
"5","0.4","true","false","false","true","411","25.984","561.875433638686"
"6","0.5","true","false","false","true","424","21.6","533.6011815006914"
"8","0.7","true","false","false","true","484","18.412","443.73647179684724"
"7","0.6","true","false","false","true","439","18.232","497.39714193137803"
"1","0","true","false","false","true","495","6.348","1042.3425404791424"
"9","0.8","true","false","false","true","480","14.192","426.5800785667522"
"3","0.2","true","false","false","true","360","19.588","810.8467287395797"
"5","0.4","true","false","false","true","412","25.788","561.7268102961305"
"4","0.3","true","false","false","true","392","23.056","664.7912064020361"
"6","0.5","true","false","false","true","425","21.568","534.0842373205757"
"1","0","true","false","false","true","496","6.364","1038.1298060451459"
"2","0.1","true","false","false","true","333","10.46","1045.0414321967967"
"9","0.8","true","false","false","true","481","14.26","426.05924096779717"
"7","0.6","true","false","false","true","440","18.188","496.65727076491436"
"8","0.7","true","false","false","true","485","18.388","443.00557789384857"
"5","0.4","true","false","false","true","413","25.612","562.7975904116574"
"1","0","true","false","false","true","497","6.392","1040.2926615535862"
"6","0.5","true","false","false","true","426","21.588","534.3670172709767"
"4","0.3","true","false","false","true","393","22.96","665.1071327412627"
"3","0.2","true","false","false","true","361","19.108","811.7886338330744"
"9","0.8","true","false","false","true","482","14.048","424.86356300341623"
"7","0.6","true","false","false","true","441","18.464","495.27010537884723"
"8","0.7","true","false","false","true","486","18.208","441.1303687052285"
"2","0.1","true","false","false","true","334","10.404","1042.0571193895598"
"5","0.4","true","false","false","true","414","25.844","561.195062016473"
"1","0","true","false","false","true","498","6.328","1038.6058723459919"
"6","0.5","true","false","false","true","427","21.784","533.848622222812"
"9","0.8","true","false","false","true","483","14.136","425.76639827958337"
"3","0.2","true","false","false","true","362","19.324","810.7864826917646"
"7","0.6","true","false","false","true","442","18.292","496.2232924368989"
"4","0.3","true","false","false","true","394","22.98","666.0306729539392"
"8","0.7","true","false","false","true","487","18.352","441.1534247022605"
"5","0.4","true","false","false","true","415","26.076","560.2760276019517"
"1","0","true","false","false","true","499","6.32","1035.2740714884358"
"2","0.1","true","false","false","true","335","10.424","1038.4750448152577"
"9","0.8","true","false","false","true","484","13.928","426.31447938216064"
"6","0.5","true","false","false","true","428","21.556","536.1924958867592"
"4","0.3","true","false","false","true","395","22.864","666.136877596355"
"9","0.8","true","false","false","true","485","13.928","426.1196830035392"
"7","0.6","true","false","false","true","443","18.496","495.1799552907238"
"1","0","true","false","false","true","500","6.32","1032.8685103942066"
"3","0.2","true","false","false","true","363","19.28","809.0710994863547"
"8","0.7","true","false","false","true","488","18.252","441.4120854207115"
"5","0.4","true","false","false","true","416","25.756","560.2313910004285"
"2","0.1","true","false","false","true","336","10.276","1037.272391781913"
"1","0","true","false","false","true","501","6.46","1031.6665947695826"
"6","0.5","true","false","false","true","429","21.612","535.7101519855913"
"9","0.8","true","false","false","true","486","13.92","426.8883363704906"
"5","0.4","true","false","false","true","417","25.856","560.1755692414288"
"8","0.7","true","false","false","true","489","18.476","440.4063835041894"
"7","0.6","true","false","false","true","444","18.516","496.099519597292"
"3","0.2","true","false","false","true","364","19.34","806.9154398938546"
"4","0.3","true","false","false","true","396","22.748","664.2852443904516"
"2","0.1","true","false","false","true","337","10.384","1035.5360114839425"
"1","0","true","false","false","true","502","6.328","1031.522586787882"
"8","0.7","true","false","false","true","490","18.572","441.3305197383703"
"9","0.8","true","false","false","true","487","14.004","426.4070488084282"
"6","0.5","true","false","false","true","430","21.688","537.1082043649036"
"5","0.4","true","false","false","true","418","25.968","559.0056983601794"
"7","0.6","true","false","false","true","445","18.744","496.67064382175096"
"4","0.3","true","false","false","true","397","22.644","664.6046239071279"
"1","0","true","false","false","true","503","6.392","1033.7107888230598"
"8","0.7","true","false","false","true","491","18.084","441.73001682195826"
"3","0.2","true","false","false","true","365","19.528","804.6478998639188"
"2","0.1","true","false","false","true","338","10.412","1033.2380824668044"
"9","0.8","true","false","false","true","488","14.112","426.6017270929787"
"5","0.4","true","false","false","true","419","25.452","559.206833525016"
"6","0.5","true","false","false","true","431","21.656","536.8811003593416"
"4","0.3","true","false","false","true","398","22.712","662.9021513246669"
"7","0.6","true","false","false","true","446","18.436","497.3371221522395"
"8","0.7","true","false","false","true","492","18.292","442.6084932391301"
"1","0","true","false","false","true","504","6.428","1032.4401962909178"
"3","0.2","true","false","false","true","366","19.588","804.8584389644426"
"9","0.8","true","false","false","true","489","14.128","425.76477754627814"
"5","0.4","true","false","false","true","420","25.288","559.8481663462011"
"8","0.7","true","false","false","true","493","18.572","441.6382151447758"
"2","0.1","true","false","false","true","339","10.432","1032.698228530835"
"1","0","true","false","false","true","505","6.472","1034.9769334508385"
"7","0.6","true","false","false","true","447","18.556","497.06311663182356"
"6","0.5","true","false","false","true","432","21.724","537.3039078360101"
"4","0.3","true","false","false","true","399","22.84","663.3818491570405"
"3","0.2","true","false","false","true","367","19.684","806.3994342425506"
"8","0.7","true","false","false","true","494","18.628","440.7254818035187"
"9","0.8","true","false","false","true","490","14.268","426.2732977999387"
"5","0.4","true","false","false","true","421","25.892","561.1473266393235"
"1","0","true","false","false","true","506","6.512","1033.8647325524441"
"7","0.6","true","false","false","true","448","18.656","496.1517852942218"
"4","0.3","true","false","false","true","400","22.676","664.5514440355989"
"2","0.1","true","false","false","true","340","10.464","1029.3465554650343"
"6","0.5","true","false","false","true","433","21.856","537.3427870872819"
"3","0.2","true","false","false","true","368","19.568","804.8592764056829"
"1","0","true","false","false","true","507","6.496","1033.527356610508"
"9","0.8","true","false","false","true","491","13.988","426.0645329265045"
"8","0.7","true","false","false","true","495","18.3","440.65917723464077"
"4","0.3","true","false","false","true","401","22.668","663.6098541034539"
"5","0.4","true","false","false","true","422","25.532","561.5513757143076"
"7","0.6","true","false","false","true","449","18.704","495.862818431564"
"2","0.1","true","false","false","true","341","10.532","1028.7785184023269"
"6","0.5","true","false","false","true","434","21.784","537.2750872893339"
"1","0","true","false","false","true","508","6.548","1034.540774375518"
"9","0.8","true","false","false","true","492","14.056","426.15885560998197"
"8","0.7","true","false","false","true","496","18.484","440.9977609153688"
"3","0.2","true","false","false","true","369","19.544","802.1299425737152"
"5","0.4","true","false","false","true","423","25.324","560.5128299819119"
"7","0.6","true","false","false","true","450","18.828","495.9160234084606"
"4","0.3","true","false","false","true","402","22.704","665.0813508135645"
"6","0.5","true","false","false","true","435","21.86","537.0208559504299"
"9","0.8","true","false","false","true","493","14.116","427.2805701991823"
"2","0.1","true","false","false","true","342","10.448","1027.9821041974863"
"8","0.7","true","false","false","true","497","18.576","440.4547562203103"
"1","0","true","false","false","true","509","6.552","1031.8199262819937"
"7","0.6","true","false","false","true","451","18.536","495.12683797970766"
"3","0.2","true","false","false","true","370","19.496","799.1618749938381"
"5","0.4","true","false","false","true","424","25.432","561.0964953853737"
"4","0.3","true","false","false","true","403","22.948","663.036124681292"
"8","0.7","true","false","false","true","498","18.652","441.2888658411625"
"9","0.8","true","false","false","true","494","14.068","426.94079432482096"
"2","0.1","true","false","false","true","343","10.404","1027.2037930139759"
"1","0","true","false","false","true","510","6.508","1033.0194095943662"
"6","0.5","true","false","false","true","436","21.972","535.7437358009881"
"7","0.6","true","false","false","true","452","18.668","494.875345098255"
"3","0.2","true","false","false","true","371","19.576","798.3588765473794"
"5","0.4","true","false","false","true","425","25.32","562.3910346511699"
"9","0.8","true","false","false","true","495","14.016","426.4448436772106"
"8","0.7","true","false","false","true","499","18.676","441.2060280047631"
"4","0.3","true","false","false","true","404","23.208","661.5194260446871"
"7","0.6","true","false","false","true","453","18.748","493.57888162844995"
"1","0","true","false","false","true","511","6.54","1031.2986483617476"
"6","0.5","true","false","false","true","437","21.848","535.5498238839671"
"3","0.2","true","false","false","true","372","19.392","798.869506712291"
"2","0.1","true","false","false","true","344","10.5","1025.9100611440022"
"9","0.8","true","false","false","true","496","13.988","426.3797309523874"
"5","0.4","true","false","false","true","426","25.716","562.3619966918573"
"8","0.7","true","false","false","true","500","18.916","440.04192204391336"
"4","0.3","true","false","false","true","405","23.62","659.8591313023776"
"1","0","true","false","false","true","512","6.5","1027.7885856261848"
"7","0.6","true","false","false","true","454","18.728","494.787016615281"
"6","0.5","true","false","false","true","438","21.736","535.7184810587829"
"3","0.2","true","false","false","true","373","19.38","797.9870678629246"
"9","0.8","true","false","false","true","497","14.24","425.9435260460898"
"8","0.7","true","false","false","true","501","18.824","440.17770360468637"
"2","0.1","true","false","false","true","345","10.668","1022.5138136447342"
"5","0.4","true","false","false","true","427","25.744","563.0748045018516"
"1","0","true","false","false","true","513","6.488","1026.485421651493"
"4","0.3","true","false","false","true","406","23.708","661.0827959196841"
"7","0.6","true","false","false","true","455","18.488","494.9347046018565"
"6","0.5","true","false","false","true","439","21.992","534.6381189159664"
"9","0.8","true","false","false","true","498","14.192","426.77357978880417"
"8","0.7","true","false","false","true","502","18.676","439.13805629176795"
"1","0","true","false","false","true","514","6.556","1029.6584690626103"
"5","0.4","true","false","false","true","428","25.78","562.9668565591961"
"3","0.2","true","false","false","true","374","19.492","796.8942383109631"
"7","0.6","true","false","false","true","456","18.376","495.4082606823787"
"4","0.3","true","false","false","true","407","23.66","660.8145662501611"
"2","0.1","true","false","false","true","346","10.564","1023.9425532277365"
"6","0.5","true","false","false","true","440","21.848","533.687057479671"
"9","0.8","true","false","false","true","499","14.168","427.19637441663605"
"8","0.7","true","false","false","true","503","18.792","438.8434081511874"
"1","0","true","false","false","true","515","6.52","1026.359391950674"
"5","0.4","true","false","false","true","429","25.352","563.4257918222484"
"7","0.6","true","false","false","true","457","18.496","494.3985194135088"
"3","0.2","true","false","false","true","375","19.468","797.3549277430755"
"4","0.3","true","false","false","true","408","23.752","661.0133177946109"
"1","0","true","false","false","true","516","6.484","1025.634347048031"
"6","0.5","true","false","false","true","441","21.936","532.4549019466275"
"9","0.8","true","false","false","true","500","14.168","427.2808671605136"
"2","0.1","true","false","false","true","347","10.556","1025.2772466087772"
"8","0.7","true","false","false","true","504","18.756","438.58281058150766"
"5","0.4","true","false","false","true","430","25.364","562.1785626841698"
"1","0","true","false","false","true","517","6.492","1027.138328244235"
"7","0.6","true","false","false","true","458","18.576","494.3355255472359"
"3","0.2","true","false","false","true","376","19.804","796.9936379354817"
"4","0.3","true","false","false","true","409","23.656","659.6232489406889"
"9","0.8","true","false","false","true","501","14.204","426.06221409225236"
"2","0.1","true","false","false","true","348","10.612","1027.5933248999715"
"8","0.7","true","false","false","true","505","18.744","438.1545642256046"
"6","0.5","true","false","false","true","442","21.788","532.1481885317446"
"5","0.4","true","false","false","true","431","25.668","562.5061956790578"
"1","0","true","false","false","true","518","6.56","1025.8155904637658"
"7","0.6","true","false","false","true","459","18.58","492.66438134889694"
"3","0.2","true","false","false","true","377","19.884","795.07136587866"
"4","0.3","true","false","false","true","410","23.572","661.7987044170733"
"2","0.1","true","false","false","true","349","10.768","1021.5648221891303"
"8","0.7","true","false","false","true","506","18.908","439.3073352606121"
"9","0.8","true","false","false","true","502","14.216","427.83138635010323"
"6","0.5","true","false","false","true","443","21.896","531.908565877458"
"1","0","true","false","false","true","519","6.564","1025.7064165478394"
"5","0.4","true","false","false","true","432","25.348","563.410917028501"
"7","0.6","true","false","false","true","460","18.692","491.8239515965669"
"3","0.2","true","false","false","true","378","20.208","793.9931205187787"
"9","0.8","true","false","false","true","503","14.24","427.26572107991115"
"8","0.7","true","false","false","true","507","18.928","438.8649730258838"
"1","0","true","false","false","true","520","6.576","1023.3993543245176"
"4","0.3","true","false","false","true","411","23.94","660.7830804813714"
"2","0.1","true","false","false","true","350","10.932","1021.412510038896"
"7","0.6","true","false","false","true","461","18.916","492.73598876861706"
"6","0.5","true","false","false","true","444","21.74","530.8898555482307"
"5","0.4","true","false","false","true","433","25.616","562.7619924054038"
"3","0.2","true","false","false","true","379","20.128","795.1984689025168"
"9","0.8","true","false","false","true","504","14.328","427.5180478266821"
"8","0.7","true","false","false","true","508","18.668","438.2247920339633"
"7","0.6","true","false","false","true","462","18.772","491.31881923610337"
"1","0","true","false","false","true","521","6.528","1023.0345391395548"
"4","0.3","true","false","false","true","412","24.108","659.2510761002363"
"5","0.4","true","false","false","true","434","25.856","562.3119302065649"
"6","0.5","true","false","false","true","445","21.768","533.2910074565581"
"2","0.1","true","false","false","true","351","10.964","1022.7377425042142"
"8","0.7","true","false","false","true","509","19.16","439.12323389664397"
"3","0.2","true","false","false","true","380","20.16","795.200996322198"
"9","0.8","true","false","false","true","505","14.232","427.7337110064784"
"7","0.6","true","false","false","true","463","19.116","490.98987663557284"
"1","0","true","false","false","true","522","6.488","1021.4444986117568"
"6","0.5","true","false","false","true","446","21.712","531.9850368800724"
"5","0.4","true","false","false","true","435","26.3","561.5613071093165"
"4","0.3","true","false","false","true","413","24.424","658.2924306835696"
"8","0.7","true","false","false","true","510","18.832","438.9685472398887"
"1","0","true","false","false","true","523","6.552","1020.2487221457137"
"3","0.2","true","false","false","true","381","20.024","794.1941200269167"
"9","0.8","true","false","false","true","506","14.26","428.3917252785051"
"2","0.1","true","false","false","true","352","11.1","1022.9419420984087"
"6","0.5","true","false","false","true","447","21.724","531.9865268247254"
"7","0.6","true","false","false","true","464","18.832","492.20453674278536"
"4","0.3","true","false","false","true","414","24.356","660.1410906424966"
"5","0.4","true","false","false","true","436","26.128","561.5255969093824"
"1","0","true","false","false","true","524","6.492","1017.3478560710189"
"8","0.7","true","false","false","true","511","18.9","438.71797067596674"
"3","0.2","true","false","false","true","382","20.188","791.0476678956314"
"6","0.5","true","false","false","true","448","21.724","531.3111426997923"
"9","0.8","true","false","false","true","507","14.176","427.31049169906805"
"7","0.6","true","false","false","true","465","18.748","491.9734825679741"
"5","0.4","true","false","false","true","437","26.196","562.3215313433935"
"2","0.1","true","false","false","true","353","10.992","1021.4412379599096"
"1","0","true","false","false","true","525","6.524","1015.6059522974394"
"4","0.3","true","false","false","true","415","24.076","660.890611844279"
"8","0.7","true","false","false","true","512","18.916","437.6001838223792"
"9","0.8","true","false","false","true","508","14.176","427.4433740962736"
"3","0.2","true","false","false","true","383","20.236","792.0373051054659"
"6","0.5","true","false","false","true","449","22.024","531.1283049957275"
"5","0.4","true","false","false","true","438","26.164","559.7427164397893"
"7","0.6","true","false","false","true","466","18.756","491.7501292587073"
"1","0","true","false","false","true","526","6.536","1014.5978746433923"
"2","0.1","true","false","false","true","354","10.96","1019.9967567780549"
"4","0.3","true","false","false","true","416","24.152","661.0913433578623"
"8","0.7","true","false","false","true","513","19.24","437.64067376472923"
"5","0.4","true","false","false","true","439","26.76","560.2978666185207"
"9","0.8","true","false","false","true","509","13.992","427.739140575959"
"6","0.5","true","false","false","true","450","21.928","531.599592751151"
"7","0.6","true","false","false","true","467","18.888","491.017236632063"
"1","0","true","false","false","true","527","6.5","1013.9119913264634"
"3","0.2","true","false","false","true","384","20.048","791.8601904055766"
"8","0.7","true","false","false","true","514","18.968","437.7309607152931"
"5","0.4","true","false","false","true","440","26.528","561.91124844238"
"7","0.6","true","false","false","true","468","18.876","491.83944215128577"
"2","0.1","true","false","false","true","355","11.124","1019.6544316917139"
"4","0.3","true","false","false","true","417","24.584","660.525841081418"
"1","0","true","false","false","true","528","6.464","1011.912020975974"
"9","0.8","true","false","false","true","510","14.248","428.35691420474086"
"6","0.5","true","false","false","true","451","21.872","530.1542056747833"
"3","0.2","true","false","false","true","385","19.976","788.8528557114815"
"5","0.4","true","false","false","true","441","26.304","561.7605142070203"
"7","0.6","true","false","false","true","469","18.724","491.80505839488757"
"1","0","true","false","false","true","529","6.404","1012.8478414999031"
"8","0.7","true","false","false","true","515","18.956","437.6694522753643"
"9","0.8","true","false","false","true","511","14.156","427.7565255608295"
"4","0.3","true","false","false","true","418","24.548","661.6455617998829"
"6","0.5","true","false","false","true","452","21.896","530.7075913246908"
"2","0.1","true","false","false","true","356","11.088","1014.3893624667226"
"1","0","true","false","false","true","530","6.572","1011.6372717090279"
"5","0.4","true","false","false","true","442","26.428","561.546900835418"
"8","0.7","true","false","false","true","516","19.128","438.3159387412778"
"7","0.6","true","false","false","true","470","18.708","492.3778146936717"
"3","0.2","true","false","false","true","386","19.956","786.887544989911"
"6","0.5","true","false","false","true","453","22.3","530.3114017973475"
"1","0","true","false","false","true","531","6.516","1008.5678492197949"
"9","0.8","true","false","false","true","512","14.104","428.15777593175517"
"5","0.4","true","false","false","true","443","26.32","561.422676774103"
"4","0.3","true","false","false","true","419","24.5","660.1104699896356"
"2","0.1","true","false","false","true","357","11.116","1012.9983038886038"
"6","0.5","true","false","false","true","454","22.076","529.4259440356125"
"1","0","true","false","false","true","532","6.48","1008.7070275289477"
"7","0.6","true","false","false","true","471","18.596","492.14710268647366"
"8","0.7","true","false","false","true","517","19.048","437.8447826752816"
"5","0.4","true","false","false","true","444","26.144","560.6245001689452"
"9","0.8","true","false","false","true","513","14.208","428.57117091493535"
"3","0.2","true","false","false","true","387","20.112","784.9388658713161"
"1","0","true","false","false","true","533","6.696","1005.6602848340274"
"2","0.1","true","false","false","true","358","11.04","1008.9040254945692"
"4","0.3","true","false","false","true","420","24.436","658.4881635798895"
"6","0.5","true","false","false","true","455","21.956","528.5609189481055"
"5","0.4","true","false","false","true","445","25.988","560.5680630876781"
"7","0.6","true","false","false","true","472","18.9","492.24603408429925"
"8","0.7","true","false","false","true","518","19.2","437.593634434821"
"1","0","true","false","false","true","534","6.632","1007.5859788836467"
"9","0.8","true","false","false","true","514","14.196","428.42912587689165"
"6","0.5","true","false","false","true","456","22.328","528.2112322700792"
"2","0.1","true","false","false","true","359","10.964","1007.6185507880778"
"3","0.2","true","false","false","true","388","20.384","784.6229571936777"
"5","0.4","true","false","false","true","446","26.472","559.2814912269786"
"4","0.3","true","false","false","true","421","24.172","656.9668538751816"
"7","0.6","true","false","false","true","473","18.868","490.69447631650814"
"1","0","true","false","false","true","535","6.692","1005.8848193634499"
"8","0.7","true","false","false","true","519","19.22","436.0172354605117"
"9","0.8","true","false","false","true","515","14.184","429.101421895088"
"5","0.4","true","false","false","true","447","26.28","560.8289899739265"
"6","0.5","true","false","false","true","457","21.952","527.7168059461599"
"3","0.2","true","false","false","true","389","20.408","781.2782864711644"
"1","0","true","false","false","true","536","6.732","1005.5028327306068"
"2","0.1","true","false","false","true","360","11.02","1008.0372953217158"
"7","0.6","true","false","false","true","474","18.784","492.204401016966"
"4","0.3","true","false","false","true","422","24.016","656.7030182710483"
"8","0.7","true","false","false","true","520","18.928","436.64374581561674"
"9","0.8","true","false","false","true","516","14.276","427.7129748922806"
"5","0.4","true","false","false","true","448","26.128","559.9892633825053"
"1","0","true","false","false","true","537","6.636","1003.3568423471229"
"3","0.2","true","false","false","true","390","20.26","779.6617739847824"
"6","0.5","true","false","false","true","458","21.98","528.2576904310155"
"2","0.1","true","false","false","true","361","11.112","1009.3113451058089"
"7","0.6","true","false","false","true","475","18.832","492.77377797049104"
"8","0.7","true","false","false","true","521","19.284","436.63671272084326"
"5","0.4","true","false","false","true","449","26.548","558.4829874188607"
"1","0","true","false","false","true","538","6.672","1003.4064234609954"
"4","0.3","true","false","false","true","423","23.992","656.9762578776462"
"9","0.8","true","false","false","true","517","14.376","427.84228798896567"
"3","0.2","true","false","false","true","391","19.78","780.5597598574672"
"6","0.5","true","false","false","true","459","22.164","529.8575069344403"
"1","0","true","false","false","true","539","6.692","1000.1244387310835"
"7","0.6","true","false","false","true","476","18.928","491.27379303003613"
"5","0.4","true","false","false","true","450","26.412","556.9373391318005"
"2","0.1","true","false","false","true","362","11.388","1008.7171683108623"
"8","0.7","true","false","false","true","522","19.004","437.907318296583"
"9","0.8","true","false","false","true","518","14.332","429.17665020647996"
"4","0.3","true","false","false","true","424","23.856","656.0859739328408"
"6","0.5","true","false","false","true","460","21.7","529.5226931009488"
"3","0.2","true","false","false","true","392","19.812","781.0821278164325"
"1","0","true","false","false","true","540","6.712","998.8676184680037"
"5","0.4","true","false","false","true","451","26.644","557.7998594377477"
"7","0.6","true","false","false","true","477","18.944","490.45801212671176"
"8","0.7","true","false","false","true","523","19.184","437.1789742033596"
"2","0.1","true","false","false","true","363","11.356","1003.1367185324298"
"9","0.8","true","false","false","true","519","14.312","428.1280731934766"
"1","0","true","false","false","true","541","6.68","997.6023916006083"
"4","0.3","true","false","false","true","425","23.724","654.4151804594984"
"3","0.2","true","false","false","true","393","19.864","780.2956503162255"
"5","0.4","true","false","false","true","452","26.564","558.7819071799383"
"6","0.5","true","false","false","true","461","21.864","529.675355946847"
"7","0.6","true","false","false","true","478","19.196","492.24089731577044"
"1","0","true","false","false","true","542","6.576","998.4724453361873"
"9","0.8","true","false","false","true","520","14.208","428.23169803035495"
"8","0.7","true","false","false","true","524","19.12","437.27955756323615"
"2","0.1","true","false","false","true","364","11.348","1004.2505997512403"
"5","0.4","true","false","false","true","453","26.9","556.9969351165996"
"6","0.5","true","false","false","true","462","22.044","530.158693290465"
"1","0","true","false","false","true","543","6.664","995.9269455492808"
"4","0.3","true","false","false","true","426","23.916","654.4203518304325"
"3","0.2","true","false","false","true","394","20.188","780.3494591065664"
"7","0.6","true","false","false","true","479","18.976","491.3843736538674"
"8","0.7","true","false","false","true","525","19.128","437.6177246710042"
"9","0.8","true","false","false","true","521","14.38","427.6757838610627"
"5","0.4","true","false","false","true","454","26.992","558.011194532501"
"2","0.1","true","false","false","true","365","11.304","1001.6588227050993"
"1","0","true","false","false","true","544","6.66","992.6836272021308"
"6","0.5","true","false","false","true","463","22.18","529.8865537389996"
"7","0.6","true","false","false","true","480","18.876","491.2782485841961"
"3","0.2","true","false","false","true","395","19.94","780.4286097493307"
"5","0.4","true","false","false","true","455","26.98","557.5946325455536"
"8","0.7","true","false","false","true","526","18.812","436.7514777382019"
"4","0.3","true","false","false","true","427","24.044","654.6365642885415"
"9","0.8","true","false","false","true","522","14.348","428.58089991295867"
"1","0","true","false","false","true","545","6.58","992.9125399577981"
"6","0.5","true","false","false","true","464","22.584","530.3721555025452"
"7","0.6","true","false","false","true","481","19.2","490.25964526335474"
"2","0.1","true","false","false","true","366","11.3","999.0155082927005"
"5","0.4","true","false","false","true","456","26.728","558.1727882324645"
"1","0","true","false","false","true","546","6.684","991.4772784075114"
"3","0.2","true","false","false","true","396","19.924","780.3677270150458"
"9","0.8","true","false","false","true","523","14.14","427.25129193886073"
"8","0.7","true","false","false","true","527","18.908","436.5724924135478"
"4","0.3","true","false","false","true","428","24.036","653.5607522046644"
"6","0.5","true","false","false","true","465","22.272","529.3805385048875"
"7","0.6","true","false","false","true","482","19.064","490.65989574816285"
"5","0.4","true","false","false","true","457","26.596","557.0352081626779"
"2","0.1","true","false","false","true","367","11.196","996.544059247118"
"1","0","true","false","false","true","547","6.608","989.7191543333423"
"9","0.8","true","false","false","true","524","14.204","426.51946664073756"
"3","0.2","true","false","false","true","397","20.24","780.1596360899623"
"8","0.7","true","false","false","true","528","19.2","436.6202468236958"
"7","0.6","true","false","false","true","483","18.656","491.11074698745233"
"5","0.4","true","false","false","true","458","26.644","557.6072422408946"
"6","0.5","true","false","false","true","466","22.392","528.7145532649112"
"4","0.3","true","false","false","true","429","24.308","652.6025495321702"
"1","0","true","false","false","true","548","6.596","989.5187192160392"
"2","0.1","true","false","false","true","368","11.228","997.7960863187766"
"7","0.6","true","false","false","true","484","18.672","491.2246668074427"
"9","0.8","true","false","false","true","525","14.164","426.71447623572624"
"5","0.4","true","false","false","true","459","26.828","558.1310689284867"
"8","0.7","true","false","false","true","529","19.068","436.1184910850379"
"1","0","true","false","false","true","549","6.688","985.6814741386218"
"3","0.2","true","false","false","true","398","20.488","778.9825573383501"
"6","0.5","true","false","false","true","467","22.504","528.556659171753"
"4","0.3","true","false","false","true","430","24.148","650.4116767737939"
"1","0","true","false","false","true","550","6.692","982.9790485054016"
"2","0.1","true","false","false","true","369","11.196","998.0191279422666"
"5","0.4","true","false","false","true","460","26.86","557.8264908433024"
"9","0.8","true","false","false","true","526","14.144","427.76689365762627"
"7","0.6","true","false","false","true","485","19.076","491.77604461782"
"8","0.7","true","false","false","true","530","19.104","435.7679862613612"
"3","0.2","true","false","false","true","399","20.492","775.8036317406646"
"6","0.5","true","false","false","true","468","22.588","530.5175387073253"
"1","0","true","false","false","true","551","6.732","981.0127474352474"
"4","0.3","true","false","false","true","431","24.252","649.0131055893938"
"5","0.4","true","false","false","true","461","26.944","557.4029381918866"
"2","0.1","true","false","false","true","370","11.208","996.9877829598415"
"1","0","true","false","false","true","552","6.768","976.1838707489452"
"8","0.7","true","false","false","true","531","19.312","434.8701247209101"
"9","0.8","true","false","false","true","527","14.168","426.6711697085737"
"7","0.6","true","false","false","true","486","19.072","491.71771653201654"
"6","0.5","true","false","false","true","469","22.464","529.6394029161607"
"5","0.4","true","false","false","true","462","26.844","557.5185343502004"
"3","0.2","true","false","false","true","400","20.24","776.3731983941759"
"1","0","true","false","false","true","553","6.768","974.7141698384742"
"4","0.3","true","false","false","true","432","24.508","646.8933401720492"
"8","0.7","true","false","false","true","532","19.556","435.0334798784256"
"2","0.1","true","false","false","true","371","11.228","993.4750563801521"
"9","0.8","true","false","false","true","528","14.356","427.2302560058427"
"6","0.5","true","false","false","true","470","22.508","529.0554705839912"
"7","0.6","true","false","false","true","487","18.8","490.88641674419665"
"5","0.4","true","false","false","true","463","26.832","556.619644771758"
"1","0","true","false","false","true","554","6.672","974.9887280874447"
"8","0.7","true","false","false","true","533","19.588","434.81200205029984"
"3","0.2","true","false","false","true","401","20.216","778.9439458115546"
"6","0.5","true","false","false","true","471","22.444","528.6636612907913"
"4","0.3","true","false","false","true","433","24.752","646.9665527032853"
"5","0.4","true","false","false","true","464","27.132","555.8608346103638"
"9","0.8","true","false","false","true","529","14.156","427.35865477341923"
"2","0.1","true","false","false","true","372","11.376","993.0964905313841"
"1","0","true","false","false","true","555","6.68","972.1628397097313"
"7","0.6","true","false","false","true","488","18.788","490.2579140384908"
"8","0.7","true","false","false","true","534","19.416","434.50412390575525"
"5","0.4","true","false","false","true","465","27.056","555.9223820270761"
"1","0","true","false","false","true","556","6.624","970.408165754292"
"6","0.5","true","false","false","true","472","22.58","528.331682770156"
"3","0.2","true","false","false","true","402","20.212","778.5334202910991"
"9","0.8","true","false","false","true","530","14.06","427.6975408869503"
"4","0.3","true","false","false","true","434","24.568","647.062055874581"
"7","0.6","true","false","false","true","489","18.844","490.46510955935577"
"2","0.1","true","false","false","true","373","11.364","992.4922066439742"
"1","0","true","false","false","true","557","6.724","967.9462981008655"
"5","0.4","true","false","false","true","466","26.8","557.024797780568"
"8","0.7","true","false","false","true","535","19.32","434.37732823073185"
"6","0.5","true","false","false","true","473","22.648","528.2299068488621"
"3","0.2","true","false","false","true","403","19.972","779.8582600150351"
"9","0.8","true","false","false","true","531","14.228","426.3700597545037"
"4","0.3","true","false","false","true","435","24.744","646.4932940663291"
"7","0.6","true","false","false","true","490","18.796","489.2884563401919"
"5","0.4","true","false","false","true","467","26.836","557.8625866988049"
"2","0.1","true","false","false","true","374","11.38","993.7100791757395"
"1","0","true","false","false","true","558","6.74","963.661871090697"
"8","0.7","true","false","false","true","536","19.468","435.2025934149582"
"6","0.5","true","false","false","true","474","22.676","528.411434941977"
"7","0.6","true","false","false","true","491","18.996","488.96555483773994"
"3","0.2","true","false","false","true","404","19.992","779.0740550305167"
"9","0.8","true","false","false","true","532","14.156","427.1673942019464"
"1","0","true","false","false","true","559","6.708","962.7115838528073"
"5","0.4","true","false","false","true","468","26.744","558.5911398795695"
"4","0.3","true","false","false","true","436","24.644","646.4610861326022"
"2","0.1","true","false","false","true","375","11.356","992.3793718612376"
"8","0.7","true","false","false","true","537","19.436","434.9155907514102"
"6","0.5","true","false","false","true","475","22.42","529.6880060934142"
"7","0.6","true","false","false","true","492","18.94","489.0065708536933"
"9","0.8","true","false","false","true","533","14.372","427.1846387392248"
"1","0","true","false","false","true","560","6.644","960.3422855200182"
"3","0.2","true","false","false","true","405","20.04","778.4578599716641"
"5","0.4","true","false","false","true","469","26.588","556.3236539937217"
"4","0.3","true","false","false","true","437","24.352","647.4486625456428"
"8","0.7","true","false","false","true","538","18.884","435.2635534864923"
"2","0.1","true","false","false","true","376","11.336","993.4456745244821"
"6","0.5","true","false","false","true","476","22.468","529.2044060034857"
"9","0.8","true","false","false","true","534","14.272","428.241512680363"
"7","0.6","true","false","false","true","493","18.908","489.629278678558"
"1","0","true","false","false","true","561","6.68","961.4152080496854"
"5","0.4","true","false","false","true","470","26.748","556.3368794131343"
"4","0.3","true","false","false","true","438","24.656","646.2990539082446"
"3","0.2","true","false","false","true","406","19.948","776.0216426158217"
"8","0.7","true","false","false","true","539","19.124","434.1296873981031"
"6","0.5","true","false","false","true","477","22.228","528.5937720418502"
"9","0.8","true","false","false","true","535","14.048","428.02520598773395"
"1","0","true","false","false","true","562","6.724","961.8737402437484"
"7","0.6","true","false","false","true","494","19.136","490.56688041613364"
"2","0.1","true","false","false","true","377","11.408","992.7130105494725"
"5","0.4","true","false","false","true","471","26.788","555.0922621891541"
"8","0.7","true","false","false","true","540","19.06","435.7809235567401"
"4","0.3","true","false","false","true","439","25.092","644.4305271500887"
"3","0.2","true","false","false","true","407","19.836","773.6278130002124"
"1","0","true","false","false","true","563","6.684","961.9022925889452"
"6","0.5","true","false","false","true","478","22.528","528.2794929913374"
"9","0.8","true","false","false","true","536","14.128","428.24733025391623"
"7","0.6","true","false","false","true","495","18.908","491.6782076109908"
"5","0.4","true","false","false","true","472","27.2","553.1311215249679"
"8","0.7","true","false","false","true","541","19.336","435.42297250076837"
"2","0.1","true","false","false","true","378","11.24","991.2248079619862"
"1","0","true","false","false","true","564","6.672","960.1480270239243"
"4","0.3","true","false","false","true","440","25.008","643.7396087561967"
"3","0.2","true","false","false","true","408","19.976","772.6818964190486"
"6","0.5","true","false","false","true","479","22.396","528.6284339422028"
"9","0.8","true","false","false","true","537","14.276","427.6550410585322"
"7","0.6","true","false","false","true","496","19.112","490.5649606539563"
"5","0.4","true","false","false","true","473","27.016","553.4299112175768"
"8","0.7","true","false","false","true","542","18.884","435.9658811902958"
"1","0","true","false","false","true","565","6.724","958.0830028573233"
"6","0.5","true","false","false","true","480","22.436","530.24785997815"
"7","0.6","true","false","false","true","497","19.32","490.0817667582854"
"4","0.3","true","false","false","true","441","24.808","645.4551883035335"
"2","0.1","true","false","false","true","379","11.264","991.4315319599591"
"9","0.8","true","false","false","true","538","14.508","427.6346997501145"
"3","0.2","true","false","false","true","409","19.828","772.4487039388619"
"5","0.4","true","false","false","true","474","26.644","555.5309405680466"
"8","0.7","true","false","false","true","543","19.404","436.01393744982863"
"1","0","true","false","false","true","566","6.664","957.7988854530878"
"6","0.5","true","false","false","true","481","22.492","529.2236900016466"
"7","0.6","true","false","false","true","498","19.14","490.44998904385136"
"9","0.8","true","false","false","true","539","14.44","427.4547849960233"
"4","0.3","true","false","false","true","442","25.184","645.3482174025822"
"5","0.4","true","false","false","true","475","26.732","556.4506435109997"
"2","0.1","true","false","false","true","380","11.304","989.3333149176821"
"1","0","true","false","false","true","567","6.628","956.6389624236864"
"3","0.2","true","false","false","true","410","19.624","770.1348760360884"
"8","0.7","true","false","false","true","544","19.26","435.36370999411724"
"6","0.5","true","false","false","true","482","22.26","527.904385887445"
"7","0.6","true","false","false","true","499","19.236","491.41188475252756"
"9","0.8","true","false","false","true","540","14.588","426.958892631027"
"1","0","true","false","false","true","568","6.552","957.0109156029713"
"5","0.4","true","false","false","true","476","26.58","557.1598740776734"
"8","0.7","true","false","false","true","545","19.28","433.3936508982196"
"3","0.2","true","false","false","true","411","19.308","773.2675955511336"
"4","0.3","true","false","false","true","443","24.944","643.4916593335605"
"2","0.1","true","false","false","true","381","11.28","989.8082712070645"
"6","0.5","true","false","false","true","483","22.368","527.8175931156665"
"7","0.6","true","false","false","true","500","19.22","491.5538054231934"
"5","0.4","true","false","false","true","477","26.608","556.6630426442161"
"9","0.8","true","false","false","true","541","14.496","427.41419438528845"
"1","0","true","false","false","true","569","6.604","956.3577283744536"
"8","0.7","true","false","false","true","546","19.24","434.66359452615905"
"4","0.3","true","false","false","true","444","25.1","643.8432396119174"
"6","0.5","true","false","false","true","484","22.764","528.8037374300709"
"3","0.2","true","false","false","true","412","19.4","769.695099980141"
"2","0.1","true","false","false","true","382","11.288","991.183929393555"
"7","0.6","true","false","false","true","501","18.916","489.97383213582935"
"5","0.4","true","false","false","true","478","26.416","555.1166187128666"
"1","0","true","false","false","true","570","6.64","957.9420323689806"
"9","0.8","true","false","false","true","542","14.24","426.81428223676824"
"8","0.7","true","false","false","true","547","19.38","434.52957968597576"
"6","0.5","true","false","false","true","485","22.724","528.4586215766504"
"7","0.6","true","false","false","true","502","19.076","490.39281016737544"
"5","0.4","true","false","false","true","479","26.716","555.09613919337"
"1","0","true","false","false","true","571","6.592","959.4272249046327"
"4","0.3","true","false","false","true","445","25.08","642.6999993386434"
"2","0.1","true","false","false","true","383","11.308","990.7180469493196"
"3","0.2","true","false","false","true","413","19.372","770.1183198735737"
"9","0.8","true","false","false","true","543","14.444","427.32567486848893"
"8","0.7","true","false","false","true","548","19.512","434.74956306593356"
"6","0.5","true","false","false","true","486","22.716","528.1212093350842"
"7","0.6","true","false","false","true","503","19.04","489.55614079460156"
"5","0.4","true","false","false","true","480","27.048","555.1226315440163"
"1","0","true","false","false","true","572","6.664","955.9707455553663"
"4","0.3","true","false","false","true","446","25.128","640.3678700819848"
"2","0.1","true","false","false","true","384","11.296","990.4914375203417"
"3","0.2","true","false","false","true","414","19.652","769.601059339673"
"9","0.8","true","false","false","true","544","14.42","426.8920570651859"
"7","0.6","true","false","false","true","504","19.1","489.2482671513562"
"6","0.5","true","false","false","true","487","22.548","527.8628330058659"
"8","0.7","true","false","false","true","549","19.42","434.53273430457557"
"1","0","true","false","false","true","573","6.616","952.7086040705407"
"5","0.4","true","false","false","true","481","27.232","555.327543953938"
"4","0.3","true","false","false","true","447","25.04","639.9519006279602"
"7","0.6","true","false","false","true","505","19.388","489.80750225322987"
"6","0.5","true","false","false","true","488","22.76","528.58329626288"
"1","0","true","false","false","true","574","6.688","953.3416998507997"
"3","0.2","true","false","false","true","415","19.72","770.6305656830356"
"5","0.4","true","false","false","true","482","26.916","554.1881750801356"
"9","0.8","true","false","false","true","545","14.492","426.62366775310267"
"8","0.7","true","false","false","true","550","19.14","434.5887009093954"
"2","0.1","true","false","false","true","385","11.424","987.7421345260083"
"7","0.6","true","false","false","true","506","19.288","488.21500456432506"
"1","0","true","false","false","true","575","6.72","954.4147822258557"
"6","0.5","true","false","false","true","489","22.652","529.2023020242115"
"9","0.8","true","false","false","true","546","14.464","426.75772797190916"
"4","0.3","true","false","false","true","448","25.204","641.2324366649965"
"3","0.2","true","false","false","true","416","19.996","768.9216484502562"
"8","0.7","true","false","false","true","551","19.38","434.3296596031321"
"5","0.4","true","false","false","true","483","27.184","555.1377912348689"
"2","0.1","true","false","false","true","386","11.52","989.6990136962331"
"1","0","true","false","false","true","576","6.728","950.0411675346269"
"7","0.6","true","false","false","true","507","19.6","488.2737542579878"
"6","0.5","true","false","false","true","490","22.28","528.6085831952429"
"9","0.8","true","false","false","true","547","14.34","428.5889244046214"
"4","0.3","true","false","false","true","449","24.968","641.413880820846"
"5","0.4","true","false","false","true","484","26.908","553.983598237426"
"1","0","true","false","false","true","577","6.64","950.972298827265"
"3","0.2","true","false","false","true","417","19.844","767.7608272157204"
"8","0.7","true","false","false","true","552","19.288","433.11347764744994"
"6","0.5","true","false","false","true","491","22.656","527.2421567786038"
"2","0.1","true","false","false","true","387","11.576","982.0492774041471"
"7","0.6","true","false","false","true","508","19.34","488.940785261394"
"1","0","true","false","false","true","578","6.724","951.9279426956389"
"9","0.8","true","false","false","true","548","14.308","428.0454473758599"
"5","0.4","true","false","false","true","485","26.956","555.9660039778004"
"3","0.2","true","false","false","true","418","19.612","769.3772409154711"
"4","0.3","true","false","false","true","450","25.096","640.6462810921552"
"8","0.7","true","false","false","true","553","19.204","433.84203619550703"
"6","0.5","true","false","false","true","492","22.624","527.2928021028156"
"7","0.6","true","false","false","true","509","19.56","488.7401234543776"
"9","0.8","true","false","false","true","549","14.54","426.1360320671534"
"3","0.2","true","false","false","true","419","19.856","768.8399148841597"
"2","0.1","true","false","false","true","388","11.504","982.6889335206664"
"1","0","true","false","false","true","579","6.74","950.7690249709927"
"8","0.7","true","false","false","true","554","19.048","434.385010801877"
"5","0.4","true","false","false","true","486","26.564","556.8683447352652"
"7","0.6","true","false","false","true","510","19.7","486.86755799468915"
"6","0.5","true","false","false","true","493","22.78","527.361668928899"
"1","0","true","false","false","true","580","6.716","951.7333864151374"
"3","0.2","true","false","false","true","420","19.76","768.0286741087516"
"4","0.3","true","false","false","true","451","25.076","639.3362501440041"
"9","0.8","true","false","false","true","550","14.56","426.1065329650544"
"8","0.7","true","false","false","true","555","19.184","433.96531956752506"
"2","0.1","true","false","false","true","389","11.676","982.6122529439605"
"7","0.6","true","false","false","true","511","19.632","487.87697974551565"
"5","0.4","true","false","false","true","487","26.976","557.4440037726935"
"1","0","true","false","false","true","581","6.732","951.9826007158324"
"4","0.3","true","false","false","true","452","24.84","638.4171933173457"
"3","0.2","true","false","false","true","421","19.852","768.8284279172796"
"6","0.5","true","false","false","true","494","22.468","526.967867755396"
"9","0.8","true","false","false","true","551","14.44","426.1086567418499"
"1","0","true","false","false","true","582","6.7","952.7273175200996"
"8","0.7","true","false","false","true","556","19.152","433.89770369090974"
"4","0.3","true","false","false","true","453","24.916","637.9205541116783"
"6","0.5","true","false","false","true","495","22.544","524.7728807259232"
"5","0.4","true","false","false","true","488","26.68","556.2417565448013"
"7","0.6","true","false","false","true","512","19.276","487.1295986992454"
"9","0.8","true","false","false","true","552","14.34","426.88757163518363"
"1","0","true","false","false","true","583","6.72","949.6498980154184"
"2","0.1","true","false","false","true","390","11.488","979.1613105209169"
"3","0.2","true","false","false","true","422","19.908","768.4865661456503"
"6","0.5","true","false","false","true","496","22.568","526.1878997868342"
"8","0.7","true","false","false","true","557","19.328","433.0318304193328"
"9","0.8","true","false","false","true","553","14.344","426.86150829268064"
"1","0","true","false","false","true","584","6.756","946.7407992005254"
"7","0.6","true","false","false","true","513","19.432","487.1773007674438"
"4","0.3","true","false","false","true","454","24.78","637.394024330896"
"5","0.4","true","false","false","true","489","26.568","554.7136102135786"
"3","0.2","true","false","false","true","423","20.252","770.6689236948116"
"1","0","true","false","false","true","585","6.6","946.46271751417"
"2","0.1","true","false","false","true","391","11.54","980.8399008811058"
"6","0.5","true","false","false","true","497","23.116","527.3270072772"
"9","0.8","true","false","false","true","554","14.496","426.74409823000286"
"8","0.7","true","false","false","true","558","19.344","433.81471894290763"
"7","0.6","true","false","false","true","514","19.748","485.82148943684336"
"4","0.3","true","false","false","true","455","24.712","638.0805279809084"
"1","0","true","false","false","true","586","6.612","947.004207533387"
"5","0.4","true","false","false","true","490","26.58","554.8715826739552"
"3","0.2","true","false","false","true","424","20.024","767.4571713350895"
"1","0","true","false","false","true","587","6.688","945.1958106333378"
"9","0.8","true","false","false","true","555","14.492","426.3989048005521"
"4","0.3","true","false","false","true","456","24.872","639.2125204860065"
"8","0.7","true","false","false","true","559","19.604","434.37846802913117"
"6","0.5","true","false","false","true","498","22.8","526.1566091442551"
"1","0","true","false","false","true","588","6.708","945.8894227225912"
"3","0.2","true","false","false","true","425","20.156","764.684569969027"
"7","0.6","true","false","false","true","515","19.672","486.49999304703755"
"2","0.1","true","false","false","true","392","11.616","977.0565101261963"
"5","0.4","true","false","false","true","491","26.596","556.8097942755224"
"1","0","true","false","false","true","589","6.84","943.7225158927848"
"9","0.8","true","false","false","true","556","14.388","426.49353706407726"
"6","0.5","true","false","false","true","499","22.952","525.8408179302783"
"8","0.7","true","false","false","true","560","19.432","433.96918531201527"
"4","0.3","true","false","false","true","457","25.028","641.0919640193781"
"5","0.4","true","false","false","true","492","26.448","557.86986501527"
"7","0.6","true","false","false","true","516","19.724","485.911735230024"
"3","0.2","true","false","false","true","426","20.448","765.8206343655629"
"6","0.5","true","false","false","true","500","22.332","526.4210561116691"
"8","0.7","true","false","false","true","561","19.556","433.83420838428947"
"1","0","true","false","false","true","590","6.776","944.2834363879149"
"2","0.1","true","false","false","true","393","11.6","975.9420198505826"
"4","0.3","true","false","false","true","458","25.032","641.1165571306861"
"9","0.8","true","false","false","true","557","14.392","426.72675048218593"
"6","0.5","true","false","false","true","501","22.516","526.4269508082788"
"5","0.4","true","false","false","true","493","26.72","556.4448806003405"
"1","0","true","false","false","true","591","6.792","943.7660407482649"
"7","0.6","true","false","false","true","517","19.804","485.57402560981626"
"3","0.2","true","false","false","true","427","20.284","766.0701442141059"
"9","0.8","true","false","false","true","558","14.548","427.25848614148197"
"8","0.7","true","false","false","true","562","19.232","434.5940524187124"
"6","0.5","true","false","false","true","502","22.784","523.978532508969"
"2","0.1","true","false","false","true","394","11.612","970.2868696551519"
"4","0.3","true","false","false","true","459","25.26","639.5792040776234"
"5","0.4","true","false","false","true","494","26.972","557.8308669077227"
"6","0.5","true","false","false","true","503","22.764","522.7582253429155"
"9","0.8","true","false","false","true","559","14.576","426.84068239802593"
"1","0","true","false","false","true","592","6.824","941.4231708858769"
"8","0.7","true","false","false","true","563","19.744","432.9904539447732"
"7","0.6","true","false","false","true","518","19.916","484.3594059513275"
"3","0.2","true","false","false","true","428","20.372","765.2329044081729"
"9","0.8","true","false","false","true","560","14.832","425.89964801333537"
"1","0","true","false","false","true","593","6.792","938.1453123267166"
"2","0.1","true","false","false","true","395","11.608","971.8670018659415"
"5","0.4","true","false","false","true","495","26.8","556.5938245609219"
"6","0.5","true","false","false","true","504","22.66","522.8344418636783"
"4","0.3","true","false","false","true","460","25.108","639.4686918707301"
"1","0","true","false","false","true","594","6.736","937.2424091840069"
"8","0.7","true","false","false","true","564","19.452","434.4722082526929"
"7","0.6","true","false","false","true","519","19.608","485.7507119020184"
"9","0.8","true","false","false","true","561","14.512","425.88183145381043"
"8","0.7","true","false","false","true","565","19.652","433.9878397758361"
"1","0","true","false","false","true","595","6.792","934.970464891436"
"6","0.5","true","false","false","true","505","22.732","522.2080526272424"
"3","0.2","true","false","false","true","429","20.596","764.8091368305846"
"7","0.6","true","false","false","true","520","19.208","485.9625169854893"
"5","0.4","true","false","false","true","496","26.84","555.6831247333563"
"9","0.8","true","false","false","true","562","14.572","426.7844072612258"
"4","0.3","true","false","false","true","461","24.92","641.0805301035255"
"2","0.1","true","false","false","true","396","11.388","969.2034684317726"
"3","0.2","true","false","false","true","430","20.916","765.0871424315064"
"7","0.6","true","false","false","true","521","19.424","485.5839648769528"
"8","0.7","true","false","false","true","566","19.772","433.18832993376975"
"4","0.3","true","false","false","true","462","25.096","641.911857283032"
"1","0","true","false","false","true","596","6.788","936.619681123747"
"6","0.5","true","false","false","true","506","22.752","522.6481488841013"
"5","0.4","true","false","false","true","497","26.836","556.3367541055128"
"9","0.8","true","false","false","true","563","14.688","425.25113940498335"
"3","0.2","true","false","false","true","431","21.156","765.2453049563625"
"7","0.6","true","false","false","true","522","19.368","485.50389759781115"
"1","0","true","false","false","true","597","6.796","933.3975563501454"
"2","0.1","true","false","false","true","397","11.372","968.9968302595195"
"8","0.7","true","false","false","true","567","19.34","433.6701390363692"
"6","0.5","true","false","false","true","507","22.396","523.6176183806916"
"4","0.3","true","false","false","true","463","25.044","642.8388585185941"
"7","0.6","true","false","false","true","523","19.232","485.30617910292483"
"5","0.4","true","false","false","true","498","26.644","557.966455250917"
"9","0.8","true","false","false","true","564","14.712","426.1461807855971"
"6","0.5","true","false","false","true","508","22.3","521.4760355762153"
"3","0.2","true","false","false","true","432","20.896","764.1355546458817"
"1","0","true","false","false","true","598","6.652","934.2474785973695"
"8","0.7","true","false","false","true","568","19.76","432.9352938557272"
"4","0.3","true","false","false","true","464","25.276","643.8324593803761"
"6","0.5","true","false","false","true","509","22.368","522.4208164612295"
"7","0.6","true","false","false","true","524","19.336","485.54053370978227"
"1","0","true","false","false","true","599","6.776","933.1767860214621"
"2","0.1","true","false","false","true","398","11.42","969.1915186971024"
"5","0.4","true","false","false","true","499","26.62","556.1588010951805"
"9","0.8","true","false","false","true","565","14.572","425.4526648452317"
"3","0.2","true","false","false","true","433","21.208","764.8642503062094"
"8","0.7","true","false","false","true","569","19.48","433.6185858704794"
"1","0","true","false","false","true","600","6.816","933.2992436384123"
"6","0.5","true","false","false","true","510","22.376","521.0998981510095"
"7","0.6","true","false","false","true","525","19.584","484.4070750527589"
"4","0.3","true","false","false","true","465","25.156","642.9799117218448"
"2","0.1","true","false","false","true","399","11.444","968.1738897085272"
"5","0.4","true","false","false","true","500","26.628","554.0563881828967"
"9","0.8","true","false","false","true","566","14.712","426.5701252357153"
"8","0.7","true","false","false","true","570","19.596","431.7490315257749"
"6","0.5","true","false","false","true","511","22.556","520.6494067356806"
"1","0","true","false","false","true","601","6.704","930.1741309965661"
"3","0.2","true","false","false","true","434","21.308","764.3572450595799"
"7","0.6","true","false","false","true","526","19.492","483.91575815343043"
"4","0.3","true","false","false","true","466","25.096","642.8477842674415"
"9","0.8","true","false","false","true","567","14.66","424.74438451174797"
"2","0.1","true","false","false","true","400","11.476","965.2068939797609"
"7","0.6","true","false","false","true","527","19.856","483.606654091049"
"5","0.4","true","false","false","true","501","26.864","555.0043698548193"
"8","0.7","true","false","false","true","571","19.444","431.5928204421625"
"1","0","true","false","false","true","602","6.864","932.1535505615614"
"3","0.2","true","false","false","true","435","21.7","763.0238847397328"
"6","0.5","true","false","false","true","512","22.54","521.0368498715872"
"7","0.6","true","false","false","true","528","19.944","484.1081813364202"
"9","0.8","true","false","false","true","568","14.548","425.4141006288986"
"2","0.1","true","false","false","true","401","11.592","960.9784402054306"
"4","0.3","true","false","false","true","467","25.408","641.6262810382318"
"8","0.7","true","false","false","true","572","19.452","432.0327454922926"
"5","0.4","true","false","false","true","502","26.7","557.0881630551744"
"1","0","true","false","false","true","603","6.772","931.5281206291419"
"7","0.6","true","false","false","true","529","20.044","483.09769911383506"
"3","0.2","true","false","false","true","436","21.056","762.7614982294294"
"9","0.8","true","false","false","true","569","14.536","426.07288793266827"
"6","0.5","true","false","false","true","513","22.76","520.8288476220357"
"1","0","true","false","false","true","604","6.984","930.7562473231841"
"4","0.3","true","false","false","true","468","25.7","639.7794503595114"
"8","0.7","true","false","false","true","573","19.56","432.30284293839986"
"9","0.8","true","false","false","true","570","14.452","425.8100869639374"
"3","0.2","true","false","false","true","437","20.928","761.9209389915343"
"7","0.6","true","false","false","true","530","19.896","482.50469565462345"
"5","0.4","true","false","false","true","503","27.008","556.9031405281659"
"2","0.1","true","false","false","true","402","11.632","961.2083277733218"
"6","0.5","true","false","false","true","514","22.748","520.6213152544599"
"9","0.8","true","false","false","true","571","14.604","425.46808945785824"
"5","0.4","true","false","false","true","504","26.656","556.2853317428019"
"1","0","true","false","false","true","605","6.896","928.9436570124727"
"3","0.2","true","false","false","true","438","20.94","762.4768438158857"
"4","0.3","true","false","false","true","469","25.48","638.6271024768183"
"8","0.7","true","false","false","true","574","19.632","431.5448115391157"
"7","0.6","true","false","false","true","531","19.892","482.5184959340804"
"1","0","true","false","false","true","606","6.98","927.6706491495521"
"6","0.5","true","false","false","true","515","22.456","519.3713110955671"
"9","0.8","true","false","false","true","572","14.664","425.9844661048383"
"2","0.1","true","false","false","true","403","11.572","960.3288907258002"
"4","0.3","true","false","false","true","470","25.688","638.9081308798521"
"8","0.7","true","false","false","true","575","19.44","431.94644126769236"
"5","0.4","true","false","false","true","505","27","555.6000882685647"
"3","0.2","true","false","false","true","439","21.016","762.3896563028258"
"1","0","true","false","false","true","607","6.94","926.1526849597897"
"7","0.6","true","false","false","true","532","19.86","483.1521123917439"
"6","0.5","true","false","false","true","516","22.364","518.5361974269315"
"8","0.7","true","false","false","true","576","19.384","432.7312243025745"
"9","0.8","true","false","false","true","573","14.756","423.7296360543718"
"4","0.3","true","false","false","true","471","26.288","637.0674227925001"
"2","0.1","true","false","false","true","404","11.616","958.3092477501503"
"5","0.4","true","false","false","true","506","26.764","555.6525864946863"
"3","0.2","true","false","false","true","440","20.972","762.454094664587"
"1","0","true","false","false","true","608","7.008","924.641760187853"
"9","0.8","true","false","false","true","574","15.1","425.0216616964853"
"6","0.5","true","false","false","true","517","22.744","518.6475769886475"
"7","0.6","true","false","false","true","533","20.004","482.9689257818691"
"8","0.7","true","false","false","true","577","19.696","432.2866537551444"
"9","0.8","true","false","false","true","575","14.932","425.8242572147432"
"1","0","true","false","false","true","609","6.992","923.3142852996078"
"4","0.3","true","false","false","true","472","26.568","637.0818925591838"
"6","0.5","true","false","false","true","518","22.784","518.7967830544121"
"5","0.4","true","false","false","true","507","26.892","555.455828462029"
"8","0.7","true","false","false","true","578","19.532","432.1765105247409"
"7","0.6","true","false","false","true","534","19.732","483.00826546162506"
"3","0.2","true","false","false","true","441","21.3","759.7844787690344"
"2","0.1","true","false","false","true","405","11.664","955.8982441620744"
"1","0","true","false","false","true","610","7.008","921.995702162653"
"9","0.8","true","false","false","true","576","14.936","425.4153854078742"
"6","0.5","true","false","false","true","519","23.024","518.8709398132166"
"4","0.3","true","false","false","true","473","26.592","635.5210494901733"
"8","0.7","true","false","false","true","579","19.668","431.58808153991856"
"5","0.4","true","false","false","true","508","27.244","556.0243630991897"
"3","0.2","true","false","false","true","442","21.416","758.1060999251021"
"1","0","true","false","false","true","611","6.928","922.0896176253451"
"9","0.8","true","false","false","true","577","15.052","424.68014053175887"
"7","0.6","true","false","false","true","535","19.872","482.858205330708"
"6","0.5","true","false","false","true","520","22.676","519.6272625572295"
"8","0.7","true","false","false","true","580","19.636","431.47379562793816"
"1","0","true","false","false","true","612","6.772","923.1922754745839"
"3","0.2","true","false","false","true","443","21.168","757.7697570584825"
"2","0.1","true","false","false","true","406","11.556","956.1194094044225"
"4","0.3","true","false","false","true","474","26.348","635.8189401449533"
"5","0.4","true","false","false","true","509","27.028","554.8103309694588"
"8","0.7","true","false","false","true","581","19.436","432.7766190459059"
"9","0.8","true","false","false","true","578","15.104","425.16137375882846"
"6","0.5","true","false","false","true","521","22.712","517.532692926343"
"7","0.6","true","false","false","true","536","19.804","483.50144766842897"
"8","0.7","true","false","false","true","582","19.432","432.13430321844226"
"5","0.4","true","false","false","true","510","27.42","553.4965927587198"
"1","0","true","false","false","true","613","6.884","923.5095667016134"
"2","0.1","true","false","false","true","407","11.556","955.7835040941887"
"3","0.2","true","false","false","true","444","21.072","756.2594878459184"
"9","0.8","true","false","false","true","579","15.012","425.6614090830744"
"4","0.3","true","false","false","true","475","26.432","636.4903061536975"
"7","0.6","true","false","false","true","537","19.82","483.25377082251384"
"6","0.5","true","false","false","true","522","22.852","518.1060151485609"
"8","0.7","true","false","false","true","583","19.464","432.20972921376415"
"5","0.4","true","false","false","true","511","27.476","554.2542727314999"
"1","0","true","false","false","true","614","6.764","923.6550513310916"
"9","0.8","true","false","false","true","580","14.828","424.85567098889413"
"7","0.6","true","false","false","true","538","19.936","482.72173633162987"
"4","0.3","true","false","false","true","476","26.096","636.1289565809511"
"3","0.2","true","false","false","true","445","20.712","755.3776430945412"
"8","0.7","true","false","false","true","584","19.484","431.3541754425636"
"6","0.5","true","false","false","true","523","22.732","518.1361576981823"
"2","0.1","true","false","false","true","408","11.604","955.2865264026818"
"9","0.8","true","false","false","true","581","14.928","424.04003874784974"
"7","0.6","true","false","false","true","539","20","482.4491721219347"
"5","0.4","true","false","false","true","512","27.428","555.6162795511616"
"1","0","true","false","false","true","615","6.712","920.5714716708977"
"9","0.8","true","false","false","true","582","15.044","423.0292536601296"
"8","0.7","true","false","false","true","585","19.44","431.2490445603994"
"2","0.1","true","false","false","true","409","11.468","951.3596211341084"
"6","0.5","true","false","false","true","524","23.008","517.7718631471245"
"4","0.3","true","false","false","true","477","26.256","636.6873352145468"
"1","0","true","false","false","true","616","6.788","919.3474781279451"
"3","0.2","true","false","false","true","446","20.608","756.2205703868979"
"5","0.4","true","false","false","true","513","27.508","555.1454802419055"
"7","0.6","true","false","false","true","540","19.804","482.7312850531763"
"9","0.8","true","false","false","true","583","14.88","424.46630381260815"
"1","0","true","false","false","true","617","6.76","919.0431939412074"
"5","0.4","true","false","false","true","514","27.168","554.5302915750491"
"8","0.7","true","false","false","true","586","19.588","430.8843050773671"
"6","0.5","true","false","false","true","525","22.952","518.5054432704508"
"3","0.2","true","false","false","true","447","20.9","755.4778920598166"
"4","0.3","true","false","false","true","478","26.484","637.3193016963038"
"7","0.6","true","false","false","true","541","19.792","482.71844484893523"
"9","0.8","true","false","false","true","584","14.884","423.7098259222958"
"2","0.1","true","false","false","true","410","11.564","949.2711550364904"
"5","0.4","true","false","false","true","515","27.384","554.9198256493248"
"1","0","true","false","false","true","618","6.844","919.1173638398465"
"8","0.7","true","false","false","true","587","19.496","431.15550066678645"
"7","0.6","true","false","false","true","542","20.284","480.9852244940911"
"9","0.8","true","false","false","true","585","14.796","424.84348819117776"
"6","0.5","true","false","false","true","526","22.9","518.3471900978773"
"4","0.3","true","false","false","true","479","26.528","637.2784507723268"
"3","0.2","true","false","false","true","448","20.728","756.1553469800255"
"2","0.1","true","false","false","true","411","11.712","947.1391913647234"
"7","0.6","true","false","false","true","543","19.952","482.10112380931406"
"5","0.4","true","false","false","true","516","27.744","554.3955709703805"
"1","0","true","false","false","true","619","6.828","918.0206316321351"
"9","0.8","true","false","false","true","586","15.036","425.4424096707207"
"8","0.7","true","false","false","true","588","19.624","431.25567842774353"
"6","0.5","true","false","false","true","527","23.032","515.4195638540117"
"7","0.6","true","false","false","true","544","19.672","481.45865391218797"
"4","0.3","true","false","false","true","480","26.748","638.4066707039528"
"1","0","true","false","false","true","620","6.876","916.9546299899083"
"5","0.4","true","false","false","true","517","27.592","553.4877119134624"
"9","0.8","true","false","false","true","587","14.976","424.9238085127203"
"3","0.2","true","false","false","true","449","21.028","754.2627267921289"
"8","0.7","true","false","false","true","589","19.576","430.208896341429"
"2","0.1","true","false","false","true","412","11.572","948.1914525635214"
"6","0.5","true","false","false","true","528","22.924","514.7717271725381"
"7","0.6","true","false","false","true","545","20.132","479.52521849978496"
"1","0","true","false","false","true","621","6.82","916.0863309731415"
"9","0.8","true","false","false","true","588","14.932","424.5140394485886"
"4","0.3","true","false","false","true","481","26.784","637.6773808087581"
"5","0.4","true","false","false","true","518","27.624","554.3731146781377"
"8","0.7","true","false","false","true","590","19.456","431.0744044798746"
"2","0.1","true","false","false","true","413","11.552","948.067109717027"
"6","0.5","true","false","false","true","529","23.156","516.5577078833819"
"3","0.2","true","false","false","true","450","20.96","752.6697097038576"
"9","0.8","true","false","false","true","589","14.924","424.59948854295646"
"7","0.6","true","false","false","true","546","20.12","479.08182155220294"
"1","0","true","false","false","true","622","6.864","915.1493891034434"
"8","0.7","true","false","false","true","591","19.604","430.5417845656631"
"4","0.3","true","false","false","true","482","26.796","636.5421816242703"
"5","0.4","true","false","false","true","519","27.268","554.2918174967294"
"6","0.5","true","false","false","true","530","22.984","516.2581555308342"
"9","0.8","true","false","false","true","590","14.9","425.45149804322256"
"2","0.1","true","false","false","true","414","11.528","947.694682384141"
"3","0.2","true","false","false","true","451","20.876","752.5797755119052"
"1","0","true","false","false","true","623","6.832","916.6671673913513"
"7","0.6","true","false","false","true","547","20.456","478.92671095476544"
"4","0.3","true","false","false","true","483","26.94","636.5128157953851"
"8","0.7","true","false","false","true","592","19.716","429.62794525071166"
"5","0.4","true","false","false","true","520","27.5","555.5889012518218"
"6","0.5","true","false","false","true","531","22.888","517.7400794992723"
"9","0.8","true","false","false","true","591","14.916","425.0187570195134"
"3","0.2","true","false","false","true","452","21.016","752.7118071694865"
"2","0.1","true","false","false","true","415","11.468","946.4280597662938"
"1","0","true","false","false","true","624","6.804","915.3415013197275"
"7","0.6","true","false","false","true","548","20.184","479.06161145727214"
"6","0.5","true","false","false","true","532","23.224","517.2129253702947"
"8","0.7","true","false","false","true","593","19.72","429.408289604013"
"4","0.3","true","false","false","true","484","26.764","637.3220635308996"
"5","0.4","true","false","false","true","521","27.4","555.8477105457828"
"9","0.8","true","false","false","true","592","14.936","424.7462549262847"
"1","0","true","false","false","true","625","6.836","914.3842946173903"
"2","0.1","true","false","false","true","416","11.596","943.3295532656222"
"6","0.5","true","false","false","true","533","23.128","517.8010655715757"
"8","0.7","true","false","false","true","594","19.748","429.84847303383583"
"3","0.2","true","false","false","true","453","21.264","751.5730397697853"
"7","0.6","true","false","false","true","549","20.3","479.95881079352495"
"4","0.3","true","false","false","true","485","26.536","638.0497286958239"
"9","0.8","true","false","false","true","593","14.888","425.21443884924884"
"5","0.4","true","false","false","true","522","27.468","554.3676345669874"
"8","0.7","true","false","false","true","595","19.46","431.1340079171711"
"6","0.5","true","false","false","true","534","23.04","517.6640903697313"
"1","0","true","false","false","true","626","6.716","912.1389239439206"
"2","0.1","true","false","false","true","417","11.672","940.9537867741677"
"6","0.5","true","false","false","true","535","22.92","517.8624586957832"
"4","0.3","true","false","false","true","486","26.704","637.537609507841"
"7","0.6","true","false","false","true","550","20.36","480.7664758472019"
"3","0.2","true","false","false","true","454","21.62","751.6271290405356"
"8","0.7","true","false","false","true","596","19.772","431.69813422263593"
"9","0.8","true","false","false","true","594","15.132","424.0754446209054"
"5","0.4","true","false","false","true","523","27.256","554.687498778163"
"1","0","true","false","false","true","627","6.696","912.4761046022825"
"2","0.1","true","false","false","true","418","11.624","938.9948884541677"
"9","0.8","true","false","false","true","595","15.06","424.1263798675546"
"6","0.5","true","false","false","true","536","23.104","519.8826330769418"
"4","0.3","true","false","false","true","487","26.364","638.5884936318591"
"8","0.7","true","false","false","true","597","19.612","431.20230092556255"
"7","0.6","true","false","false","true","551","19.96","479.7640074139757"
"3","0.2","true","false","false","true","455","21.98","753.110237598921"
"5","0.4","true","false","false","true","524","27.332","554.6452909066219"
"9","0.8","true","false","false","true","596","15.02","424.5922015657642"
"1","0","true","false","false","true","628","6.82","910.6876297486758"
"7","0.6","true","false","false","true","552","20.204","479.8464089946466"
"6","0.5","true","false","false","true","537","23.2","519.3044376516328"
"9","0.8","true","false","false","true","597","15.1","424.56611689740316"
"8","0.7","true","false","false","true","598","19.944","430.8360467590562"
"4","0.3","true","false","false","true","488","26.752","637.2414222363752"
"2","0.1","true","false","false","true","419","11.624","936.0154215587612"
"3","0.2","true","false","false","true","456","21.876","751.1613546646607"
"5","0.4","true","false","false","true","525","27.528","554.1337996689964"
"9","0.8","true","false","false","true","598","15.1","424.19188912958117"
"1","0","true","false","false","true","629","6.828","912.7530710465377"
"6","0.5","true","false","false","true","538","23.264","518.9586730431299"
"7","0.6","true","false","false","true","553","20.252","479.2428732143021"
"4","0.3","true","false","false","true","489","26.576","635.9757635288943"
"1","0","true","false","false","true","630","6.848","912.9663465750357"
"8","0.7","true","false","false","true","599","19.816","430.3043053897123"
"9","0.8","true","false","false","true","599","15.064","423.4317657637137"
"3","0.2","true","false","false","true","457","21.756","749.9004423703252"
"5","0.4","true","false","false","true","526","27.692","554.677716442749"
"7","0.6","true","false","false","true","554","20.344","479.8220936372294"
"6","0.5","true","false","false","true","539","23.092","517.9100002106371"
"2","0.1","true","false","false","true","420","11.432","934.3045913684496"
"4","0.3","true","false","false","true","490","26.564","637.3116469270501"
"9","0.8","true","false","false","true","600","15.096","424.63593996950397"
"3","0.2","true","false","false","true","458","21.844","751.1471298936253"
"5","0.4","true","false","false","true","527","27.524","553.1633190926865"
"1","0","true","false","false","true","631","6.732","911.5178292600621"
"8","0.7","true","false","false","true","600","19.54","431.2357501673553"
"7","0.6","true","false","false","true","555","20.288","479.75158739838014"
"4","0.3","true","false","false","true","491","26.86","635.4522344861999"
"6","0.5","true","false","false","true","540","23.232","518.4017965198162"
"1","0","true","false","false","true","632","6.828","911.0168833181818"
"9","0.8","true","false","false","true","601","15.084","424.5907806051821"
"5","0.4","true","false","false","true","528","27.424","554.2625017982537"
"8","0.7","true","false","false","true","601","19.516","430.403257022101"
"3","0.2","true","false","false","true","459","21.864","750.6703069569714"
"2","0.1","true","false","false","true","421","11.6","932.0494325887107"
"9","0.8","true","false","false","true","602","15.256","423.2042409375799"
"1","0","true","false","false","true","633","6.824","910.6191799555593"
"7","0.6","true","false","false","true","556","20.412","480.38967929059083"
"4","0.3","true","false","false","true","492","26.88","635.3777736932333"
"8","0.7","true","false","false","true","602","19.544","431.3384603162195"
"6","0.5","true","false","false","true","541","23.068","519.0056693086304"
"9","0.8","true","false","false","true","603","15.296","422.40959419587574"
"5","0.4","true","false","false","true","529","27.696","553.3950509306972"
"1","0","true","false","false","true","634","6.804","912.1219348477964"
"9","0.8","true","false","false","true","604","15.284","422.4317663873155"
"8","0.7","true","false","false","true","603","19.504","430.66061272308207"
"7","0.6","true","false","false","true","557","20.632","480.8082909870194"
"3","0.2","true","false","false","true","460","22.044","747.6859905196616"
"4","0.3","true","false","false","true","493","27.056","634.3816551454873"
"2","0.1","true","false","false","true","422","11.708","928.713750285833"
"6","0.5","true","false","false","true","542","23.284","520.0727587596552"
"7","0.6","true","false","false","true","558","20.544","478.87595293990677"
"8","0.7","true","false","false","true","604","19.88","430.90976215222366"
"1","0","true","false","false","true","635","6.8","911.9691342885775"
"5","0.4","true","false","false","true","530","27.56","554.0553927272282"
"9","0.8","true","false","false","true","605","15.196","422.1840662339403"
"3","0.2","true","false","false","true","461","22.176","747.3944446901581"
"7","0.6","true","false","false","true","559","20.732","479.6834919493138"
"8","0.7","true","false","false","true","605","19.716","429.8503343332436"
"4","0.3","true","false","false","true","494","26.992","633.9409723897496"
"5","0.4","true","false","false","true","531","27.548","553.042936346893"
"6","0.5","true","false","false","true","543","23.116","520.0025095331744"
"3","0.2","true","false","false","true","462","22.236","745.1250774865015"
"1","0","true","false","false","true","636","6.696","912.797168206324"
"7","0.6","true","false","false","true","560","20.752","478.70964529143833"
"8","0.7","true","false","false","true","606","19.236","430.6949611413489"
"9","0.8","true","false","false","true","606","15.296","421.6764833353261"
"2","0.1","true","false","false","true","423","11.604","926.1425660183429"
"5","0.4","true","false","false","true","532","27.712","552.567490029766"
"9","0.8","true","false","false","true","607","15.344","421.62210344192044"
"7","0.6","true","false","false","true","561","20.956","477.46135215933333"
"8","0.7","true","false","false","true","607","19.708","430.965608835144"
"4","0.3","true","false","false","true","495","26.704","633.2443398773233"
"6","0.5","true","false","false","true","544","23.06","520.7574035847231"
"1","0","true","false","false","true","637","6.66","911.0898261078812"
"3","0.2","true","false","false","true","463","22.004","746.4467621987097"
"9","0.8","true","false","false","true","608","15.532","421.8750703757853"
"8","0.7","true","false","false","true","608","19.744","430.9721498470792"
"7","0.6","true","false","false","true","562","20.724","477.1724082770423"
"6","0.5","true","false","false","true","545","22.916","519.6164153992715"
"5","0.4","true","false","false","true","533","27.728","551.8795956613113"
"4","0.3","true","false","false","true","496","26.584","633.6968726975422"
"2","0.1","true","false","false","true","424","11.604","924.3379303894519"
"1","0","true","false","false","true","638","6.804","910.0276872907931"
"7","0.6","true","false","false","true","563","20.868","476.9209287441275"
"9","0.8","true","false","false","true","609","15.328","422.49521550493466"
"8","0.7","true","false","false","true","609","19.608","431.4795794304407"
"3","0.2","true","false","false","true","464","22.092","745.5871459226729"
"6","0.5","true","false","false","true","546","23.18","518.9645602747743"
"2","0.1","true","false","false","true","425","11.7","923.5080323681544"
"5","0.4","true","false","false","true","534","27.744","551.2920964341058"
"7","0.6","true","false","false","true","564","20.588","477.13946078404155"
"9","0.8","true","false","false","true","610","15.4","422.7855942351642"
"4","0.3","true","false","false","true","497","26.632","632.4623025826553"
"1","0","true","false","false","true","639","6.804","909.9357042852366"
"6","0.5","true","false","false","true","547","23.74","518.3154350516105"
"8","0.7","true","false","false","true","610","20.024","431.9046996369529"
"3","0.2","true","false","false","true","465","22.26","743.743245772021"
"1","0","true","false","false","true","640","6.852","910.6403452470232"
"2","0.1","true","false","false","true","426","11.804","921.5812491546179"
"7","0.6","true","false","false","true","565","20.576","476.72235899475"
"5","0.4","true","false","false","true","535","27.772","550.8400059701486"
"9","0.8","true","false","false","true","611","15.256","421.7440674901609"
"4","0.3","true","false","false","true","498","26.596","631.1940904606286"
"6","0.5","true","false","false","true","548","23.588","517.4227110038673"
"8","0.7","true","false","false","true","611","19.956","431.0466391870855"
"1","0","true","false","false","true","641","6.744","910.8692063194983"
"2","0.1","true","false","false","true","427","11.9","922.781951441112"
"3","0.2","true","false","false","true","466","22.296","741.613528402643"
"7","0.6","true","false","false","true","566","20.252","476.91126823289"
"9","0.8","true","false","false","true","612","15.464","420.8844877662874"
"4","0.3","true","false","false","true","499","26.596","630.1861304399057"
"5","0.4","true","false","false","true","536","27.776","550.935984797777"
"1","0","true","false","false","true","642","6.736","910.7097329609519"
"8","0.7","true","false","false","true","612","19.768","431.1243524873891"
"6","0.5","true","false","false","true","549","23.464","517.9425041652534"
"7","0.6","true","false","false","true","567","20.768","477.2841222684423"
"3","0.2","true","false","false","true","467","22.492","741.3365988974201"
"9","0.8","true","false","false","true","613","15.156","421.01222880015035"
"8","0.7","true","false","false","true","613","19.436","431.05048427082835"
"1","0","true","false","false","true","643","6.776","910.0356764294554"
"2","0.1","true","false","false","true","428","12.02","922.2073632924617"
"5","0.4","true","false","false","true","537","27.484","550.9313457003935"
"4","0.3","true","false","false","true","500","26.6","631.0394755196894"
"6","0.5","true","false","false","true","550","23.42","517.6645422708044"
"7","0.6","true","false","false","true","568","20.392","476.57787582852006"
"8","0.7","true","false","false","true","614","19.7","431.7807092809278"
"3","0.2","true","false","false","true","468","22.336","740.8201201674326"
"1","0","true","false","false","true","644","6.784","909.1062372562371"
"9","0.8","true","false","false","true","614","15.296","421.6883115893298"
"4","0.3","true","false","false","true","501","26.656","632.2141782954769"
"5","0.4","true","false","false","true","538","27.716","551.0037721732272"
"7","0.6","true","false","false","true","569","20.672","477.99094375322375"
"6","0.5","true","false","false","true","551","23.288","518.3742223489397"
"8","0.7","true","false","false","true","615","19.772","431.92939894926366"
"2","0.1","true","false","false","true","429","11.872","922.4675078953109"
"4","0.3","true","false","false","true","502","26.876","631.6526233731696"
"7","0.6","true","false","false","true","570","20.616","476.0091651945956"
"1","0","true","false","false","true","645","6.592","907.0397880906904"
"9","0.8","true","false","false","true","615","15.376","421.8187431194624"
"6","0.5","true","false","false","true","552","23.132","518.5465746222147"
"8","0.7","true","false","false","true","616","19.592","431.46695675101824"
"3","0.2","true","false","false","true","469","22.412","741.7288241393035"
"5","0.4","true","false","false","true","539","27.84","550.4549278627774"
"1","0","true","false","false","true","646","6.6","905.9994990460713"
"9","0.8","true","false","false","true","616","15.312","421.37721474474733"
"8","0.7","true","false","false","true","617","19.728","430.9087134627147"
"7","0.6","true","false","false","true","571","20.504","476.7514866275969"
"4","0.3","true","false","false","true","503","26.78","631.3781218927162"
"6","0.5","true","false","false","true","553","23.308","519.9062625806381"
"2","0.1","true","false","false","true","430","11.828","922.4739763775758"
"1","0","true","false","false","true","647","6.688","906.0663502424349"
"5","0.4","true","false","false","true","540","27.852","550.2291796693471"
"9","0.8","true","false","false","true","617","15.54","422.42100821216354"
"8","0.7","true","false","false","true","618","19.636","431.2798913501031"
"3","0.2","true","false","false","true","470","22.296","740.7782617162179"
"9","0.8","true","false","false","true","618","15.612","422.55024064364846"
"8","0.7","true","false","false","true","619","19.828","430.45887890928435"
"7","0.6","true","false","false","true","572","20.52","476.32295433908087"
"4","0.3","true","false","false","true","504","26.732","630.8384337107229"
"6","0.5","true","false","false","true","554","23.176","519.3611463524272"
"1","0","true","false","false","true","648","6.56","906.2213100336586"
"2","0.1","true","false","false","true","431","11.968","920.4032653931177"
"5","0.4","true","false","false","true","541","28.372","549.8654616943714"
"3","0.2","true","false","false","true","471","22.196","741.0666270699261"
"9","0.8","true","false","false","true","619","15.576","422.5492002772936"
"8","0.7","true","false","false","true","620","19.72","431.07078178155695"
"4","0.3","true","false","false","true","505","26.5","630.8106898602152"
"7","0.6","true","false","false","true","573","20.64","475.9356846290699"
"6","0.5","true","false","false","true","555","23.304","519.7068372318122"
"1","0","true","false","false","true","649","6.636","906.6524668983934"
"8","0.7","true","false","false","true","621","19.776","430.43573093129527"
"5","0.4","true","false","false","true","542","27.964","549.4991802062433"
"1","0","true","false","false","true","650","6.624","909.4336967106278"
"9","0.8","true","false","false","true","620","15.56","422.5263072387626"
"6","0.5","true","false","false","true","556","23.172","520.0739182260912"
"2","0.1","true","false","false","true","432","11.86","918.1060347565335"
"3","0.2","true","false","false","true","472","22.148","738.8754809211238"
"4","0.3","true","false","false","true","506","26.604","630.5901524519845"
"8","0.7","true","false","false","true","622","19.336","430.0604899092301"
"7","0.6","true","false","false","true","574","20.536","475.2124065822988"
"5","0.4","true","false","false","true","543","27.728","548.5184363992812"
"1","0","true","false","false","true","651","6.604","906.0881483736956"
"9","0.8","true","false","false","true","621","15.592","421.68528552381196"
"6","0.5","true","false","false","true","557","23.336","519.5689390560067"
"8","0.7","true","false","false","true","623","19.404","429.3719355310837"
"4","0.3","true","false","false","true","507","26.552","630.2425077981933"
"3","0.2","true","false","false","true","473","21.972","735.9864501797625"
"7","0.6","true","false","false","true","575","20.808","475.83944764220945"
"2","0.1","true","false","false","true","433","11.784","913.5680017954279"
"5","0.4","true","false","false","true","544","27.86","549.0019172140562"
"1","0","true","false","false","true","652","6.684","904.5247618339146"
"9","0.8","true","false","false","true","622","15.716","421.5384263064592"
"6","0.5","true","false","false","true","558","23.036","521.2306805534955"
"3","0.2","true","false","false","true","474","22.36","734.0103955842178"
"7","0.6","true","false","false","true","576","20.576","476.2561954069648"
"8","0.7","true","false","false","true","624","19.48","430.5507201100567"
"4","0.3","true","false","false","true","508","26.564","631.483583444012"
"9","0.8","true","false","false","true","623","15.756","421.8124039840033"
"5","0.4","true","false","false","true","545","28.032","548.1810940533749"
"1","0","true","false","false","true","653","6.664","906.2309087637593"
"6","0.5","true","false","false","true","559","23.004","519.8566110674959"
"8","0.7","true","false","false","true","625","19.724","430.23769646318544"
"7","0.6","true","false","false","true","577","20.344","477.2194287087782"
"2","0.1","true","false","false","true","434","12.064","912.1723828512202"
"9","0.8","true","false","false","true","624","15.544","422.5674604566052"
"3","0.2","true","false","false","true","475","22.456","732.7443375705743"
"4","0.3","true","false","false","true","509","26.704","631.6544600284559"
"5","0.4","true","false","false","true","546","27.94","549.4910651566955"
"1","0","true","false","false","true","654","6.632","907.8033188943958"
"6","0.5","true","false","false","true","560","23.032","518.6998901302582"
"7","0.6","true","false","false","true","578","20.56","476.8584241332648"
"8","0.7","true","false","false","true","626","19.864","429.9180909237177"
"9","0.8","true","false","false","true","625","15.52","421.81613610858807"
"6","0.5","true","false","false","true","561","23.368","518.8923111907235"
"3","0.2","true","false","false","true","476","22.212","731.2022217200382"
"5","0.4","true","false","false","true","547","27.62","549.3554604392406"
"2","0.1","true","false","false","true","435","11.964","914.0700761760035"
"4","0.3","true","false","false","true","510","26.692","630.6579390562979"
"8","0.7","true","false","false","true","627","19.808","431.45125411588896"
"1","0","true","false","false","true","655","6.676","908.3196610883035"
"7","0.6","true","false","false","true","579","20.592","477.15694669407515"
"5","0.4","true","false","false","true","548","27.924","549.1503573124912"
"9","0.8","true","false","false","true","626","15.744","421.9123219730179"
"3","0.2","true","false","false","true","477","22.124","731.1881410698782"
"4","0.3","true","false","false","true","511","26.512","633.6212493734125"
"6","0.5","true","false","false","true","562","23.4","518.4379102401963"
"1","0","true","false","false","true","656","6.772","908.7902535689154"
"2","0.1","true","false","false","true","436","12.088","913.6986971219824"
"8","0.7","true","false","false","true","628","19.916","431.4390675970397"
"7","0.6","true","false","false","true","580","20.224","478.4460012308906"
"5","0.4","true","false","false","true","549","27.976","549.0502773654323"
"4","0.3","true","false","false","true","512","26.236","633.2191438990641"
"1","0","true","false","false","true","657","6.776","905.820882701088"
"9","0.8","true","false","false","true","627","15.816","422.0446666876834"
"3","0.2","true","false","false","true","478","22.088","730.291580870672"
"6","0.5","true","false","false","true","563","23.412","518.87222409087"
"8","0.7","true","false","false","true","629","19.492","432.4343781338003"
"2","0.1","true","false","false","true","437","11.928","915.0380305208936"
"7","0.6","true","false","false","true","581","20.32","477.92240725703704"
"4","0.3","true","false","false","true","513","26.192","632.6903827790743"
"1","0","true","false","false","true","658","6.724","904.7996502789966"
"8","0.7","true","false","false","true","630","19.616","432.82530504208455"
"6","0.5","true","false","false","true","564","23.296","519.0668235973955"
"9","0.8","true","false","false","true","628","15.804","423.359166092527"
"3","0.2","true","false","false","true","479","21.98","730.7208119497167"
"5","0.4","true","false","false","true","550","27.932","550.7565053846254"
"7","0.6","true","false","false","true","582","20.472","476.36330207461816"
"1","0","true","false","false","true","659","6.66","902.6525172380038"
"2","0.1","true","false","false","true","438","11.82","913.2326410318614"
"4","0.3","true","false","false","true","514","26.244","631.4215814970801"
"3","0.2","true","false","false","true","480","21.88","731.3772735464365"
"9","0.8","true","false","false","true","629","15.536","422.63661238096205"
"6","0.5","true","false","false","true","565","23.824","517.6605504484234"
"8","0.7","true","false","false","true","631","19.604","431.5641481636754"
"1","0","true","false","false","true","660","6.648","902.6591845988889"
"5","0.4","true","false","false","true","551","28.032","548.6449972262099"
"7","0.6","true","false","false","true","583","20.696","475.73687860863424"
"9","0.8","true","false","false","true","630","15.624","423.6773517765113"
"4","0.3","true","false","false","true","515","26.32","631.8810944108664"
"1","0","true","false","false","true","661","6.512","900.6637942217558"
"3","0.2","true","false","false","true","481","22.08","731.3340220162855"
"8","0.7","true","false","false","true","632","19.624","432.37397468834433"
"6","0.5","true","false","false","true","566","23.644","517.8129141289353"
"2","0.1","true","false","false","true","439","11.964","911.3759429461105"
"5","0.4","true","false","false","true","552","27.568","548.6605715417564"
"9","0.8","true","false","false","true","631","15.36","422.8506953631594"
"4","0.3","true","false","false","true","516","26.188","631.4767875615619"
"7","0.6","true","false","false","true","584","20.492","475.4762387615574"
"1","0","true","false","false","true","662","6.524","900.2861047079309"
"8","0.7","true","false","false","true","633","19.808","430.9456883393173"
"3","0.2","true","false","false","true","482","21.988","728.637636149068"
"6","0.5","true","false","false","true","567","23.612","517.4754503273582"
"4","0.3","true","false","false","true","517","25.98","630.6177453757074"
"9","0.8","true","false","false","true","632","15.488","422.5024598291766"
"5","0.4","true","false","false","true","553","28.288","548.9874773921762"
"7","0.6","true","false","false","true","585","20.384","475.57137171624004"
"1","0","true","false","false","true","663","6.56","901.1551399842393"
"8","0.7","true","false","false","true","634","20.016","430.4589079032924"
"2","0.1","true","false","false","true","440","11.864","912.4597370020364"
"4","0.3","true","false","false","true","518","25.856","629.6948200978038"
"9","0.8","true","false","false","true","633","15.456","422.34050674621966"
"5","0.4","true","false","false","true","554","28.332","549.4899941092172"
"7","0.6","true","false","false","true","586","20.476","475.83278457149515"
"6","0.5","true","false","false","true","568","23.528","517.6049763741387"
"3","0.2","true","false","false","true","483","22.308","727.3160558321835"
"8","0.7","true","false","false","true","635","19.696","431.4151457870387"
"1","0","true","false","false","true","664","6.596","899.1816413876384"
"9","0.8","true","false","false","true","634","15.492","423.2229140896231"
"5","0.4","true","false","false","true","555","28.46","549.1273394743494"
"7","0.6","true","false","false","true","587","20.364","476.12020010586406"
"4","0.3","true","false","false","true","519","25.668","631.5505891929323"
"6","0.5","true","false","false","true","569","23.02","517.158300435745"
"2","0.1","true","false","false","true","441","11.736","906.7452610443465"
"1","0","true","false","false","true","665","6.672","898.1673198924723"
"8","0.7","true","false","false","true","636","19.652","431.16297332725213"
"3","0.2","true","false","false","true","484","22.392","726.5916179149473"
"9","0.8","true","false","false","true","635","15.6","423.0722498739191"
"7","0.6","true","false","false","true","588","20.4","477.07481663312535"
"4","0.3","true","false","false","true","520","25.728","631.067132127609"
"5","0.4","true","false","false","true","556","28.076","549.0681896030184"
"1","0","true","false","false","true","666","6.656","896.4361144373"
"8","0.7","true","false","false","true","637","19.816","430.19877037570535"
"6","0.5","true","false","false","true","570","23.344","517.8358816243509"
"7","0.6","true","false","false","true","589","20.84","475.93221409074147"
"2","0.1","true","false","false","true","442","11.792","902.1629386971322"
"8","0.7","true","false","false","true","638","19.812","430.9832366249922"
"1","0","true","false","false","true","667","6.768","898.0787918579467"
"9","0.8","true","false","false","true","636","15.524","424.3200859260634"
"3","0.2","true","false","false","true","485","22.272","728.1330827161357"
"4","0.3","true","false","false","true","521","25.936","630.7633231209512"
"5","0.4","true","false","false","true","557","27.764","548.076251989972"
"6","0.5","true","false","false","true","571","23.624","516.7984899316414"
"7","0.6","true","false","false","true","590","20.816","476.9691480904067"
"1","0","true","false","false","true","668","6.672","895.808772744103"
"4","0.3","true","false","false","true","522","25.736","630.3970054021141"
"8","0.7","true","false","false","true","639","19.872","430.8777613659738"
"9","0.8","true","false","false","true","637","15.496","423.14744918729855"
"5","0.4","true","false","false","true","558","28.056","546.9412381129399"
"7","0.6","true","false","false","true","591","20.648","477.9772262549439"
"2","0.1","true","false","false","true","443","12.036","900.8365245000883"
"3","0.2","true","false","false","true","486","22.204","726.7871243754897"
"6","0.5","true","false","false","true","572","23.016","518.3284481983962"
"1","0","true","false","false","true","669","6.732","896.491098074837"
"4","0.3","true","false","false","true","523","25.872","631.0885511414978"
"7","0.6","true","false","false","true","592","20.92","476.82500794461225"
"8","0.7","true","false","false","true","640","19.628","430.5417140165035"
"9","0.8","true","false","false","true","638","15.644","422.6909861595821"
"5","0.4","true","false","false","true","559","28.068","547.5835810103692"
"6","0.5","true","false","false","true","573","23.164","517.264591203443"
"4","0.3","true","false","false","true","524","25.696","630.2328617763673"
"7","0.6","true","false","false","true","593","21.064","477.48612825237285"
"1","0","true","false","false","true","670","6.768","894.6912029777355"
"3","0.2","true","false","false","true","487","22.44","727.6950810911668"
"2","0.1","true","false","false","true","444","12.156","898.4584529885556"
"5","0.4","true","false","false","true","560","28.152","547.608065635778"
"8","0.7","true","false","false","true","641","19.572","430.6225685242706"
"9","0.8","true","false","false","true","639","15.588","422.4995242482459"
"1","0","true","false","false","true","671","6.72","894.9337074107667"
"6","0.5","true","false","false","true","574","23.14","516.8969660406373"
"7","0.6","true","false","false","true","594","21.092","476.4515811084946"
"4","0.3","true","false","false","true","525","25.684","631.2944157873211"
"5","0.4","true","false","false","true","561","27.936","547.3098125563158"
"9","0.8","true","false","false","true","640","15.5","423.1722918138088"
"3","0.2","true","false","false","true","488","22.416","729.5404050796675"
"1","0","true","false","false","true","672","6.8","892.0841945311074"
"5","0.4","true","false","false","true","562","28.244","546.490726415149"
"8","0.7","true","false","false","true","642","19.448","430.3431931883254"
"4","0.3","true","false","false","true","526","25.724","630.6747065057205"
"2","0.1","true","false","false","true","445","12.036","896.896135109552"
"6","0.5","true","false","false","true","575","23.116","516.5715228916943"
"7","0.6","true","false","false","true","595","20.936","475.1521623786803"
"9","0.8","true","false","false","true","641","15.62","422.7399939909341"
"5","0.4","true","false","false","true","563","28.172","546.4285603117265"
"4","0.3","true","false","false","true","527","26.108","630.150873110456"
"6","0.5","true","false","false","true","576","22.988","518.2185001808302"
"1","0","true","false","false","true","673","6.764","891.5104204761707"
"8","0.7","true","false","false","true","643","19.576","430.6694406706511"
"9","0.8","true","false","false","true","642","15.76","422.01539225686673"
"3","0.2","true","false","false","true","489","22.612","729.1309216626104"
"1","0","true","false","false","true","674","6.832","889.2469171994055"
"4","0.3","true","false","false","true","528","26.54","630.0226481153564"
"7","0.6","true","false","false","true","596","21.256","477.24752167582824"
"2","0.1","true","false","false","true","446","12.18","897.7300695561289"
"9","0.8","true","false","false","true","643","15.68","422.5367599036573"
"5","0.4","true","false","false","true","564","28.28","547.108163850183"
"6","0.5","true","false","false","true","577","23.036","517.2155133437592"
"1","0","true","false","false","true","675","6.736","890.1485995770125"
"8","0.7","true","false","false","true","644","19.524","431.4318636755113"
"9","0.8","true","false","false","true","644","15.608","422.01982545502443"
"2","0.1","true","false","false","true","447","12.352","896.8445874069482"
"3","0.2","true","false","false","true","490","22.932","728.8623714453992"
"4","0.3","true","false","false","true","529","26.256","628.766268291607"
"7","0.6","true","false","false","true","597","21.076","476.3399689628417"
"1","0","true","false","false","true","676","6.812","889.0324378977443"
"9","0.8","true","false","false","true","645","15.716","422.54341516514114"
"5","0.4","true","false","false","true","565","28.116","547.6691613368165"
"6","0.5","true","false","false","true","578","23.144","516.5131917936648"
"2","0.1","true","false","false","true","448","12.26","893.1292479407599"
"8","0.7","true","false","false","true","645","19.636","430.58397649980964"
"4","0.3","true","false","false","true","530","26.172","628.4017227690484"
"9","0.8","true","false","false","true","646","15.604","421.9419477099725"
"6","0.5","true","false","false","true","579","23.012","517.4786126242566"
"7","0.6","true","false","false","true","598","20.944","475.9547906211879"
"3","0.2","true","false","false","true","491","23.092","728.9510353955811"
"1","0","true","false","false","true","677","6.704","887.9762398916719"
"8","0.7","true","false","false","true","646","19.536","431.07558457575107"
"5","0.4","true","false","false","true","566","28.396","548.0283241190566"
"7","0.6","true","false","false","true","599","20.768","476.9242191371291"
"4","0.3","true","false","false","true","531","26.044","630.0009056844336"
"8","0.7","true","false","false","true","647","19.36","430.4013743136265"
"9","0.8","true","false","false","true","647","15.82","422.3600697345496"
"5","0.4","true","false","false","true","567","28.112","547.3803690946726"
"1","0","true","false","false","true","678","6.852","884.4332096158943"
"6","0.5","true","false","false","true","580","22.884","518.1372142680293"
"2","0.1","true","false","false","true","449","12.14","892.5188803964862"
"3","0.2","true","false","false","true","492","23.312","728.1342994070857"
"7","0.6","true","false","false","true","600","20.892","475.9095263143668"
"8","0.7","true","false","false","true","648","19.404","430.06369756116476"
"4","0.3","true","false","false","true","532","26.036","629.167598503735"
"1","0","true","false","false","true","679","6.864","883.4172612837654"
"9","0.8","true","false","false","true","648","15.792","420.99920519477837"
"5","0.4","true","false","false","true","568","28.06","547.0301746431877"
"8","0.7","true","false","false","true","649","19.636","430.26936598871174"
"7","0.6","true","false","false","true","601","20.564","475.45010054052466"
"6","0.5","true","false","false","true","581","23.212","518.5599306870653"
"3","0.2","true","false","false","true","493","23.044","727.2895035485456"
"7","0.6","true","false","false","true","602","20.732","474.8479808177421"
"1","0","true","false","false","true","680","6.84","883.3394614652686"
"4","0.3","true","false","false","true","533","26.196","628.3268766923"
"2","0.1","true","false","false","true","450","12.136","889.870235795781"
"8","0.7","true","false","false","true","650","19.664","430.07392205338573"
"9","0.8","true","false","false","true","649","15.644","421.22906432077673"
"5","0.4","true","false","false","true","569","28.436","545.8405798106645"
"7","0.6","true","false","false","true","603","20.656","475.37425031984"
"4","0.3","true","false","false","true","534","26.36","628.4994163621095"
"3","0.2","true","false","false","true","494","23.128","726.4772661078821"
"6","0.5","true","false","false","true","582","23.376","518.9936934159242"
"1","0","true","false","false","true","681","6.836","881.9037267212893"
"4","0.3","true","false","false","true","535","26.604","629.7067874560307"
"7","0.6","true","false","false","true","604","20.66","474.38704840042885"
"3","0.2","true","false","false","true","495","22.996","726.3263263667778"
"9","0.8","true","false","false","true","650","15.68","421.9456961054507"
"8","0.7","true","false","false","true","651","19.524","431.41974718944266"
"2","0.1","true","false","false","true","451","12.204","889.8612896503499"
"5","0.4","true","false","false","true","570","28.696","547.1056130739854"
"6","0.5","true","false","false","true","583","23.476","518.8329560774101"
"4","0.3","true","false","false","true","536","26.836","628.4585300953371"
"7","0.6","true","false","false","true","605","20.696","473.94099149077033"
"1","0","true","false","false","true","682","6.828","880.6297381075393"
"8","0.7","true","false","false","true","652","19.492","431.9424482048445"
"2","0.1","true","false","false","true","452","12.296","887.4956539280013"
"7","0.6","true","false","false","true","606","20.872","474.48455226791356"
"9","0.8","true","false","false","true","651","15.688","421.8622930194216"
"3","0.2","true","false","false","true","496","22.992","724.0007748882863"
"5","0.4","true","false","false","true","571","28.604","547.9082636610701"
"6","0.5","true","false","false","true","584","23.42","519.3439885289448"
"8","0.7","true","false","false","true","653","19.444","432.42340666799606"
"2","0.1","true","false","false","true","453","12.22","886.6745739199749"
"1","0","true","false","false","true","683","6.8","883.2512308192889"
"4","0.3","true","false","false","true","537","26.912","627.2756804250191"
"7","0.6","true","false","false","true","607","21.024","474.24901185377166"
"9","0.8","true","false","false","true","652","15.78","422.3112752226731"
"1","0","true","false","false","true","684","6.528","881.7980063246383"
"5","0.4","true","false","false","true","572","28.088","548.6591995115722"
"8","0.7","true","false","false","true","654","19.588","431.6115442514127"
"3","0.2","true","false","false","true","497","22.928","724.4848816691037"
"6","0.5","true","false","false","true","585","23.412","517.9721524769996"
"2","0.1","true","false","false","true","454","12.144","883.7895017875625"
"4","0.3","true","false","false","true","538","26.656","626.7936541295195"
"7","0.6","true","false","false","true","608","20.848","473.8269240712239"
"1","0","true","false","false","true","685","6.54","879.9224098883369"
"9","0.8","true","false","false","true","653","15.624","421.71258334064163"
"5","0.4","true","false","false","true","573","28.248","546.8795359055914"
"8","0.7","true","false","false","true","655","19.584","432.04343133407923"
"1","0","true","false","false","true","686","6.56","881.0702456241713"
"4","0.3","true","false","false","true","539","26.576","626.0564265227083"
"2","0.1","true","false","false","true","455","12.176","882.2713950387036"
"6","0.5","true","false","false","true","586","23.628","518.0601319372325"
"3","0.2","true","false","false","true","498","22.896","725.8564743066682"
"7","0.6","true","false","false","true","609","21.06","474.8059444282227"
"9","0.8","true","false","false","true","654","15.62","421.44682668902954"
"8","0.7","true","false","false","true","656","19.532","430.2022042832163"
"4","0.3","true","false","false","true","540","26.456","626.8135353090411"
"9","0.8","true","false","false","true","655","15.672","422.61323671512883"
"5","0.4","true","false","false","true","574","28.676","545.5486688541638"
"6","0.5","true","false","false","true","587","23.484","519.3029465449521"
"1","0","true","false","false","true","687","6.652","882.1363884248653"
"7","0.6","true","false","false","true","610","21.144","473.56811079107786"
"9","0.8","true","false","false","true","656","15.572","423.11936086678696"
"4","0.3","true","false","false","true","541","27.124","626.8811777358811"
"3","0.2","true","false","false","true","499","23.04","722.7219174242632"
"2","0.1","true","false","false","true","456","12.124","880.0316186260403"
"1","0","true","false","false","true","688","6.572","881.2547592347056"
"8","0.7","true","false","false","true","657","19.576","429.5104266795164"
"6","0.5","true","false","false","true","588","23.368","517.1675918060948"
"5","0.4","true","false","false","true","575","28.776","546.5167496800203"
"9","0.8","true","false","false","true","657","15.704","422.2633569434328"
"7","0.6","true","false","false","true","611","21.184","473.2663184113411"
"4","0.3","true","false","false","true","542","27.1","625.6730669364891"
"8","0.7","true","false","false","true","658","19.82","428.6146626374985"
"1","0","true","false","false","true","689","6.62","881.1900068933876"
"9","0.8","true","false","false","true","658","15.652","421.7941237518782"
"3","0.2","true","false","false","true","500","23.064","722.9216321707462"
"7","0.6","true","false","false","true","612","20.944","472.96024000812685"
"6","0.5","true","false","false","true","589","23.58","517.1069520680006"
"1","0","true","false","false","true","690","6.692","878.2385770642916"
"5","0.4","true","false","false","true","576","28.644","547.9080321349596"
"8","0.7","true","false","false","true","659","19.684","429.4534384486892"
"2","0.1","true","false","false","true","457","12.196","882.8348437369195"
"4","0.3","true","false","false","true","543","26.796","623.6807949064275"
"6","0.5","true","false","false","true","590","23.868","515.7190959016825"
"1","0","true","false","false","true","691","6.712","876.5955087028144"
"3","0.2","true","false","false","true","501","22.964","722.360481750539"
"9","0.8","true","false","false","true","659","15.944","422.9219092535583"
"7","0.6","true","false","false","true","613","21.116","473.20014123430866"
"8","0.7","true","false","false","true","660","19.716","429.74277446699705"
"6","0.5","true","false","false","true","591","23.52","515.5198452124504"
"5","0.4","true","false","false","true","577","28.512","546.7108116760112"
"1","0","true","false","false","true","692","6.552","876.1073585240731"
"4","0.3","true","false","false","true","544","26.68","622.4216666627559"
"2","0.1","true","false","false","true","458","12.108","881.0803346675143"
"9","0.8","true","false","false","true","660","15.936","422.6205692309626"
"3","0.2","true","false","false","true","502","22.964","722.8211274356273"
"7","0.6","true","false","false","true","614","21.016","474.31939033472827"
"8","0.7","true","false","false","true","661","19.568","430.17901089597547"
"4","0.3","true","false","false","true","545","27.092","622.4286438671637"
"6","0.5","true","false","false","true","592","23.184","514.9034575251246"
"1","0","true","false","false","true","693","6.62","875.8515228023272"
"5","0.4","true","false","false","true","578","28.492","546.393565855512"
"9","0.8","true","false","false","true","661","15.596","421.4104954353761"
"8","0.7","true","false","false","true","662","19.664","430.2911521311347"
"2","0.1","true","false","false","true","459","12.228","877.3298373672096"
"3","0.2","true","false","false","true","503","23.148","723.8735722005579"
"4","0.3","true","false","false","true","546","27.112","623.2005412536538"
"7","0.6","true","false","false","true","615","21.06","473.0320503215257"
"6","0.5","true","false","false","true","593","23.492","514.7701009790298"
"1","0","true","false","false","true","694","6.696","873.5391659595007"
"5","0.4","true","false","false","true","579","28.176","545.9866406674414"
"9","0.8","true","false","false","true","662","15.724","422.9154991287945"
"8","0.7","true","false","false","true","663","19.848","430.63413990209494"
"4","0.3","true","false","false","true","547","27.092","621.4977824230863"
"7","0.6","true","false","false","true","616","21.22","472.3351784262444"
"1","0","true","false","false","true","695","6.764","874.6106979973321"
"3","0.2","true","false","false","true","504","22.968","723.7191218895849"
"6","0.5","true","false","false","true","594","23.472","514.8167831411896"
"2","0.1","true","false","false","true","460","12.272","877.1531156281743"
"5","0.4","true","false","false","true","580","28.036","545.332469850469"
"9","0.8","true","false","false","true","663","15.728","422.2463460240482"
"8","0.7","true","false","false","true","664","20.012","431.32919279810136"
"4","0.3","true","false","false","true","548","27.32","620.5832015561272"
"7","0.6","true","false","false","true","617","20.96","472.17724164815695"
"1","0","true","false","false","true","696","6.744","874.5436384754627"
"6","0.5","true","false","false","true","595","23.544","515.0050022564138"
"9","0.8","true","false","false","true","664","15.7","422.79097729879174"
"3","0.2","true","false","false","true","505","23.152","723.337288037287"
"5","0.4","true","false","false","true","581","28.168","544.0169245876407"
"8","0.7","true","false","false","true","665","19.652","430.2269306667112"
"7","0.6","true","false","false","true","618","21.26","472.5967294234793"
"2","0.1","true","false","false","true","461","12.212","876.5954115371287"
"4","0.3","true","false","false","true","549","27.476","620.7518293442939"
"1","0","true","false","false","true","697","6.672","875.3437075011075"
"9","0.8","true","false","false","true","665","15.616","422.13899191448706"
"6","0.5","true","false","false","true","596","23.604","514.821046694824"
"3","0.2","true","false","false","true","506","22.76","722.8797510936457"
"5","0.4","true","false","false","true","582","28.112","544.7274231007179"
"7","0.6","true","false","false","true","619","20.98","473.11732822801287"
"8","0.7","true","false","false","true","666","19.776","430.8539992546247"
"4","0.3","true","false","false","true","550","27.408","620.0962743986133"
"1","0","true","false","false","true","698","6.656","873.66572010195"
"9","0.8","true","false","false","true","666","15.408","423.1970580199771"
"6","0.5","true","false","false","true","597","23.464","513.7723094347583"
"5","0.4","true","false","false","true","583","28.136","543.4623287687724"
"2","0.1","true","false","false","true","462","12.16","877.1943093472062"
"7","0.6","true","false","false","true","620","21.092","472.8031371374044"
"8","0.7","true","false","false","true","667","19.392","431.6197382841929"
"4","0.3","true","false","false","true","551","27.412","619.2951150602702"
"3","0.2","true","false","false","true","507","22.684","720.4266061008027"
"1","0","true","false","false","true","699","6.72","874.618925534481"
"6","0.5","true","false","false","true","598","23.512","514.2389074176832"
"9","0.8","true","false","false","true","667","15.796","422.9629912119088"
"5","0.4","true","false","false","true","584","27.948","543.9704008544139"
"8","0.7","true","false","false","true","668","19.456","431.48858398927814"
"7","0.6","true","false","false","true","621","20.92","472.22475735213794"
"2","0.1","true","false","false","true","463","12.02","875.197512133623"
"4","0.3","true","false","false","true","552","27.432","621.5068910802217"
"3","0.2","true","false","false","true","508","22.78","716.7624512022013"
"9","0.8","true","false","false","true","668","15.672","423.60393670333104"
"1","0","true","false","false","true","700","6.568","875.4520546193706"
"6","0.5","true","false","false","true","599","23.308","514.9069032430026"
"8","0.7","true","false","false","true","669","19.9","430.9175017296599"
"7","0.6","true","false","false","true","622","20.732","472.58237721579553"
"5","0.4","true","false","false","true","585","27.964","544.4485911118787"
"2","0.1","true","false","false","true","464","12.132","873.3049380745808"
"1","0","true","false","false","true","701","6.584","877.0379072135613"
"4","0.3","true","false","false","true","553","27.316","619.7180728482867"
"6","0.5","true","false","false","true","600","23.412","515.4847193725542"
"3","0.2","true","false","false","true","509","23.104","717.5300611318469"
"8","0.7","true","false","false","true","670","19.38","430.8498155934327"
"9","0.8","true","false","false","true","669","15.66","422.35277726962767"
"7","0.6","true","false","false","true","623","20.884","472.7186567325995"
"5","0.4","true","false","false","true","586","28.192","544.2981938337751"
"1","0","true","false","false","true","702","6.64","875.3652142718124"
"8","0.7","true","false","false","true","671","19.88","430.99381569102724"
"6","0.5","true","false","false","true","601","23.388","515.6766689440484"
"9","0.8","true","false","false","true","670","15.82","421.71691759853337"
"4","0.3","true","false","false","true","554","27.528","619.5915972850505"
"7","0.6","true","false","false","true","624","20.744","472.464956526559"
"2","0.1","true","false","false","true","465","12.244","871.5632233295073"
"5","0.4","true","false","false","true","587","28.424","543.9516782706605"
"3","0.2","true","false","false","true","510","23.188","717.1370822063574"
"8","0.7","true","false","false","true","672","19.78","430.9049293877192"
"1","0","true","false","false","true","703","6.528","874.8760388568331"
"9","0.8","true","false","false","true","671","15.748","421.3922810690074"
"6","0.5","true","false","false","true","602","23.12","515.758042257923"
"7","0.6","true","false","false","true","625","21.24","472.02987097655557"
"4","0.3","true","false","false","true","555","27.5","619.9896847304694"
"8","0.7","true","false","false","true","673","19.896","429.1307937100461"
"5","0.4","true","false","false","true","588","28.112","543.7181314174"
"2","0.1","true","false","false","true","466","12.248","871.1650771496161"
"1","0","true","false","false","true","704","6.608","874.7956215827725"
"3","0.2","true","false","false","true","511","23.364","716.3102866406257"
"9","0.8","true","false","false","true","672","15.66","421.9356414952929"
"6","0.5","true","false","false","true","603","23.156","515.058425316283"
"7","0.6","true","false","false","true","626","21.304","471.9077140024204"
"4","0.3","true","false","false","true","556","27.42","620.1185103394052"
"1","0","true","false","false","true","705","6.628","875.922015901419"
"5","0.4","true","false","false","true","589","28.34","543.3445340518067"
"8","0.7","true","false","false","true","674","20.116","429.28792804903145"
"3","0.2","true","false","false","true","512","23.308","715.8945150486335"
"9","0.8","true","false","false","true","673","15.5","421.82703494887477"
"6","0.5","true","false","false","true","604","23.408","514.0863172916667"
"2","0.1","true","false","false","true","467","12.404","871.1024911916041"
"8","0.7","true","false","false","true","675","19.9","429.37611246037153"
"4","0.3","true","false","false","true","557","27.628","619.7886378192561"
"1","0","true","false","false","true","706","6.58","877.5098903447639"
"7","0.6","true","false","false","true","627","21.36","473.17378159637553"
"5","0.4","true","false","false","true","590","29.216","543.1290496372171"
"6","0.5","true","false","false","true","605","23.336","515.0065618607232"
"3","0.2","true","false","false","true","513","23.38","714.6493925377116"
"9","0.8","true","false","false","true","674","15.612","420.6191243648925"
"8","0.7","true","false","false","true","676","19.932","429.4150413254672"
"1","0","true","false","false","true","707","6.664","875.2691647762405"
"5","0.4","true","false","false","true","591","29.592","543.205698045045"
"4","0.3","true","false","false","true","558","27.184","620.1196612653376"
"7","0.6","true","false","false","true","628","21.548","473.6548421830978"
"6","0.5","true","false","false","true","606","23.424","515.506610451049"
"2","0.1","true","false","false","true","468","12.484","871.3187814552923"
"3","0.2","true","false","false","true","514","23.688","712.3385059872714"
"1","0","true","false","false","true","708","6.632","873.959332657755"
"5","0.4","true","false","false","true","592","28.968","545.3299718744705"
"8","0.7","true","false","false","true","677","19.852","429.32876912772946"
"9","0.8","true","false","false","true","675","15.648","420.7553603400205"
"7","0.6","true","false","false","true","629","21.648","473.9930175976934"
"4","0.3","true","false","false","true","559","27.216","619.1651887994594"
"6","0.5","true","false","false","true","607","23.724","514.6878523762869"
"5","0.4","true","false","false","true","593","29.4","544.3121793990773"
"1","0","true","false","false","true","709","6.656","874.0102307166965"
"9","0.8","true","false","false","true","676","15.648","420.858273595948"
"8","0.7","true","false","false","true","678","19.748","429.3809772065276"
"3","0.2","true","false","false","true","515","23.348","710.3654619615064"
"2","0.1","true","false","false","true","469","12.52","871.1062428214963"
"7","0.6","true","false","false","true","630","21.384","473.497713098415"
"1","0","true","false","false","true","710","6.676","873.5564496750133"
"4","0.3","true","false","false","true","560","27.224","616.8605167105484"
"6","0.5","true","false","false","true","608","23.736","514.0439995508632"
"5","0.4","true","false","false","true","594","29.008","543.4015126827305"
"9","0.8","true","false","false","true","677","15.552","420.6220857235805"
"8","0.7","true","false","false","true","679","19.888","429.36930304035116"
"7","0.6","true","false","false","true","631","21.604","473.32637669671146"
"3","0.2","true","false","false","true","516","23.652","708.7241413321018"
"1","0","true","false","false","true","711","6.668","872.3797915990663"
"5","0.4","true","false","false","true","595","28.992","542.36560431033"
"9","0.8","true","false","false","true","678","15.568","420.64951038776303"
"2","0.1","true","false","false","true","470","12.512","870.929746155009"
"8","0.7","true","false","false","true","680","19.996","429.81296254260906"
"4","0.3","true","false","false","true","561","27.248","616.379978937832"
"6","0.5","true","false","false","true","609","23.524","513.7278955003771"
"7","0.6","true","false","false","true","632","21.752","472.51680852812814"
"3","0.2","true","false","false","true","517","23.784","707.8323373443043"
"1","0","true","false","false","true","712","6.672","872.8925139136632"
"5","0.4","true","false","false","true","596","28.9","543.7047899496316"
"9","0.8","true","false","false","true","679","15.692","420.8784931865526"
"1","0","true","false","false","true","713","6.62","869.3932126521083"
"8","0.7","true","false","false","true","681","20.012","430.27661354883344"
"3","0.2","true","false","false","true","518","23.94","706.6534105926457"
"6","0.5","true","false","false","true","610","23.336","512.032417971373"
"2","0.1","true","false","false","true","471","12.392","869.4227448706417"
"4","0.3","true","false","false","true","562","27.264","616.9015937429642"
"7","0.6","true","false","false","true","633","21.456","472.1729315911065"
"1","0","true","false","false","true","714","6.596","868.3153056481339"
"9","0.8","true","false","false","true","680","15.696","421.1299002393702"
"5","0.4","true","false","false","true","597","28.808","542.8266169724126"
"8","0.7","true","false","false","true","682","20.128","430.0680995226733"
"3","0.2","true","false","false","true","519","23.988","706.6610391224808"
"2","0.1","true","false","false","true","472","12.368","868.0676657006436"
"5","0.4","true","false","false","true","598","28.136","542.4142675582829"
"1","0","true","false","false","true","715","6.604","868.1950335865354"
"6","0.5","true","false","false","true","611","23.62","513.5309487418193"
"7","0.6","true","false","false","true","634","21.556","471.24061421745387"
"4","0.3","true","false","false","true","563","27.084","615.2860371502026"
"9","0.8","true","false","false","true","681","15.724","421.0591654486143"
"8","0.7","true","false","false","true","683","19.868","429.7836259234868"
"3","0.2","true","false","false","true","520","23.948","705.8822979057361"
"1","0","true","false","false","true","716","6.56","864.3457564770026"
"6","0.5","true","false","false","true","612","23.492","513.0164295923888"
"5","0.4","true","false","false","true","599","28.336","542.7758491876887"
"7","0.6","true","false","false","true","635","21.496","471.44105716962076"
"4","0.3","true","false","false","true","564","26.944","614.691736030011"
"2","0.1","true","false","false","true","473","12.364","869.3248018794535"
"8","0.7","true","false","false","true","684","19.86","430.3782886677068"
"9","0.8","true","false","false","true","682","15.736","420.35958167885565"
"1","0","true","false","false","true","717","6.644","865.8438609134255"
"6","0.5","true","false","false","true","613","23.592","513.1029577055444"
"3","0.2","true","false","false","true","521","23.816","705.7848814128625"
"5","0.4","true","false","false","true","600","28.708","542.5834332975946"
"4","0.3","true","false","false","true","565","27.048","615.0524090657752"
"7","0.6","true","false","false","true","636","21.572","472.1776582863469"
"8","0.7","true","false","false","true","685","19.972","429.203664636416"
"9","0.8","true","false","false","true","683","15.784","421.17925759819644"
"1","0","true","false","false","true","718","6.588","863.3694121248368"
"2","0.1","true","false","false","true","474","12.708","866.7778772589331"
"4","0.3","true","false","false","true","566","27.204","615.3350909281527"
"6","0.5","true","false","false","true","614","23.776","512.0766662457461"
"8","0.7","true","false","false","true","686","19.788","429.981383063282"
"5","0.4","true","false","false","true","601","29.208","542.5240939258196"
"7","0.6","true","false","false","true","637","21.588","472.36628433225"
"9","0.8","true","false","false","true","684","15.656","422.7701356751904"
"3","0.2","true","false","false","true","522","24.116","706.9531470555172"
"1","0","true","false","false","true","719","6.572","861.6150431933496"
"4","0.3","true","false","false","true","567","27.168","615.4446410639995"
"6","0.5","true","false","false","true","615","23.952","510.4731864922707"
"5","0.4","true","false","false","true","602","29.308","542.91054132114"
"8","0.7","true","false","false","true","687","19.956","429.6027278223227"
"2","0.1","true","false","false","true","475","12.876","867.1803786439174"
"7","0.6","true","false","false","true","638","21.528","471.96570507321115"
"9","0.8","true","false","false","true","685","15.656","422.18275831857363"
"3","0.2","true","false","false","true","523","24.08","707.2155701138709"
"1","0","true","false","false","true","720","6.64","860.2373759560824"
"5","0.4","true","false","false","true","603","29.276","544.0102637889934"
"4","0.3","true","false","false","true","568","26.956","614.2962638767401"
"6","0.5","true","false","false","true","616","23.94","511.8306952457261"
"8","0.7","true","false","false","true","688","19.552","429.65101615004573"
"2","0.1","true","false","false","true","476","12.876","867.1532062133724"
"7","0.6","true","false","false","true","639","21.376","473.6434883279904"
"9","0.8","true","false","false","true","686","15.7","422.23612751137165"
"1","0","true","false","false","true","721","6.572","861.0438329801857"
"3","0.2","true","false","false","true","524","24.412","706.2960178898359"
"5","0.4","true","false","false","true","604","29.376","543.5678706776154"
"6","0.5","true","false","false","true","617","23.812","511.93354114451705"
"8","0.7","true","false","false","true","689","19.812","429.8475726611055"
"4","0.3","true","false","false","true","569","27.024","615.1321168024011"
"7","0.6","true","false","false","true","640","21.352","473.80241054965575"
"9","0.8","true","false","false","true","687","15.636","422.4194225757508"
"2","0.1","true","false","false","true","477","12.892","865.7905194546838"
"1","0","true","false","false","true","722","6.54","860.7579107387422"
"3","0.2","true","false","false","true","525","24.44","706.2868283315848"
"6","0.5","true","false","false","true","618","23.856","510.53615373034467"
"8","0.7","true","false","false","true","690","19.752","429.910411361588"
"4","0.3","true","false","false","true","570","27.024","613.527020012385"
"5","0.4","true","false","false","true","605","29.288","542.0187035948843"
"9","0.8","true","false","false","true","688","15.452","421.3474351482979"
"7","0.6","true","false","false","true","641","21.632","472.70007973680043"
"1","0","true","false","false","true","723","6.548","859.8924395495383"
"8","0.7","true","false","false","true","691","19.964","429.3647306303461"
"2","0.1","true","false","false","true","478","12.564","865.8721842539123"
"6","0.5","true","false","false","true","619","23.548","510.8163393815475"
"3","0.2","true","false","false","true","526","24.184","705.5277898908063"
"4","0.3","true","false","false","true","571","27.08","613.8992288242239"
"9","0.8","true","false","false","true","689","15.664","421.20275688712246"
"5","0.4","true","false","false","true","606","29.192","542.8521624622857"
"7","0.6","true","false","false","true","642","21.812","472.96432590103353"
"1","0","true","false","false","true","724","6.588","858.2085861209074"
"8","0.7","true","false","false","true","692","19.968","430.1391798710954"
"6","0.5","true","false","false","true","620","23.888","510.6051793632117"
"9","0.8","true","false","false","true","690","15.736","421.42849945082776"
"3","0.2","true","false","false","true","527","24.208","702.4640238046077"
"5","0.4","true","false","false","true","607","29.196","542.7733768096888"
"4","0.3","true","false","false","true","572","27.272","612.7047994510103"
"1","0","true","false","false","true","725","6.508","858.1851261966865"
"2","0.1","true","false","false","true","479","12.564","866.76289923396"
"7","0.6","true","false","false","true","643","21.4","473.2948288027078"
"8","0.7","true","false","false","true","693","19.784","430.0196079072865"
"9","0.8","true","false","false","true","691","15.584","422.17192349363984"
"6","0.5","true","false","false","true","621","23.844","510.6802859755754"
"1","0","true","false","false","true","726","6.42","858.8959864209104"
"5","0.4","true","false","false","true","608","29.32","543.0601635013331"
"7","0.6","true","false","false","true","644","21.416","474.07773967594994"
"4","0.3","true","false","false","true","573","27.048","613.6609889466027"
"3","0.2","true","false","false","true","528","24.044","701.7650153101916"
"2","0.1","true","false","false","true","480","12.588","867.5214255963871"
"8","0.7","true","false","false","true","694","19.744","430.2592199976299"
"6","0.5","true","false","false","true","622","23.512","511.86482248717857"
"9","0.8","true","false","false","true","692","15.76","421.80961254747024"
"1","0","true","false","false","true","727","6.52","857.0164730973444"
"7","0.6","true","false","false","true","645","21.332","473.6283847785275"
"5","0.4","true","false","false","true","609","28.816","543.6521411168377"
"4","0.3","true","false","false","true","574","26.996","614.7885113782703"
"3","0.2","true","false","false","true","529","24.416","702.5871058014895"
"8","0.7","true","false","false","true","695","20.016","430.17655990255247"
"6","0.5","true","false","false","true","623","23.784","512.0482302444353"
"9","0.8","true","false","false","true","693","15.592","421.10700977336097"
"2","0.1","true","false","false","true","481","12.472","868.2550784272888"
"7","0.6","true","false","false","true","646","21.552","474.5655239697971"
"1","0","true","false","false","true","728","6.48","856.2114450646393"
"3","0.2","true","false","false","true","530","24.412","702.2453565059703"
"5","0.4","true","false","false","true","610","28.948","543.0683364279062"
"4","0.3","true","false","false","true","575","27.116","614.669456682261"
"8","0.7","true","false","false","true","696","20","430.8757166446075"
"7","0.6","true","false","false","true","647","21.36","474.90770979640496"
"9","0.8","true","false","false","true","694","15.724","421.7734520099203"
"6","0.5","true","false","false","true","624","23.888","511.1050116668995"
"1","0","true","false","false","true","729","6.5","856.2676651938045"
"5","0.4","true","false","false","true","611","28.968","541.3351672829772"
"2","0.1","true","false","false","true","482","12.404","865.1866500433692"
"7","0.6","true","false","false","true","648","21.552","475.5259849835173"
"3","0.2","true","false","false","true","531","24.336","700.9929152763407"
"4","0.3","true","false","false","true","576","27.168","614.4679189046573"
"8","0.7","true","false","false","true","697","20.052","430.6253192020462"
"6","0.5","true","false","false","true","625","23.696","509.6085258936737"
"9","0.8","true","false","false","true","695","15.608","422.33596094000967"
"1","0","true","false","false","true","730","6.552","856.3958964273064"
"7","0.6","true","false","false","true","649","21.716","475.8500061854198"
"5","0.4","true","false","false","true","612","29.484","542.1513325061153"
"3","0.2","true","false","false","true","532","24.32","701.7279597793838"
"8","0.7","true","false","false","true","698","19.96","429.55103878610987"
"1","0","true","false","false","true","731","6.524","855.5168081913231"
"4","0.3","true","false","false","true","577","27.328","613.9265346077236"
"6","0.5","true","false","false","true","626","23.776","510.0385483837942"
"2","0.1","true","false","false","true","483","12.588","864.0714398141406"
"9","0.8","true","false","false","true","696","15.644","421.53609652502814"
"7","0.6","true","false","false","true","650","21.588","476.3678788020966"
"5","0.4","true","false","false","true","613","29.404","541.6495427700306"
"1","0","true","false","false","true","732","6.588","854.2039965308435"
"6","0.5","true","false","false","true","627","23.82","508.93877876569826"
"8","0.7","true","false","false","true","699","20.124","429.316145154181"
"3","0.2","true","false","false","true","533","24.344","700.4006497067662"
"7","0.6","true","false","false","true","651","21.636","475.8219674289064"
"4","0.3","true","false","false","true","578","27.056","612.5649759311093"
"9","0.8","true","false","false","true","697","15.672","422.301111495597"
"1","0","true","false","false","true","733","6.572","854.6750349104715"
"2","0.1","true","false","false","true","484","12.448","864.0086323653709"
"5","0.4","true","false","false","true","614","29.852","542.5807220778123"
"6","0.5","true","false","false","true","628","23.916","508.03828782893504"
"8","0.7","true","false","false","true","700","20.228","429.7387793342896"
"7","0.6","true","false","false","true","652","21.52","474.38220675875027"
"3","0.2","true","false","false","true","534","24.456","701.4151511244607"
"1","0","true","false","false","true","734","6.62","854.1628777354501"
"4","0.3","true","false","false","true","579","27.5","611.3272873540612"
"9","0.8","true","false","false","true","698","15.596","421.7379342062087"
"6","0.5","true","false","false","true","629","24.028","509.3807385974919"
"5","0.4","true","false","false","true","615","29.6","542.71373050377"
"7","0.6","true","false","false","true","653","21.776","474.75299504341893"
"2","0.1","true","false","false","true","485","12.704","862.3694827941968"
"8","0.7","true","false","false","true","701","20.052","429.8864751334894"
"1","0","true","false","false","true","735","6.492","853.4280679395292"
"3","0.2","true","false","false","true","535","24.424","701.2417297741172"
"9","0.8","true","false","false","true","699","15.644","421.2913250010502"
"6","0.5","true","false","false","true","630","24.412","509.12760063478896"
"4","0.3","true","false","false","true","580","27.28","610.8606704150156"
"7","0.6","true","false","false","true","654","21.688","474.69995995251895"
"5","0.4","true","false","false","true","616","29.528","542.685268413648"
"1","0","true","false","false","true","736","6.604","854.2649731072469"
"8","0.7","true","false","false","true","702","20.068","429.76029257310586"
"2","0.1","true","false","false","true","486","12.744","861.7563583409192"
"3","0.2","true","false","false","true","536","24.484","701.0552212368509"
"7","0.6","true","false","false","true","655","21.452","475.6851389638824"
"9","0.8","true","false","false","true","700","15.744","420.3172534683052"
"6","0.5","true","false","false","true","631","24.092","509.69884627567916"
"4","0.3","true","false","false","true","581","27.264","610.5877087748264"
"5","0.4","true","false","false","true","617","29.904","543.0364504684965"
"1","0","true","false","false","true","737","6.536","853.1771032020198"
"7","0.6","true","false","false","true","656","21.8","475.1958914281834"
"8","0.7","true","false","false","true","703","19.86","429.3330065949122"
"6","0.5","true","false","false","true","632","24.472","510.64539107614445"
"9","0.8","true","false","false","true","701","15.736","420.4653471601035"
"4","0.3","true","false","false","true","582","27.16","610.3395491581687"
"3","0.2","true","false","false","true","537","24.812","701.2261580759482"
"2","0.1","true","false","false","true","487","12.76","861.404062992236"
"5","0.4","true","false","false","true","618","29.772","542.5148465214389"
"8","0.7","true","false","false","true","704","20.056","429.3002065003384"
"1","0","true","false","false","true","738","6.588","853.0266611313169"
"7","0.6","true","false","false","true","657","21.46","474.5404422644649"
"6","0.5","true","false","false","true","633","24.492","508.4611597951781"
"9","0.8","true","false","false","true","702","15.504","420.68102619049534"
"4","0.3","true","false","false","true","583","27.3","608.326905635049"
"3","0.2","true","false","false","true","538","25.224","700.4181067601504"
"1","0","true","false","false","true","739","6.652","849.9158481545251"
"7","0.6","true","false","false","true","658","21.26","475.38726634190806"
"8","0.7","true","false","false","true","705","20.324","428.91161980975716"
"5","0.4","true","false","false","true","619","29.572","540.7334911484942"
"2","0.1","true","false","false","true","488","12.648","861.5056827561077"
"1","0","true","false","false","true","740","6.648","850.3554560664008"
"6","0.5","true","false","false","true","634","24.588","508.65315645805885"
"9","0.8","true","false","false","true","703","15.728","420.87689623317135"
"3","0.2","true","false","false","true","539","25.212","699.435868131948"
"7","0.6","true","false","false","true","659","21.412","473.926524031742"
"4","0.3","true","false","false","true","584","27.064","609.185704465592"
"1","0","true","false","false","true","741","6.708","850.6568216417631"
"8","0.7","true","false","false","true","706","20.32","429.446887527925"
"5","0.4","true","false","false","true","620","29.468","541.2041194160132"
"9","0.8","true","false","false","true","704","15.804","420.86901615279123"
"6","0.5","true","false","false","true","635","24.58","508.2185575625397"
"2","0.1","true","false","false","true","489","12.952","861.3386933944496"
"3","0.2","true","false","false","true","540","25.316","699.0887316270656"
"1","0","true","false","false","true","742","6.684","850.9029813833722"
"7","0.6","true","false","false","true","660","21.464","472.81784503034334"
"8","0.7","true","false","false","true","707","19.992","429.65010878676554"
"5","0.4","true","false","false","true","621","29.624","539.6403349979485"
"4","0.3","true","false","false","true","585","27.204","609.8525749852678"
"6","0.5","true","false","false","true","636","24.444","506.5429828461892"
"9","0.8","true","false","false","true","705","15.92","420.4872572373804"
"7","0.6","true","false","false","true","661","21.328","472.25342990735464"
"1","0","true","false","false","true","743","6.7","850.3755178332041"
"5","0.4","true","false","false","true","622","29.348","541.879202632662"
"3","0.2","true","false","false","true","541","25.488","697.2715547325082"
"8","0.7","true","false","false","true","708","20","428.9850420758857"
"2","0.1","true","false","false","true","490","12.952","861.214866761173"
"4","0.3","true","false","false","true","586","27.468","609.086091615797"
"7","0.6","true","false","false","true","662","21.412","473.0139745970257"
"1","0","true","false","false","true","744","6.732","851.0415503543767"
"6","0.5","true","false","false","true","637","24.128","508.10485354674006"
"9","0.8","true","false","false","true","706","16.112","420.67808913978007"
"5","0.4","true","false","false","true","623","29.908","541.8065455128273"
"3","0.2","true","false","false","true","542","25.012","698.5538013337864"
"8","0.7","true","false","false","true","709","20.2","428.0425305138435"
"7","0.6","true","false","false","true","663","21.364","473.4231094361158"
"4","0.3","true","false","false","true","587","27.224","609.0060535283287"
"1","0","true","false","false","true","745","6.768","849.7739670984969"
"5","0.4","true","false","false","true","624","29.992","541.2032523277126"
"2","0.1","true","false","false","true","491","12.836","860.2144014518741"
"6","0.5","true","false","false","true","638","24.228","508.3146636372273"
"9","0.8","true","false","false","true","707","16.068","420.89316604673667"
"3","0.2","true","false","false","true","543","24.98","699.1003204567368"
"7","0.6","true","false","false","true","664","21.6","473.3228714443082"
"8","0.7","true","false","false","true","710","19.904","427.4889151297567"
"5","0.4","true","false","false","true","625","29.896","540.5263775264294"
"1","0","true","false","false","true","746","6.688","849.3179561719946"
"4","0.3","true","false","false","true","588","27.064","609.4264718988702"
"6","0.5","true","false","false","true","639","24.592","506.8314819572418"
"9","0.8","true","false","false","true","708","15.72","421.0164935911789"
"7","0.6","true","false","false","true","665","21.864","472.95692126238526"
"3","0.2","true","false","false","true","544","24.912","698.7320469715897"
"2","0.1","true","false","false","true","492","12.728","859.0109724106288"
"8","0.7","true","false","false","true","711","20.028","428.36005293502774"
"5","0.4","true","false","false","true","626","29.848","539.8267804880766"
"1","0","true","false","false","true","747","6.76","850.268420305323"
"4","0.3","true","false","false","true","589","27.144","608.7479155649235"
"6","0.5","true","false","false","true","640","24.544","507.23894011623594"
"7","0.6","true","false","false","true","666","21.784","473.04762938826315"
"9","0.8","true","false","false","true","709","15.908","420.99414913462726"
"5","0.4","true","false","false","true","627","30.268","538.851167401031"
"3","0.2","true","false","false","true","545","25.332","698.403622261509"
"8","0.7","true","false","false","true","712","20.084","428.57505363118304"
"2","0.1","true","false","false","true","493","12.932","858.1072219399994"
"1","0","true","false","false","true","748","6.6","849.2115019143881"
"7","0.6","true","false","false","true","667","21.812","473.34426673911815"
"4","0.3","true","false","false","true","590","26.788","609.6806599547336"
"5","0.4","true","false","false","true","628","30.144","538.2695034977296"
"6","0.5","true","false","false","true","641","24.408","506.9499552329583"
"9","0.8","true","false","false","true","710","15.844","420.8173066966743"
"8","0.7","true","false","false","true","713","19.956","427.81711848911675"
"3","0.2","true","false","false","true","546","25.42","696.897572589935"
"7","0.6","true","false","false","true","668","21.752","474.92564572279275"
"1","0","true","false","false","true","749","6.632","848.7152403790742"
"2","0.1","true","false","false","true","494","12.812","858.5046138263094"
"6","0.5","true","false","false","true","642","24.668","506.9645292593422"
"5","0.4","true","false","false","true","629","29.68","537.6909227805749"
"4","0.3","true","false","false","true","591","26.968","610.9275522674855"
"3","0.2","true","false","false","true","547","25.432","696.231316040901"
"9","0.8","true","false","false","true","711","15.768","421.97267097252"
"8","0.7","true","false","false","true","714","20.084","427.88440463557936"
"1","0","true","false","false","true","750","6.628","849.3982087145811"
"7","0.6","true","false","false","true","669","22.152","472.6891210827247"
"2","0.1","true","false","false","true","495","12.884","858.9264543679027"
"6","0.5","true","false","false","true","643","24.492","507.20511388678034"
"5","0.4","true","false","false","true","630","29.744","537.3832573434524"
"3","0.2","true","false","false","true","548","25.144","696.0730915154425"
"9","0.8","true","false","false","true","712","15.784","422.3938166084439"
"8","0.7","true","false","false","true","715","20.12","428.2401847680938"
"1","0","true","false","false","true","751","6.624","849.9983971178999"
"4","0.3","true","false","false","true","592","26.912","610.7080552218506"
"7","0.6","true","false","false","true","670","22.264","472.6320993311827"
"5","0.4","true","false","false","true","631","29.86","538.3983914977568"
"6","0.5","true","false","false","true","644","25.02","505.7665162036705"
"2","0.1","true","false","false","true","496","12.704","857.6512603446866"
"7","0.6","true","false","false","true","671","21.984","473.51507437625713"
"9","0.8","true","false","false","true","713","15.756","422.0982554175076"
"1","0","true","false","false","true","752","6.52","848.7399310553521"
"8","0.7","true","false","false","true","716","19.996","429.55205636344994"
"3","0.2","true","false","false","true","549","25.424","696.0380616369355"
"4","0.3","true","false","false","true","593","27.204","611.7185448835785"
"6","0.5","true","false","false","true","645","24.784","506.49607246426604"
"7","0.6","true","false","false","true","672","21.872","473.3795770308091"
"5","0.4","true","false","false","true","632","29.64","537.8693423149774"
"1","0","true","false","false","true","753","6.644","848.0117763766904"
"9","0.8","true","false","false","true","714","15.76","421.86823222420236"
"8","0.7","true","false","false","true","717","20.064","427.8044198626594"
"2","0.1","true","false","false","true","497","12.94","856.5637151140048"
"3","0.2","true","false","false","true","550","25.284","696.5704648710816"
"4","0.3","true","false","false","true","594","27.196","609.607681181657"
"7","0.6","true","false","false","true","673","21.76","472.860058883357"
"6","0.5","true","false","false","true","646","24.904","506.70438719466813"
"5","0.4","true","false","false","true","633","29.524","537.0074066458567"
"1","0","true","false","false","true","754","6.604","847.6260031375153"
"9","0.8","true","false","false","true","715","15.708","422.3320303145532"
"8","0.7","true","false","false","true","718","20.052","427.783285455878"
"7","0.6","true","false","false","true","674","21.688","472.6831400934504"
"2","0.1","true","false","false","true","498","12.86","855.0480879831038"
"3","0.2","true","false","false","true","551","25.488","695.4389339825591"
"5","0.4","true","false","false","true","634","29.392","534.2653217055125"
"4","0.3","true","false","false","true","595","26.896","608.5164173146945"
"1","0","true","false","false","true","755","6.56","846.8364492283564"
"6","0.5","true","false","false","true","647","25.096","507.8451889643016"
"8","0.7","true","false","false","true","719","20.092","428.453437071599"
"9","0.8","true","false","false","true","716","15.716","421.33063940128176"
"7","0.6","true","false","false","true","675","21.904","472.27314561973014"
"4","0.3","true","false","false","true","596","26.66","608.0095802391949"
"3","0.2","true","false","false","true","552","25.508","694.6933605414506"
"1","0","true","false","false","true","756","6.504","846.5218186417867"
"5","0.4","true","false","false","true","635","29.016","533.548947114109"
"2","0.1","true","false","false","true","499","12.904","854.8832435520621"
"6","0.5","true","false","false","true","648","24.616","507.27694335617764"
"7","0.6","true","false","false","true","676","21.768","472.7305809201385"
"8","0.7","true","false","false","true","720","20.036","429.3842056050092"
"9","0.8","true","false","false","true","717","15.636","422.31671827337385"
"4","0.3","true","false","false","true","597","26.74","608.0407042538791"
"1","0","true","false","false","true","757","6.5","846.8983274422861"
"6","0.5","true","false","false","true","649","24.52","505.3802015389229"
"3","0.2","true","false","false","true","553","25.48","695.976443371086"
"7","0.6","true","false","false","true","677","21.82","474.3225119273846"
"5","0.4","true","false","false","true","636","29.06","534.3657940932843"
"8","0.7","true","false","false","true","721","19.96","428.5410420935784"
"2","0.1","true","false","false","true","500","12.928","852.2727678907862"
"9","0.8","true","false","false","true","718","15.712","422.1627193206542"
"7","0.6","true","false","false","true","678","22.036","473.9113180805496"
"1","0","true","false","false","true","758","6.54","847.4107123059802"
"4","0.3","true","false","false","true","598","26.86","607.154800460836"
"6","0.5","true","false","false","true","650","24.356","505.6150143788223"
"3","0.2","true","false","false","true","554","25.624","695.8518040356691"
"5","0.4","true","false","false","true","637","29.436","533.535516251469"
"8","0.7","true","false","false","true","722","19.68","428.82278997668715"
"7","0.6","true","false","false","true","679","22.328","472.9397428584679"
"9","0.8","true","false","false","true","719","15.6","422.4207399652871"
"1","0","true","false","false","true","759","6.6","847.4918469960271"
"6","0.5","true","false","false","true","651","24.356","505.6354028850268"
"2","0.1","true","false","false","true","501","12.908","851.5620093155261"
"7","0.6","true","false","false","true","680","22.072","472.59690069121456"
"3","0.2","true","false","false","true","555","25.528","694.2371871725655"
"4","0.3","true","false","false","true","599","26.992","608.1096734986979"
"8","0.7","true","false","false","true","723","19.6","427.41802931672066"
"5","0.4","true","false","false","true","638","29.548","533.0592486029"
"9","0.8","true","false","false","true","720","15.744","422.6120658818889"
"6","0.5","true","false","false","true","652","24.272","505.26566273544915"
"7","0.6","true","false","false","true","681","22.164","471.6478559022295"
"1","0","true","false","false","true","760","6.524","845.4835516060987"
"4","0.3","true","false","false","true","600","26.86","607.4686603480786"
"8","0.7","true","false","false","true","724","19.98","427.85267469816023"
"5","0.4","true","false","false","true","639","29.544","533.4236192462133"
"3","0.2","true","false","false","true","556","25.576","693.3058076894889"
"2","0.1","true","false","false","true","502","13.012","852.566477564919"
"6","0.5","true","false","false","true","653","24.316","505.16069028654255"
"9","0.8","true","false","false","true","721","15.748","422.7196771638717"
"7","0.6","true","false","false","true","682","22","471.22984726832294"
"1","0","true","false","false","true","761","6.556","845.1210897069551"
"4","0.3","true","false","false","true","601","27.016","606.9861259070125"
"8","0.7","true","false","false","true","725","19.708","428.8324905929597"
"9","0.8","true","false","false","true","722","15.656","422.0125245623371"
"5","0.4","true","false","false","true","640","29.612","533.4248389229901"
"7","0.6","true","false","false","true","683","22.008","472.79627195406056"
"3","0.2","true","false","false","true","557","25.452","692.5646323449928"
"6","0.5","true","false","false","true","654","24.528","503.7177562887835"
"1","0","true","false","false","true","762","6.408","843.7715461912392"
"4","0.3","true","false","false","true","602","27.352","605.2025281603059"
"2","0.1","true","false","false","true","503","13.112","853.9533002408424"
"8","0.7","true","false","false","true","726","20.224","428.4737931269756"
"5","0.4","true","false","false","true","641","29.54","534.1501157585384"
"3","0.2","true","false","false","true","558","25.44","692.3607325966038"
"7","0.6","true","false","false","true","684","21.816","472.8809235884227"
"9","0.8","true","false","false","true","723","15.82","421.7245556251291"
"6","0.5","true","false","false","true","655","24.516","502.7297560464051"
"1","0","true","false","false","true","763","6.44","845.4325109819622"
"2","0.1","true","false","false","true","504","13.068","853.6568907954259"
"4","0.3","true","false","false","true","603","27.304","605.183279810728"
"7","0.6","true","false","false","true","685","22.032","473.70953346742965"
"8","0.7","true","false","false","true","727","19.932","428.1599153847788"
"5","0.4","true","false","false","true","642","30.06","533.8696904324698"
"3","0.2","true","false","false","true","559","25.488","691.1461077374883"
"6","0.5","true","false","false","true","656","24.504","503.0180890732633"
"9","0.8","true","false","false","true","724","15.944","421.4453378093467"
"4","0.3","true","false","false","true","604","27.232","606.5791295347744"
"5","0.4","true","false","false","true","643","29.972","535.3706020390888"
"1","0","true","false","false","true","764","6.484","844.8567750524785"
"6","0.5","true","false","false","true","657","24.76","501.8071634068513"
"7","0.6","true","false","false","true","686","22.036","472.3796345222761"
"2","0.1","true","false","false","true","505","13.26","852.8381138491826"
"8","0.7","true","false","false","true","728","19.956","427.2969178569547"
"4","0.3","true","false","false","true","605","27.296","606.6738757649558"
"3","0.2","true","false","false","true","560","25.456","689.8349063713738"
"5","0.4","true","false","false","true","644","29.64","536.6354644777635"
"9","0.8","true","false","false","true","725","15.776","421.53944416846576"
"1","0","true","false","false","true","765","6.38","843.2067892292692"
"7","0.6","true","false","false","true","687","21.808","471.56795211210357"
"6","0.5","true","false","false","true","658","24.916","500.40366028922114"
"4","0.3","true","false","false","true","606","27.156","606.9260884457077"
"8","0.7","true","false","false","true","729","20.036","428.35398067779175"
"6","0.5","true","false","false","true","659","24.86","500.99425591393265"
"2","0.1","true","false","false","true","506","13.14","854.4743950413866"
"3","0.2","true","false","false","true","561","25.304","688.7292236394297"
"5","0.4","true","false","false","true","645","29.808","536.5758388992994"
"9","0.8","true","false","false","true","726","15.832","420.5940580623071"
"1","0","true","false","false","true","766","6.416","846.6568596770807"
"7","0.6","true","false","false","true","688","22.16","470.5263529963558"
"3","0.2","true","false","false","true","562","25.356","687.1563104814451"
"8","0.7","true","false","false","true","730","20.424","427.78338435461995"
"6","0.5","true","false","false","true","660","24.456","502.53283892232366"
"1","0","true","false","false","true","767","6.496","845.898533827139"
"4","0.3","true","false","false","true","607","27.176","606.6701639074724"
"7","0.6","true","false","false","true","689","22.38","471.6391870179841"
"9","0.8","true","false","false","true","727","15.608","420.1875657770214"
"5","0.4","true","false","false","true","646","29.896","536.0054733305878"
"2","0.1","true","false","false","true","507","13.196","855.7677583011284"
"8","0.7","true","false","false","true","731","20.004","428.16410088780844"
"6","0.5","true","false","false","true","661","24.516","502.5955374864681"
"1","0","true","false","false","true","768","6.58","847.7007284741134"
"3","0.2","true","false","false","true","563","25.452","686.4809618261089"
"7","0.6","true","false","false","true","690","22.28","470.84546572898023"
"4","0.3","true","false","false","true","608","27.04","605.8995277825738"
"9","0.8","true","false","false","true","728","15.9","420.86860454369634"
"5","0.4","true","false","false","true","647","29.792","535.8650808626892"
"1","0","true","false","false","true","769","6.576","848.5620921049026"
"8","0.7","true","false","false","true","732","20.088","428.37116567249217"
"3","0.2","true","false","false","true","564","25.576","687.1877634072403"
"2","0.1","true","false","false","true","508","13.352","854.6731084893231"
"6","0.5","true","false","false","true","662","24.628","503.22433132701144"
"4","0.3","true","false","false","true","609","27.232","606.598063731114"
"1","0","true","false","false","true","770","6.62","848.2121107672316"
"7","0.6","true","false","false","true","691","21.952","471.49535933788934"
"9","0.8","true","false","false","true","729","15.812","420.938733099754"
"5","0.4","true","false","false","true","648","29.544","535.7183923050111"
"2","0.1","true","false","false","true","509","13.312","855.2005321562159"
"8","0.7","true","false","false","true","733","20.216","429.0381583745743"
"3","0.2","true","false","false","true","565","25.564","687.4137834444826"
"4","0.3","true","false","false","true","610","27.276","607.722418909447"
"6","0.5","true","false","false","true","663","24.796","504.20303094330706"
"9","0.8","true","false","false","true","730","15.864","421.33842276278114"
"1","0","true","false","false","true","771","6.56","847.1070294575765"
"7","0.6","true","false","false","true","692","22.264","472.48754192866187"
"5","0.4","true","false","false","true","649","29.64","536.7385448136583"
"8","0.7","true","false","false","true","734","20.32","429.7448689755388"
"6","0.5","true","false","false","true","664","24.544","503.84978751465286"
"3","0.2","true","false","false","true","566","25.692","687.9040224250602"
"2","0.1","true","false","false","true","510","13.532","853.503024792669"
"4","0.3","true","false","false","true","611","27.736","604.8921405941144"
"5","0.4","true","false","false","true","650","29.868","536.8992790733299"
"9","0.8","true","false","false","true","731","15.8","420.6874260779146"
"1","0","true","false","false","true","772","6.516","845.5455758677472"
"7","0.6","true","false","false","true","693","22.088","472.4638010129299"
"8","0.7","true","false","false","true","735","20.144","430.1200144237017"
"5","0.4","true","false","false","true","651","30.58","534.4480072132435"
"9","0.8","true","false","false","true","732","15.872","422.66685049954816"
"3","0.2","true","false","false","true","567","25.548","688.055315751001"
"7","0.6","true","false","false","true","694","22.576","471.4874379884717"
"2","0.1","true","false","false","true","511","13.4","852.2638306908029"
"6","0.5","true","false","false","true","665","24.836","503.1397995737888"
"4","0.3","true","false","false","true","612","27.62","605.0473288860603"
"5","0.4","true","false","false","true","652","30.608","534.4525510322352"
"1","0","true","false","false","true","773","6.528","845.3522466015525"
"6","0.5","true","false","false","true","666","25.136","502.7102635183097"
"9","0.8","true","false","false","true","733","16.052","422.3155954747078"
"7","0.6","true","false","false","true","695","22.272","470.6724876022586"
"8","0.7","true","false","false","true","736","20.164","429.0666982971052"
"3","0.2","true","false","false","true","568","25.368","687.908620852376"
"5","0.4","true","false","false","true","653","30.748","533.0969589926125"
"4","0.3","true","false","false","true","613","27.86","605.0046298854722"
"9","0.8","true","false","false","true","734","15.936","421.77977392132595"
"6","0.5","true","false","false","true","667","25.044","500.83746583733915"
"3","0.2","true","false","false","true","569","25.108","686.7600496121562"
"1","0","true","false","false","true","774","6.62","843.1518017464432"
"2","0.1","true","false","false","true","512","13.48","849.4746404433915"
"8","0.7","true","false","false","true","737","20.256","428.99450935886375"
"7","0.6","true","false","false","true","696","22.36","470.72964323271145"
"5","0.4","true","false","false","true","654","30.688","531.7650319779143"
"1","0","true","false","false","true","775","6.596","842.4259102092889"
"6","0.5","true","false","false","true","668","25.12","502.1316217360257"
"9","0.8","true","false","false","true","735","15.88","421.21506862167564"
"3","0.2","true","false","false","true","570","25.184","685.7934614580463"
"8","0.7","true","false","false","true","738","20.408","428.96205027178814"
"4","0.3","true","false","false","true","614","27.792","605.6862051572648"
"1","0","true","false","false","true","776","6.712","843.3693202611646"
"7","0.6","true","false","false","true","697","22.284","471.1888847137106"
"4","0.3","true","false","false","true","615","27.856","604.5730837741838"
"5","0.4","true","false","false","true","655","30.632","531.3800552782469"
"3","0.2","true","false","false","true","571","24.916","686.0676236002632"
"2","0.1","true","false","false","true","513","13.432","848.5211968681477"
"6","0.5","true","false","false","true","669","25.252","501.25278152982213"
"8","0.7","true","false","false","true","739","20.504","429.24171018956304"
"9","0.8","true","false","false","true","736","15.76","421.4867988442046"
"1","0","true","false","false","true","777","6.668","843.9425468818021"
"8","0.7","true","false","false","true","740","20.672","428.3507956009997"
"9","0.8","true","false","false","true","737","15.98","421.274209238871"
"7","0.6","true","false","false","true","698","22.096","471.26049682988935"
"4","0.3","true","false","false","true","616","27.768","602.9058177244706"
"2","0.1","true","false","false","true","514","13.52","846.466984936427"
"5","0.4","true","false","false","true","656","30.704","530.1688525746011"
"3","0.2","true","false","false","true","572","25.196","685.0958114195025"
"6","0.5","true","false","false","true","670","25.136","501.78794718600636"
"8","0.7","true","false","false","true","741","20.48","427.71091169341844"
"9","0.8","true","false","false","true","738","16.016","421.09454533610335"
"1","0","true","false","false","true","778","6.652","844.0008772727057"
"7","0.6","true","false","false","true","699","22.476","472.4376432109497"
"2","0.1","true","false","false","true","515","13.404","844.8790835878382"
"9","0.8","true","false","false","true","739","15.796","421.5889695209075"
"8","0.7","true","false","false","true","742","20.44","428.2356880547074"
"3","0.2","true","false","false","true","573","25.544","684.7022689797319"
"4","0.3","true","false","false","true","617","28.088","601.4019024360057"
"6","0.5","true","false","false","true","671","24.8","501.4334859672386"
"5","0.4","true","false","false","true","657","30.64","530.6519665164649"
"1","0","true","false","false","true","779","6.66","841.8618077288302"
"8","0.7","true","false","false","true","743","20.284","428.7243390469689"
"2","0.1","true","false","false","true","516","13.44","842.4229694569369"
"1","0","true","false","false","true","780","6.636","840.9313386152297"
"7","0.6","true","false","false","true","700","22.184","471.9291554817102"
"9","0.8","true","false","false","true","740","16.124","423.4338237875789"
"3","0.2","true","false","false","true","574","25.704","682.4670919483862"
"5","0.4","true","false","false","true","658","30.66","530.8097974347143"
"4","0.3","true","false","false","true","618","27.816","600.2741865118943"
"6","0.5","true","false","false","true","672","25.296","500.8213496652507"
"8","0.7","true","false","false","true","744","20.236","429.13161135626285"
"7","0.6","true","false","false","true","701","22.432","470.93472189355543"
"1","0","true","false","false","true","781","6.716","842.2999037455622"
"2","0.1","true","false","false","true","517","13.5","842.6340318855142"
"5","0.4","true","false","false","true","659","30.396","530.1348743623734"
"3","0.2","true","false","false","true","575","25.66","681.9520758067673"
"9","0.8","true","false","false","true","741","16.08","421.54909400114025"
"6","0.5","true","false","false","true","673","25.28","500.68778683343874"
"4","0.3","true","false","false","true","619","28.096","599.1419491430927"
"8","0.7","true","false","false","true","745","20.644","430.0476983307577"
"7","0.6","true","false","false","true","702","22.328","470.70253419224235"
"1","0","true","false","false","true","782","6.724","841.8825206170977"
"6","0.5","true","false","false","true","674","25.436","501.0470579572352"
"7","0.6","true","false","false","true","703","22.316","470.9302412233698"
"5","0.4","true","false","false","true","660","30.64","531.8707153341019"
"9","0.8","true","false","false","true","742","16.016","422.59321871134887"
"4","0.3","true","false","false","true","620","27.968","599.9140049812806"
"3","0.2","true","false","false","true","576","25.336","682.7074495756177"
"2","0.1","true","false","false","true","518","13.372","842.3342788199677"
"8","0.7","true","false","false","true","746","20.66","429.0880684579605"
"6","0.5","true","false","false","true","675","25.284","500.6777680875858"
"1","0","true","false","false","true","783","6.712","841.5997330123695"
"7","0.6","true","false","false","true","704","22.196","470.3592816267252"
"9","0.8","true","false","false","true","743","16.016","421.3641598725532"
"4","0.3","true","false","false","true","621","27.832","599.0870347829078"
"5","0.4","true","false","false","true","661","30.632","531.0840216224074"
"6","0.5","true","false","false","true","676","25.96","501.570176063738"
"8","0.7","true","false","false","true","747","20.228","428.218482939399"
"1","0","true","false","false","true","784","6.764","840.7983449516631"
"3","0.2","true","false","false","true","577","25.32","681.7005336124793"
"2","0.1","true","false","false","true","519","13.628","842.2883813222143"
"9","0.8","true","false","false","true","744","16.048","420.5402682862786"
"7","0.6","true","false","false","true","705","22.412","470.4596769760194"
"5","0.4","true","false","false","true","662","30.596","531.2867172423054"
"4","0.3","true","false","false","true","622","27.36","598.8422732549018"
"8","0.7","true","false","false","true","748","20.452","428.48372332892075"
"1","0","true","false","false","true","785","6.7","840.1406215244967"
"6","0.5","true","false","false","true","677","25.784","501.9837449298605"
"7","0.6","true","false","false","true","706","22.192","469.9907231825895"
"3","0.2","true","false","false","true","578","25.128","681.6747965914835"
"9","0.8","true","false","false","true","745","15.936","420.9936112445361"
"2","0.1","true","false","false","true","520","13.68","840.5856569096019"
"5","0.4","true","false","false","true","663","30.924","531.7836087699048"
"1","0","true","false","false","true","786","6.78","837.4694875940617"
"8","0.7","true","false","false","true","749","20.5","428.33074497499297"
"6","0.5","true","false","false","true","678","25.54","501.58774911043264"
"4","0.3","true","false","false","true","623","27.416","600.1051259100304"
"9","0.8","true","false","false","true","746","15.792","420.91471922506264"
"7","0.6","true","false","false","true","707","22.268","469.86072007708464"
"3","0.2","true","false","false","true","579","25.228","682.4851891869212"
"2","0.1","true","false","false","true","521","13.908","841.1819672381081"
"1","0","true","false","false","true","787","6.788","835.2936320398793"
"9","0.8","true","false","false","true","747","16.016","421.27915339053874"
"4","0.3","true","false","false","true","624","27.404","598.765579693985"
"5","0.4","true","false","false","true","664","30.436","533.1108364580135"
"8","0.7","true","false","false","true","750","20.532","427.566546666753"
"6","0.5","true","false","false","true","679","25.036","501.92687684291593"
"7","0.6","true","false","false","true","708","22.064","470.3594826102633"
"1","0","true","false","false","true","788","6.716","834.416103822135"
"8","0.7","true","false","false","true","751","20.504","428.4455530104473"
"5","0.4","true","false","false","true","665","30.352","531.8969543333067"
"6","0.5","true","false","false","true","680","24.856","501.4375663857453"
"9","0.8","true","false","false","true","748","15.72","422.2376962945194"
"4","0.3","true","false","false","true","625","27.444","601.1190991097732"
"3","0.2","true","false","false","true","580","25.16","683.9869226689773"
"2","0.1","true","false","false","true","522","13.724","839.3771716416763"
"7","0.6","true","false","false","true","709","22.384","469.89342997547544"
"3","0.2","true","false","false","true","581","25.312","683.7775803268567"
"8","0.7","true","false","false","true","752","20.296","427.759262042758"
"9","0.8","true","false","false","true","749","15.888","422.11027388524474"
"1","0","true","false","false","true","789","6.804","834.8856103960906"
"5","0.4","true","false","false","true","666","30.628","531.6273747703235"
"6","0.5","true","false","false","true","681","25.06","501.6723769750433"
"4","0.3","true","false","false","true","626","27.44","599.4539446787869"
"7","0.6","true","false","false","true","710","22.396","469.67006454067484"
"2","0.1","true","false","false","true","523","13.544","837.8499622001362"
"3","0.2","true","false","false","true","582","25.348","682.6934514570022"
"9","0.8","true","false","false","true","750","15.74","422.48276078800876"
"8","0.7","true","false","false","true","753","20.524","428.06145653256493"
"1","0","true","false","false","true","790","6.76","834.6125939635391"
"5","0.4","true","false","false","true","667","30.732","531.2566376768242"
"6","0.5","true","false","false","true","682","25.468","501.2411804851883"
"4","0.3","true","false","false","true","627","27.556","598.505525593207"
"3","0.2","true","false","false","true","583","25.396","683.3274359495365"
"7","0.6","true","false","false","true","711","22.264","469.76129792731825"
"8","0.7","true","false","false","true","754","20.244","428.26812590789825"
"9","0.8","true","false","false","true","751","15.888","421.88567669063156"
"1","0","true","false","false","true","791","6.648","834.1468421646503"
"2","0.1","true","false","false","true","524","13.632","836.7032612929797"
"5","0.4","true","false","false","true","668","30.936","531.8007350412936"
"6","0.5","true","false","false","true","683","25.284","500.43785164925896"
"4","0.3","true","false","false","true","628","27.74","599.0243306979382"
"1","0","true","false","false","true","792","6.68","833.2127125251969"
"9","0.8","true","false","false","true","752","15.716","421.7996735510359"
"8","0.7","true","false","false","true","755","20.276","427.3360684411951"
"3","0.2","true","false","false","true","584","25.196","682.5606954036627"
"5","0.4","true","false","false","true","669","30.784","531.3334143531995"
"7","0.6","true","false","false","true","712","22.144","469.367897168835"
"1","0","true","false","false","true","793","6.744","831.1148390634622"
"2","0.1","true","false","false","true","525","13.524","836.0314216592908"
"6","0.5","true","false","false","true","684","25.576","501.1066972979479"
"8","0.7","true","false","false","true","756","20.452","427.4630024482629"
"9","0.8","true","false","false","true","753","15.856","422.5895914921088"
"4","0.3","true","false","false","true","629","27.952","599.5246211386415"
"5","0.4","true","false","false","true","670","30.676","530.8946775518729"
"7","0.6","true","false","false","true","713","22.16","468.2244733908194"
"3","0.2","true","false","false","true","585","25.696","681.7969016849953"
"1","0","true","false","false","true","794","6.752","829.4491503680988"
"2","0.1","true","false","false","true","526","13.248","836.8471194556104"
"8","0.7","true","false","false","true","757","20.316","428.1209779907988"
"6","0.5","true","false","false","true","685","25.396","502.1477645931473"
"9","0.8","true","false","false","true","754","15.984","422.3954798960677"
"4","0.3","true","false","false","true","630","28.084","600.544552962741"
"5","0.4","true","false","false","true","671","31.128","530.9525158430481"
"7","0.6","true","false","false","true","714","22.188","468.52122450217473"
"3","0.2","true","false","false","true","586","25.772","681.4307783335461"
"1","0","true","false","false","true","795","6.76","830.1459621340101"
"6","0.5","true","false","false","true","686","25.12","501.1168468078471"
"7","0.6","true","false","false","true","715","22.096","467.61426620209136"
"8","0.7","true","false","false","true","758","20.288","428.1532021881999"
"9","0.8","true","false","false","true","755","15.948","421.0035726866002"
"2","0.1","true","false","false","true","527","13.252","834.4795782683639"
"4","0.3","true","false","false","true","631","27.856","599.7387003688797"
"5","0.4","true","false","false","true","672","30.82","530.7179625829297"
"1","0","true","false","false","true","796","6.704","828.9424248279738"
"3","0.2","true","false","false","true","587","25.624","681.884754473234"
"6","0.5","true","false","false","true","687","25.22","500.97483976102205"
"7","0.6","true","false","false","true","716","22.164","467.4802919204379"
"8","0.7","true","false","false","true","759","20.404","427.55899970010654"
"5","0.4","true","false","false","true","673","30.616","530.2912073493605"
"9","0.8","true","false","false","true","756","15.86","421.68075684645265"
"3","0.2","true","false","false","true","588","25.4","681.2400891298951"
"4","0.3","true","false","false","true","632","28.164","599.4109066002947"
"1","0","true","false","false","true","797","6.748","828.006891997725"
"8","0.7","true","false","false","true","760","20.632","427.6179189501229"
"6","0.5","true","false","false","true","688","25.436","500.84643918428253"
"2","0.1","true","false","false","true","528","13.316","834.925663916491"
"5","0.4","true","false","false","true","674","30.508","530.4853579660728"
"7","0.6","true","false","false","true","717","22.596","466.8122406254014"
"9","0.8","true","false","false","true","757","15.928","421.59059425921026"
"4","0.3","true","false","false","true","633","28.308","600.0420173146156"
"3","0.2","true","false","false","true","589","25.232","681.4406896961622"
"8","0.7","true","false","false","true","761","20.32","428.67494818289765"
"1","0","true","false","false","true","798","6.632","827.3804259115301"
"5","0.4","true","false","false","true","675","30.48","531.4151687967519"
"6","0.5","true","false","false","true","689","25.164","500.620638065591"
"7","0.6","true","false","false","true","718","22.628","466.16104462143403"
"2","0.1","true","false","false","true","529","13.312","834.5304033949205"
"9","0.8","true","false","false","true","758","15.728","422.19168639066686"
"1","0","true","false","false","true","799","6.624","826.0676318293935"
"4","0.3","true","false","false","true","634","28.06","598.1428993941547"
"8","0.7","true","false","false","true","762","20.508","427.943492430108"
"5","0.4","true","false","false","true","676","30.708","531.2713728914779"
"7","0.6","true","false","false","true","719","22.256","468.6050839921471"
"3","0.2","true","false","false","true","590","25.252","682.074192796483"
"6","0.5","true","false","false","true","690","25.468","498.2168264825582"
"1","0","true","false","false","true","800","6.628","824.5086173929529"
"4","0.3","true","false","false","true","635","27.852","597.9876077873627"
"8","0.7","true","false","false","true","763","20.156","428.2668210560357"
"9","0.8","true","false","false","true","759","15.84","421.2207780570219"
"2","0.1","true","false","false","true","530","13.224","834.7400298550299"
"5","0.4","true","false","false","true","677","30.644","531.6561874874936"
"7","0.6","true","false","false","true","720","22.064","468.87073530071393"
"3","0.2","true","false","false","true","591","25.164","681.7842613991203"
"1","0","true","false","false","true","801","6.64","822.4774671073042"
"6","0.5","true","false","false","true","691","25.328","499.4622044766425"
"9","0.8","true","false","false","true","760","15.74","421.41077640339824"
"8","0.7","true","false","false","true","764","20.152","427.5519136493566"
"4","0.3","true","false","false","true","636","28.14","597.8060708625617"
"5","0.4","true","false","false","true","678","31.088","531.6932136184279"
"7","0.6","true","false","false","true","721","22.124","468.38079586870623"
"3","0.2","true","false","false","true","592","25.456","680.5402319519343"
"8","0.7","true","false","false","true","765","20.364","427.5477884515859"
"1","0","true","false","false","true","802","6.6","820.7670361065128"
"2","0.1","true","false","false","true","531","13.292","833.9147548417893"
"6","0.5","true","false","false","true","692","25.192","499.804172735755"
"9","0.8","true","false","false","true","761","15.624","421.6468394254208"
"4","0.3","true","false","false","true","637","27.92","597.6823958944556"
"5","0.4","true","false","false","true","679","31.28","531.317915120214"
"7","0.6","true","false","false","true","722","22.1","469.25798767251575"
"1","0","true","false","false","true","803","6.656","820.7937104258731"
"8","0.7","true","false","false","true","766","20.468","428.0469660311869"
"3","0.2","true","false","false","true","593","25.568","678.6740498380046"
"6","0.5","true","false","false","true","693","24.712","499.7076197413121"
"9","0.8","true","false","false","true","762","15.72","421.70994658193007"
"4","0.3","true","false","false","true","638","28.044","596.7221319318519"
"2","0.1","true","false","false","true","532","13.348","835.6166559370981"
"5","0.4","true","false","false","true","680","31.232","531.921297373353"
"7","0.6","true","false","false","true","723","22.192","469.6823711828748"
"1","0","true","false","false","true","804","6.568","820.6716013024707"
"8","0.7","true","false","false","true","767","20.532","427.5316819568368"
"6","0.5","true","false","false","true","694","25.18","499.43406775953014"
"3","0.2","true","false","false","true","594","25.304","680.3758796317939"
"9","0.8","true","false","false","true","763","15.588","421.4729622357177"
"5","0.4","true","false","false","true","681","30.932","533.3963552292512"
"4","0.3","true","false","false","true","639","27.788","597.9380838873888"
"7","0.6","true","false","false","true","724","22.252","468.28776335252076"
"2","0.1","true","false","false","true","533","13.484","835.5352653871479"
"1","0","true","false","false","true","805","6.5","819.6827276374547"
"8","0.7","true","false","false","true","768","20.372","426.6571250190749"
"5","0.4","true","false","false","true","682","31.056","532.8584714240976"
"9","0.8","true","false","false","true","764","15.708","421.320529343279"
"6","0.5","true","false","false","true","695","25.08","498.7630959191484"
"4","0.3","true","false","false","true","640","27.94","598.5200346434011"
"3","0.2","true","false","false","true","595","25.396","679.7865355892021"
"1","0","true","false","false","true","806","6.492","817.7566996120195"
"7","0.6","true","false","false","true","725","22.46","468.4516657317773"
"2","0.1","true","false","false","true","534","13.18","834.2795144035624"
"8","0.7","true","false","false","true","769","20.54","426.9484738669736"
"9","0.8","true","false","false","true","765","15.752","422.1353036457825"
"6","0.5","true","false","false","true","696","25.22","498.9042582954756"
"5","0.4","true","false","false","true","683","31.24","533.6748396790762"
"4","0.3","true","false","false","true","641","27.824","599.192855014633"
"1","0","true","false","false","true","807","6.544","817.2064529648852"
"7","0.6","true","false","false","true","726","22.476","467.214277008074"
"3","0.2","true","false","false","true","596","25.4","680.5718380980088"
"8","0.7","true","false","false","true","770","20.308","426.1626029941713"
"9","0.8","true","false","false","true","766","15.552","421.6886189887537"
"2","0.1","true","false","false","true","535","13.2","834.8011770534024"
"6","0.5","true","false","false","true","697","25.64","498.73876766350577"
"4","0.3","true","false","false","true","642","28.184","598.5020698698434"
"5","0.4","true","false","false","true","684","30.94","534.6597840298894"
"7","0.6","true","false","false","true","727","22.392","466.4917767336372"
"3","0.2","true","false","false","true","597","25.412","679.6781544195734"
"8","0.7","true","false","false","true","771","20.356","426.5947945979041"
"1","0","true","false","false","true","808","6.664","814.9950296094253"
"9","0.8","true","false","false","true","767","15.588","421.8628191526409"
"4","0.3","true","false","false","true","643","27.992","600.3477101695951"
"7","0.6","true","false","false","true","728","22.38","466.60620114635503"
"6","0.5","true","false","false","true","698","25.508","497.8754590088801"
"8","0.7","true","false","false","true","772","20.532","425.8911474026461"
"5","0.4","true","false","false","true","685","31.14","533.4956438397011"
"2","0.1","true","false","false","true","536","13.392","834.7858481203647"
"1","0","true","false","false","true","809","6.64","815.4351892320694"
"3","0.2","true","false","false","true","598","25.376","681.0475760096376"
"9","0.8","true","false","false","true","768","15.66","421.3234438406483"
"4","0.3","true","false","false","true","644","28.048","599.4413706310936"
"6","0.5","true","false","false","true","699","25.296","498.6621522433488"
"7","0.6","true","false","false","true","729","22.272","466.53523757660713"
"1","0","true","false","false","true","810","6.712","816.8043082172304"
"8","0.7","true","false","false","true","773","20.196","425.7478995356022"
"5","0.4","true","false","false","true","686","30.98","533.236981221994"
"2","0.1","true","false","false","true","537","13.476","832.9770491146315"
"3","0.2","true","false","false","true","599","25.284","680.0140777847332"
"9","0.8","true","false","false","true","769","15.692","422.0032868562658"
"8","0.7","true","false","false","true","774","20.292","425.972633959392"
"1","0","true","false","false","true","811","6.6","816.6333837527222"
"4","0.3","true","false","false","true","645","27.956","599.8393468405327"
"6","0.5","true","false","false","true","700","25.236","497.56171087150204"
"7","0.6","true","false","false","true","730","22.164","466.53933763140697"
"5","0.4","true","false","false","true","687","30.988","533.4311358747473"
"3","0.2","true","false","false","true","600","24.996","681.2976050597919"
"8","0.7","true","false","false","true","775","20.212","427.0523684712684"
"9","0.8","true","false","false","true","770","15.524","421.9683889680105"
"2","0.1","true","false","false","true","538","13.296","833.2790321809593"
"1","0","true","false","false","true","812","6.548","815.493651548075"
"3","0.2","true","false","false","true","601","24.784","680.234474576269"
"5","0.4","true","false","false","true","688","30.808","532.6802476768618"
"6","0.5","true","false","false","true","701","25.096","498.01126334141446"
"7","0.6","true","false","false","true","731","22.304","467.1833186850759"
"4","0.3","true","false","false","true","646","27.596","600.0543230096168"
"8","0.7","true","false","false","true","776","19.908","427.5194080886449"
"9","0.8","true","false","false","true","771","15.68","421.51096102675564"
"3","0.2","true","false","false","true","602","24.98","680.1780106135487"
"1","0","true","false","false","true","813","6.604","816.9736893439355"
"5","0.4","true","false","false","true","689","30.816","533.0985139306522"
"8","0.7","true","false","false","true","777","20.02","427.475424344784"
"7","0.6","true","false","false","true","732","22.408","465.6637639476036"
"6","0.5","true","false","false","true","702","25.324","498.0334842151859"
"2","0.1","true","false","false","true","539","13.408","830.3031211144973"
"4","0.3","true","false","false","true","647","27.656","600.79353491792"
"9","0.8","true","false","false","true","772","15.628","421.2037283497058"
"1","0","true","false","false","true","814","6.692","815.2069408242488"
"3","0.2","true","false","false","true","603","24.944","681.0360015185739"
"8","0.7","true","false","false","true","778","20.092","426.3480606186933"
"5","0.4","true","false","false","true","690","30.508","532.8552028508423"
"7","0.6","true","false","false","true","733","22.172","465.1503825774657"
"4","0.3","true","false","false","true","648","27.44","602.38869543528"
"6","0.5","true","false","false","true","703","25.508","498.24332244531365"
"1","0","true","false","false","true","815","6.732","814.9157628609051"
"9","0.8","true","false","false","true","773","15.504","421.49817531251387"
"2","0.1","true","false","false","true","540","13.468","828.2018615472947"
"8","0.7","true","false","false","true","779","19.968","426.6691751990447"
"3","0.2","true","false","false","true","604","25.216","681.7456474618348"
"5","0.4","true","false","false","true","691","31","532.4925834404085"
"4","0.3","true","false","false","true","649","27.428","602.3633083504245"
"7","0.6","true","false","false","true","734","22.388","465.44889280561455"
"1","0","true","false","false","true","816","6.704","814.6788069832849"
"6","0.5","true","false","false","true","704","25.556","498.1525041911873"
"9","0.8","true","false","false","true","774","15.592","421.98961027841256"
"8","0.7","true","false","false","true","780","20.524","425.5513961081011"
"5","0.4","true","false","false","true","692","31.128","532.4610765261957"
"4","0.3","true","false","false","true","650","27.48","602.5588583088507"
"1","0","true","false","false","true","817","6.824","813.3946158649072"
"3","0.2","true","false","false","true","605","25.5","682.215817767025"
"9","0.8","true","false","false","true","775","15.752","421.5355489377013"
"2","0.1","true","false","false","true","541","13.588","828.6810655659991"
"7","0.6","true","false","false","true","735","22.276","467.445379316995"
"6","0.5","true","false","false","true","705","25.584","496.3484795044389"
"8","0.7","true","false","false","true","781","20.588","425.4591987225421"
"5","0.4","true","false","false","true","693","30.844","532.2544845497805"
"1","0","true","false","false","true","818","6.716","811.0947504629439"
"4","0.3","true","false","false","true","651","27.34","601.9993478693322"
"9","0.8","true","false","false","true","776","15.608","421.74699347152034"
"8","0.7","true","false","false","true","782","20.504","424.98167110923487"
"1","0","true","false","false","true","819","6.716","811.4738603660844"
"3","0.2","true","false","false","true","606","25.38","681.2418996496478"
"7","0.6","true","false","false","true","736","22.176","467.71407587103675"
"9","0.8","true","false","false","true","777","15.648","422.35888703370284"
"6","0.5","true","false","false","true","706","25.652","495.7933550761641"
"5","0.4","true","false","false","true","694","30.796","532.4658511047262"
"2","0.1","true","false","false","true","542","13.772","829.2088963824616"
"4","0.3","true","false","false","true","652","27.424","601.3747413434135"
"1","0","true","false","false","true","820","6.752","811.0487854587618"
"8","0.7","true","false","false","true","783","20.62","425.7587483992423"
"7","0.6","true","false","false","true","737","22.272","466.8765378644977"
"9","0.8","true","false","false","true","778","15.684","421.4062958842251"
"3","0.2","true","false","false","true","607","25.652","680.4355327157477"
"1","0","true","false","false","true","821","6.792","810.940943912386"
"6","0.5","true","false","false","true","707","25.944","495.0955124980587"
"4","0.3","true","false","false","true","653","27.328","600.8592771998564"
"5","0.4","true","false","false","true","695","30.572","532.1975311446475"
"8","0.7","true","false","false","true","784","20.54","426.2418568837246"
"2","0.1","true","false","false","true","543","13.748","830.2506521745497"
"1","0","true","false","false","true","822","6.724","810.3119881798054"
"7","0.6","true","false","false","true","738","22.312","467.35783342206446"
"5","0.4","true","false","false","true","696","30.532","532.5687313068371"
"4","0.3","true","false","false","true","654","27.368","600.7356462832282"
"9","0.8","true","false","false","true","779","15.692","420.63150586971295"
"8","0.7","true","false","false","true","785","20.652","426.7138287383933"
"3","0.2","true","false","false","true","608","25.736","679.5342468489025"
"6","0.5","true","false","false","true","708","25.588","495.46019938083344"
"8","0.7","true","false","false","true","786","20.384","426.7852565664743"
"1","0","true","false","false","true","823","6.736","809.7471065653847"
"6","0.5","true","false","false","true","709","25.896","497.1813377954049"
"7","0.6","true","false","false","true","739","22.244","466.48575752057155"
"5","0.4","true","false","false","true","697","30.772","532.6864700600846"
"2","0.1","true","false","false","true","544","13.66","828.2561671490303"
"9","0.8","true","false","false","true","780","15.916","421.40309067042716"
"4","0.3","true","false","false","true","655","27.756","600.3157315920467"
"3","0.2","true","false","false","true","609","25.872","678.8406548759075"
"8","0.7","true","false","false","true","787","20.376","426.4605693837874"
"7","0.6","true","false","false","true","740","22.188","465.7348575286954"
"1","0","true","false","false","true","824","6.62","808.1369158538868"
"6","0.5","true","false","false","true","710","25.684","496.2290791469717"
"9","0.8","true","false","false","true","781","15.92","420.77343050449474"
"5","0.4","true","false","false","true","698","31.04","532.3494457456869"
"4","0.3","true","false","false","true","656","27.42","599.9077775830804"
"8","0.7","true","false","false","true","788","20.52","427.20047033324806"
"3","0.2","true","false","false","true","610","25.604","678.7791942450266"
"2","0.1","true","false","false","true","545","13.456","827.8371646736267"
"7","0.6","true","false","false","true","741","22.06","465.58535553346"
"1","0","true","false","false","true","825","6.728","807.9235990913402"
"6","0.5","true","false","false","true","711","25.456","497.1049801847815"
"8","0.7","true","false","false","true","789","20.564","424.6663231783399"
"3","0.2","true","false","false","true","611","25.904","678.3103189078662"
"9","0.8","true","false","false","true","782","15.98","420.55264708224297"
"5","0.4","true","false","false","true","699","30.84","530.2983365678054"
"4","0.3","true","false","false","true","657","27.5","599.7131033755608"
"7","0.6","true","false","false","true","742","22.04","467.3221180099842"
"1","0","true","false","false","true","826","6.596","806.528628619478"
"2","0.1","true","false","false","true","546","13.36","828.3139949185775"
"8","0.7","true","false","false","true","790","20.896","424.8789544135956"
"6","0.5","true","false","false","true","712","25.284","497.4930059774651"
"3","0.2","true","false","false","true","612","26.016","677.1570874192457"
"9","0.8","true","false","false","true","783","15.86","420.735071891528"
"4","0.3","true","false","false","true","658","27.64","599.865744526867"
"7","0.6","true","false","false","true","743","21.992","467.1682265123507"
"5","0.4","true","false","false","true","700","30.488","528.7145039834464"
"1","0","true","false","false","true","827","6.596","805.2235598402267"
"2","0.1","true","false","false","true","547","13.296","826.6464611299443"
"6","0.5","true","false","false","true","713","25.624","497.7939033713924"
"8","0.7","true","false","false","true","791","20.516","425.1950370854506"
"9","0.8","true","false","false","true","784","15.924","420.6323111791943"
"7","0.6","true","false","false","true","744","22.468","467.27987145550054"
"3","0.2","true","false","false","true","613","25.84","675.7929172262967"
"5","0.4","true","false","false","true","701","30.736","529.6574737652794"
"1","0","true","false","false","true","828","6.656","805.3114433354133"
"4","0.3","true","false","false","true","659","27.92","599.6210660154442"
"6","0.5","true","false","false","true","714","25.696","497.9844299860855"
"2","0.1","true","false","false","true","548","13.56","827.6856828523755"
"7","0.6","true","false","false","true","745","22.288","467.59789990468755"
"8","0.7","true","false","false","true","792","20.556","425.41135926709666"
"1","0","true","false","false","true","829","6.664","804.735737094093"
"9","0.8","true","false","false","true","785","15.996","420.36665660553075"
"4","0.3","true","false","false","true","660","27.948","599.2026169276108"
"5","0.4","true","false","false","true","702","30.792","529.9111423698442"
"3","0.2","true","false","false","true","614","26.064","674.0307522075344"
"6","0.5","true","false","false","true","715","25.864","497.5943580828555"
"7","0.6","true","false","false","true","746","22.328","466.95914438316277"
"9","0.8","true","false","false","true","786","16.044","421.2041514087676"
"8","0.7","true","false","false","true","793","20.584","426.5611609094151"
"4","0.3","true","false","false","true","661","28.188","599.4498773783016"
"2","0.1","true","false","false","true","549","13.584","828.2501138680786"
"1","0","true","false","false","true","830","6.748","805.3784779780223"
"5","0.4","true","false","false","true","703","30.772","530.4769528468984"
"3","0.2","true","false","false","true","615","25.656","672.8598583113486"
"4","0.3","true","false","false","true","662","28.144","598.8281079095458"
"7","0.6","true","false","false","true","747","22.516","466.96324747671645"
"9","0.8","true","false","false","true","787","16.044","420.1720238951246"
"6","0.5","true","false","false","true","716","25.388","495.5901523688032"
"1","0","true","false","false","true","831","6.744","807.2971701865445"
"8","0.7","true","false","false","true","794","20.636","425.9134677597882"
"2","0.1","true","false","false","true","550","13.552","826.1432584033948"
"5","0.4","true","false","false","true","704","30.916","530.8220131804378"
"6","0.5","true","false","false","true","717","25.428","495.0293123335175"
"1","0","true","false","false","true","832","6.732","806.7444342086452"
"3","0.2","true","false","false","true","616","25.628","672.9105432779169"
"9","0.8","true","false","false","true","788","16.048","420.3675635508539"
"7","0.6","true","false","false","true","748","22.472","467.43292135825516"
"4","0.3","true","false","false","true","663","28.272","598.9634270306972"
"8","0.7","true","false","false","true","795","20.484","425.8049116626155"
"5","0.4","true","false","false","true","705","30.884","531.0299733790075"
"1","0","true","false","false","true","833","6.84","804.0892464001695"
"6","0.5","true","false","false","true","718","25.656","494.8746267956614"
"2","0.1","true","false","false","true","551","13.76","826.390818617985"
"9","0.8","true","false","false","true","789","15.96","419.83991826943065"
"8","0.7","true","false","false","true","796","20.328","425.7225964130365"
"7","0.6","true","false","false","true","749","22.22","467.2703670727575"
"6","0.5","true","false","false","true","719","25.796","495.39935591286456"
"3","0.2","true","false","false","true","617","26.08","672.4166842505576"
"4","0.3","true","false","false","true","664","28.62","599.2310783131564"
"1","0","true","false","false","true","834","6.928","803.6118817922627"
"2","0.1","true","false","false","true","552","14.024","829.1929195859367"
"5","0.4","true","false","false","true","706","30.86","530.2194230963777"
"9","0.8","true","false","false","true","790","16.092","420.3146500886475"
"8","0.7","true","false","false","true","797","20.4","425.930884978003"
"4","0.3","true","false","false","true","665","28.728","599.6117767283929"
"7","0.6","true","false","false","true","750","22.256","468.69429463899866"
"1","0","true","false","false","true","835","6.836","802.7385408559547"
"6","0.5","true","false","false","true","720","26.172","494.8805526597715"
"3","0.2","true","false","false","true","618","26.076","671.3370976380759"
"9","0.8","true","false","false","true","791","15.86","419.82617379879025"
"5","0.4","true","false","false","true","707","30.876","529.9983933081634"
"8","0.7","true","false","false","true","798","20.556","425.6061848915429"
"7","0.6","true","false","false","true","751","22.4","467.4769387935872"
"1","0","true","false","false","true","836","6.892","802.5590809219232"
"4","0.3","true","false","false","true","666","28.768","599.0916677200996"
"2","0.1","true","false","false","true","553","13.724","827.982660058506"
"6","0.5","true","false","false","true","721","26.144","495.260908339627"
"3","0.2","true","false","false","true","619","26.024","671.0255352400865"
"8","0.7","true","false","false","true","799","20.472","425.0988198331853"
"9","0.8","true","false","false","true","792","16.056","420.54703653583334"
"7","0.6","true","false","false","true","752","22.468","467.50981689373486"
"5","0.4","true","false","false","true","708","30.904","529.7827700699196"
"8","0.7","true","false","false","true","800","20.696","425.3322513886617"
"3","0.2","true","false","false","true","620","26.176","671.0213687541091"
"1","0","true","false","false","true","837","6.828","803.943492292709"
"4","0.3","true","false","false","true","667","28.804","599.7090284878167"
"6","0.5","true","false","false","true","722","26.104","494.52524415704903"
"2","0.1","true","false","false","true","554","13.844","829.4947606002634"
"7","0.6","true","false","false","true","753","22.896","467.6514094912816"
"9","0.8","true","false","false","true","793","16.148","419.65863940583046"
"5","0.4","true","false","false","true","709","31.116","529.1236247312794"
"1","0","true","false","false","true","838","6.816","804.7942720126632"
"8","0.7","true","false","false","true","801","20.624","424.76520024450747"
"3","0.2","true","false","false","true","621","26.312","671.4912941817379"
"4","0.3","true","false","false","true","668","28.748","599.9200474684974"
"6","0.5","true","false","false","true","723","25.82","495.516457464065"
"9","0.8","true","false","false","true","794","16.076","420.0875657065145"
"1","0","true","false","false","true","839","6.864","803.218057525569"
"5","0.4","true","false","false","true","710","30.94","528.4333980502219"
"7","0.6","true","false","false","true","754","22.496","468.74711221494766"
"3","0.2","true","false","false","true","622","26.628","671.4420092678599"
"2","0.1","true","false","false","true","555","13.568","828.5857639643444"
"8","0.7","true","false","false","true","802","20.94","424.82997047305787"
"4","0.3","true","false","false","true","669","28.636","600.0572010373729"
"9","0.8","true","false","false","true","795","16.004","419.31506685189214"
"6","0.5","true","false","false","true","724","25.768","494.9589063817138"
"1","0","true","false","false","true","840","6.84","803.3288687247216"
"8","0.7","true","false","false","true","803","20.572","424.3490221533847"
"5","0.4","true","false","false","true","711","30.832","530.0179931794577"
"7","0.6","true","false","false","true","755","22.364","468.5150414523584"
"9","0.8","true","false","false","true","796","16.072","419.7333668185806"
"1","0","true","false","false","true","841","6.816","803.2963374220852"
"3","0.2","true","false","false","true","623","26.588","671.581304839415"
"4","0.3","true","false","false","true","670","28.524","598.3662883886738"
"6","0.5","true","false","false","true","725","25.212","495.64252991119935"
"2","0.1","true","false","false","true","556","13.328","827.6160968919366"
"5","0.4","true","false","false","true","712","30.996","530.0102372331501"
"8","0.7","true","false","false","true","804","20.544","423.46108130725673"
"7","0.6","true","false","false","true","756","22.2","469.0904595879281"
"1","0","true","false","false","true","842","6.784","803.2547652430937"
"9","0.8","true","false","false","true","797","16.096","420.0187321523595"
"3","0.2","true","false","false","true","624","26.596","671.2873821052916"
"8","0.7","true","false","false","true","805","20.54","424.2689494627195"
"6","0.5","true","false","false","true","726","25.648","494.6654967161833"
"4","0.3","true","false","false","true","671","28.176","599.217808481845"
"7","0.6","true","false","false","true","757","22.584","469.1618368573155"
"5","0.4","true","false","false","true","713","31.132","528.9127471506581"
"1","0","true","false","false","true","843","6.7","803.7978853059082"
"2","0.1","true","false","false","true","557","13.42","826.5311763969825"
"9","0.8","true","false","false","true","798","16","420.07495014567365"
"3","0.2","true","false","false","true","625","26.42","668.9336403729334"
"6","0.5","true","false","false","true","727","25.512","495.62348588837364"
"5","0.4","true","false","false","true","714","31.712","529.6258071132797"
"8","0.7","true","false","false","true","806","20.608","423.9432726341899"
"1","0","true","false","false","true","844","6.648","801.9029485185952"
"7","0.6","true","false","false","true","758","22.608","469.29959717075803"
"4","0.3","true","false","false","true","672","28.332","598.9073752808415"
"3","0.2","true","false","false","true","626","26.672","669.7259953819812"
"6","0.5","true","false","false","true","728","25.648","495.3663034440271"
"9","0.8","true","false","false","true","799","16.04","419.389989470477"
"5","0.4","true","false","false","true","715","31.448","528.5926064436974"
"2","0.1","true","false","false","true","558","13.524","827.0971385278538"
"1","0","true","false","false","true","845","6.66","799.2033263367867"
"8","0.7","true","false","false","true","807","20.492","424.65819183034426"
"3","0.2","true","false","false","true","627","26.448","669.4029021688197"
"7","0.6","true","false","false","true","759","22.28","468.33834034362616"
"4","0.3","true","false","false","true","673","27.776","597.2737553684017"
"6","0.5","true","false","false","true","729","25.864","496.0834067637314"
"1","0","true","false","false","true","846","6.644","800.0649901584571"
"2","0.1","true","false","false","true","559","13.64","826.8314300855966"
"5","0.4","true","false","false","true","716","31.38","531.1700597747604"
"9","0.8","true","false","false","true","800","16.052","419.6247406069782"
"3","0.2","true","false","false","true","628","26.268","670.0442330583487"
"8","0.7","true","false","false","true","808","20.5","424.16383288563907"
"4","0.3","true","false","false","true","674","28.268","597.083315951853"
"7","0.6","true","false","false","true","760","22.34","468.105066259269"
"6","0.5","true","false","false","true","730","26.032","496.1175343343534"
"1","0","true","false","false","true","847","6.788","798.9586412760995"
"3","0.2","true","false","false","true","629","26.156","667.8659640019001"
"5","0.4","true","false","false","true","717","31.212","530.8790456508965"
"9","0.8","true","false","false","true","801","16.152","419.53746336568236"
"2","0.1","true","false","false","true","560","13.544","827.4037783689828"
"8","0.7","true","false","false","true","809","20.568","423.57513102528566"
"1","0","true","false","false","true","848","6.872","797.900963018826"
"4","0.3","true","false","false","true","675","28.348","597.7544465937741"
"7","0.6","true","false","false","true","761","22.032","469.1137891394352"
"5","0.4","true","false","false","true","718","31.408","530.2918466328993"
"6","0.5","true","false","false","true","731","26.048","495.12605537119566"
"3","0.2","true","false","false","true","630","26.112","667.2377997346451"
"1","0","true","false","false","true","849","6.78","796.9648264093581"
"9","0.8","true","false","false","true","802","16.116","420.9158071162818"
"8","0.7","true","false","false","true","810","20.744","423.46221445056307"
"6","0.5","true","false","false","true","732","25.96","495.7713010265604"
"4","0.3","true","false","false","true","676","28.348","598.5267066378465"
"7","0.6","true","false","false","true","762","22.216","470.11674386584326"
"1","0","true","false","false","true","850","6.8","795.8723960085007"
"2","0.1","true","false","false","true","561","13.548","825.5344466493327"
"5","0.4","true","false","false","true","719","31.24","529.2293279707097"
"3","0.2","true","false","false","true","631","26.472","666.4124946002833"
"1","0","true","false","false","true","851","6.768","796.1210864816204"
"9","0.8","true","false","false","true","803","16.156","419.43497068735724"
"6","0.5","true","false","false","true","733","25.936","496.0278573492499"
"7","0.6","true","false","false","true","763","22.444","467.92577260614263"
"8","0.7","true","false","false","true","811","20.76","422.3406306794246"
"1","0","true","false","false","true","852","6.768","796.097127184791"
"4","0.3","true","false","false","true","677","28.348","598.9187018167318"
"5","0.4","true","false","false","true","720","31.064","528.8594342685446"
"3","0.2","true","false","false","true","632","26.408","666.4422019887203"
"7","0.6","true","false","false","true","764","22.304","469.0736962211781"
"9","0.8","true","false","false","true","804","15.976","419.30438167422443"
"6","0.5","true","false","false","true","734","26.112","495.4627502718842"
"2","0.1","true","false","false","true","562","13.596","824.7256947371415"
"5","0.4","true","false","false","true","721","31.472","526.8921400855016"
"8","0.7","true","false","false","true","812","21.38","422.74054129656815"
"1","0","true","false","false","true","853","7.072","796.4491774376063"
"7","0.6","true","false","false","true","765","22.392","469.1682775143017"
"4","0.3","true","false","false","true","678","28.1","598.8415993874768"
"3","0.2","true","false","false","true","633","26.656","667.0395248670275"
"2","0.1","true","false","false","true","563","13.504","823.8929788432854"
"8","0.7","true","false","false","true","813","20.86","424.1968813005389"
"9","0.8","true","false","false","true","805","15.948","420.3426338395325"
"6","0.5","true","false","false","true","735","25.916","494.59059604396367"
"1","0","true","false","false","true","854","6.888","796.3040698696125"
"5","0.4","true","false","false","true","722","31.824","525.8318529343428"
"4","0.3","true","false","false","true","679","28.032","599.3358830818617"
"7","0.6","true","false","false","true","766","22.46","469.28293062537114"
"8","0.7","true","false","false","true","814","21.176","423.31391535202215"
"2","0.1","true","false","false","true","564","13.6","822.5121522196237"
"3","0.2","true","false","false","true","634","26.376","667.2515886222476"
"9","0.8","true","false","false","true","806","15.992","419.83420216530925"
"6","0.5","true","false","false","true","736","25.952","495.25133030754085"
"7","0.6","true","false","false","true","767","22.784","468.57656192651973"
"5","0.4","true","false","false","true","723","31.752","526.7063936807887"
"1","0","true","false","false","true","855","6.732","796.7456921175534"
"2","0.1","true","false","false","true","565","13.376","820.2543202728394"
"8","0.7","true","false","false","true","815","21.032","424.1594199460833"
"4","0.3","true","false","false","true","680","28.156","598.2372001469021"
"7","0.6","true","false","false","true","768","22.652","467.6569900412683"
"5","0.4","true","false","false","true","724","31.668","528.0131385985159"
"3","0.2","true","false","false","true","635","26.572","666.7013495577382"
"9","0.8","true","false","false","true","807","16.076","419.68323584064444"
"2","0.1","true","false","false","true","566","13.712","819.1665073568158"
"1","0","true","false","false","true","856","6.748","796.2090562877765"
"6","0.5","true","false","false","true","737","26.012","495.7994645515625"
"4","0.3","true","false","false","true","681","27.964","597.7240248374499"
"8","0.7","true","false","false","true","816","21.148","423.6157696487787"
"7","0.6","true","false","false","true","769","22.404","469.6605488044301"
"5","0.4","true","false","false","true","725","31.516","527.4936668723245"
"4","0.3","true","false","false","true","682","27.988","596.1757230021706"
"1","0","true","false","false","true","857","6.712","796.049177800112"
"7","0.6","true","false","false","true","770","22.4","469.16827145966494"
"2","0.1","true","false","false","true","567","13.656","817.0501963028617"
"9","0.8","true","false","false","true","808","16.116","420.3977160442508"
"6","0.5","true","false","false","true","738","26.3","495.31086360217387"
"3","0.2","true","false","false","true","636","26.604","666.8307684758413"
"1","0","true","false","false","true","858","6.788","794.5328886541837"
"8","0.7","true","false","false","true","817","21.324","424.2455456421235"
"7","0.6","true","false","false","true","771","22.388","468.7936838951849"
"5","0.4","true","false","false","true","726","31.204","526.6569358562654"
"1","0","true","false","false","true","859","6.792","794.4215354190856"
"4","0.3","true","false","false","true","683","27.9","596.3436015836284"
"2","0.1","true","false","false","true","568","13.756","814.6903785329712"
"6","0.5","true","false","false","true","739","25.788","495.0732116759228"
"9","0.8","true","false","false","true","809","16.116","420.6133961367791"
"1","0","true","false","false","true","860","6.804","794.0144111306001"
"8","0.7","true","false","false","true","818","21.008","423.4253287667494"
"3","0.2","true","false","false","true","637","26.52","666.0786440535173"
"7","0.6","true","false","false","true","772","22.316","468.45899861642414"
"4","0.3","true","false","false","true","684","28.052","596.3568964268127"
"5","0.4","true","false","false","true","727","31.376","527.3511659107553"
"9","0.8","true","false","false","true","810","16.116","420.9074017413245"
"2","0.1","true","false","false","true","569","13.6","814.2256947895576"
"1","0","true","false","false","true","861","6.752","795.8730402156918"
"6","0.5","true","false","false","true","740","26.168","494.13194915052634"
"5","0.4","true","false","false","true","728","31.192","526.1984056056071"
"8","0.7","true","false","false","true","819","21.296","423.6586876060246"
"7","0.6","true","false","false","true","773","22.116","468.80622038028645"
"3","0.2","true","false","false","true","638","26.328","664.8569482745353"
"4","0.3","true","false","false","true","685","28.24","595.5312320547764"
"9","0.8","true","false","false","true","811","16.12","421.14568920511306"
"5","0.4","true","false","false","true","729","31.264","525.8703972064238"
"2","0.1","true","false","false","true","570","13.604","812.1911644521102"
"1","0","true","false","false","true","862","6.788","794.5606961994248"
"6","0.5","true","false","false","true","741","25.872","493.9056307348132"
"8","0.7","true","false","false","true","820","21.28","422.91126295866235"
"3","0.2","true","false","false","true","639","26.4","664.6187393672266"
"7","0.6","true","false","false","true","774","22.144","469.4598794584557"
"4","0.3","true","false","false","true","686","28.208","595.665302587709"
"5","0.4","true","false","false","true","730","31.58","525.7172811412034"
"9","0.8","true","false","false","true","812","16.06","421.17206236871306"
"3","0.2","true","false","false","true","640","26.764","663.6743050070861"
"1","0","true","false","false","true","863","6.82","792.8805216622978"
"8","0.7","true","false","false","true","821","20.892","424.1317253751005"
"2","0.1","true","false","false","true","571","13.376","810.3397157619708"
"4","0.3","true","false","false","true","687","28.292","595.4202088013693"
"6","0.5","true","false","false","true","742","26.02","495.41949651788315"
"7","0.6","true","false","false","true","775","22.312","469.3836592692919"
"3","0.2","true","false","false","true","641","26.688","663.687738650911"
"1","0","true","false","false","true","864","6.788","792.05623257244"
"5","0.4","true","false","false","true","731","31.692","525.8718419575057"
"8","0.7","true","false","false","true","822","21.064","424.0770294414302"
"9","0.8","true","false","false","true","813","16.148","421.19135812674773"
"3","0.2","true","false","false","true","642","26.664","663.8635012410706"
"4","0.3","true","false","false","true","688","28.232","596.5451015334711"
"6","0.5","true","false","false","true","743","25.9","495.09281849343665"
"1","0","true","false","false","true","865","6.668","790.6026001981389"
"7","0.6","true","false","false","true","776","22.208","469.20256707990654"
"2","0.1","true","false","false","true","572","13.364","809.0478057929657"
"8","0.7","true","false","false","true","823","21.012","423.9670932408631"
"3","0.2","true","false","false","true","643","27.156","663.1283199794933"
"1","0","true","false","false","true","866","6.852","787.8399526226499"
"5","0.4","true","false","false","true","732","31.608","527.0415465563908"
"9","0.8","true","false","false","true","814","15.948","421.2867029687469"
"7","0.6","true","false","false","true","777","22.152","468.9778000263627"
"8","0.7","true","false","false","true","824","21.02","423.9504068401943"
"4","0.3","true","false","false","true","689","28.232","595.0838196530057"
"6","0.5","true","false","false","true","744","26.084","493.9789815333465"
"1","0","true","false","false","true","867","6.792","787.8855316527047"
"8","0.7","true","false","false","true","825","20.98","423.092075028413"
"5","0.4","true","false","false","true","733","31.212","526.4945732165816"
"2","0.1","true","false","false","true","573","13.28","808.7608221693248"
"3","0.2","true","false","false","true","644","27.136","662.8921332142748"
"6","0.5","true","false","false","true","745","25.752","493.99533642808507"
"9","0.8","true","false","false","true","815","16.18","421.0074504879722"
"7","0.6","true","false","false","true","778","22.192","469.485782494777"
"8","0.7","true","false","false","true","826","21.324","422.2936014075706"
"1","0","true","false","false","true","868","6.756","788.6334389513818"
"4","0.3","true","false","false","true","690","28.428","593.3212513907454"
"5","0.4","true","false","false","true","734","31.692","526.940892438691"
"7","0.6","true","false","false","true","779","21.984","469.49221423694155"
"6","0.5","true","false","false","true","746","25.716","494.70154139296307"
"4","0.3","true","false","false","true","691","28.472","593.6351734468976"
"3","0.2","true","false","false","true","645","27.144","663.2702057452514"
"9","0.8","true","false","false","true","816","16.124","421.3958892421845"
"8","0.7","true","false","false","true","827","21.38","422.2564399128119"
"1","0","true","false","false","true","869","6.688","789.2309084998228"
"5","0.4","true","false","false","true","735","31.508","527.2656456201832"
"2","0.1","true","false","false","true","574","13.536","808.4934217690385"
"7","0.6","true","false","false","true","780","21.836","469.52854513747354"
"9","0.8","true","false","false","true","817","16.252","420.99411872132947"
"6","0.5","true","false","false","true","747","25.944","494.5276731304656"
"5","0.4","true","false","false","true","736","31.328","525.5000850444368"
"1","0","true","false","false","true","870","6.712","787.8148989211628"
"4","0.3","true","false","false","true","692","28.348","593.2047346209278"
"3","0.2","true","false","false","true","646","27.296","662.9802326976392"
"8","0.7","true","false","false","true","828","21.384","422.846212133804"
"6","0.5","true","false","false","true","748","26.028","495.5216994843652"
"7","0.6","true","false","false","true","781","22.092","470.05762561978673"
"2","0.1","true","false","false","true","575","13.484","808.3509038826277"
"9","0.8","true","false","false","true","818","16.292","420.347763848114"
"1","0","true","false","false","true","871","6.764","788.015966825808"
"5","0.4","true","false","false","true","737","31.544","525.0389045979546"
"3","0.2","true","false","false","true","647","27.216","662.1504163589897"
"8","0.7","true","false","false","true","829","21.508","423.3557769832526"
"4","0.3","true","false","false","true","693","28.328","592.0704323363859"
"6","0.5","true","false","false","true","749","26.372","495.2012462820339"
"1","0","true","false","false","true","872","6.648","787.1363979603591"
"7","0.6","true","false","false","true","782","22.42","470.5518924879073"
"3","0.2","true","false","false","true","648","27.104","661.4172295372866"
"9","0.8","true","false","false","true","819","15.92","421.33345142981767"
"5","0.4","true","false","false","true","738","31.04","525.284727830163"
"6","0.5","true","false","false","true","750","26.256","494.6124594242442"
"2","0.1","true","false","false","true","576","13.756","809.2338108986379"
"8","0.7","true","false","false","true","830","21.744","422.34453622306467"
"1","0","true","false","false","true","873","6.588","787.0292741049043"
"4","0.3","true","false","false","true","694","28.496","590.4143071418574"
"7","0.6","true","false","false","true","783","22.348","470.04007505246557"
"3","0.2","true","false","false","true","649","27.492","662.1929769459916"
"6","0.5","true","false","false","true","751","26.428","494.43975796267506"
"9","0.8","true","false","false","true","820","16.068","420.5329646411014"
"4","0.3","true","false","false","true","695","28.46","590.8342020799975"
"7","0.6","true","false","false","true","784","21.956","468.97112522513567"
"5","0.4","true","false","false","true","739","31.188","526.9589144774836"
"1","0","true","false","false","true","874","6.716","786.3053902045395"
"8","0.7","true","false","false","true","831","21.292","423.2269502840781"
"3","0.2","true","false","false","true","650","27.284","661.6338066168124"
"2","0.1","true","false","false","true","577","13.828","809.0789897174066"
"6","0.5","true","false","false","true","752","26.76","493.8802666261307"
"8","0.7","true","false","false","true","832","21.32","422.6299406000517"
"1","0","true","false","false","true","875","6.664","785.0197956655667"
"9","0.8","true","false","false","true","821","16.168","422.32375608800595"
"5","0.4","true","false","false","true","740","31.48","527.3061545115391"
"7","0.6","true","false","false","true","785","22.108","468.32596455417143"
"4","0.3","true","false","false","true","696","28.436","591.3109925487169"
"8","0.7","true","false","false","true","833","21.46","423.70720671440165"
"1","0","true","false","false","true","876","6.7","784.1979786568686"
"3","0.2","true","false","false","true","651","27.368","661.0827656874587"
"6","0.5","true","false","false","true","753","26.3","493.52067819937184"
"2","0.1","true","false","false","true","578","13.924","808.3470183545838"
"9","0.8","true","false","false","true","822","15.952","420.5257365640377"
"7","0.6","true","false","false","true","786","22.348","467.40993574994616"
"5","0.4","true","false","false","true","741","31.452","526.0355784902536"
"4","0.3","true","false","false","true","697","28.292","590.5252295413268"
"1","0","true","false","false","true","877","6.752","782.5727890581111"
"8","0.7","true","false","false","true","834","21.368","423.0285200941205"
"6","0.5","true","false","false","true","754","26.24","493.7247344163627"
"9","0.8","true","false","false","true","823","16.024","420.9374041901074"
"3","0.2","true","false","false","true","652","27.352","660.1741378120761"
"7","0.6","true","false","false","true","787","22.388","466.3526631187578"
"5","0.4","true","false","false","true","742","31.312","526.999266072501"
"2","0.1","true","false","false","true","579","13.964","808.3888796126959"
"1","0","true","false","false","true","878","6.788","781.136040055614"
"4","0.3","true","false","false","true","698","28.36","590.0326905200458"
"9","0.8","true","false","false","true","824","15.988","420.29964085808894"
"6","0.5","true","false","false","true","755","26.296","494.8473771468917"
"8","0.7","true","false","false","true","835","21.372","423.6270345718279"
"7","0.6","true","false","false","true","788","22.308","465.88733802740654"
"3","0.2","true","false","false","true","653","27.692","658.4582162993432"
"1","0","true","false","false","true","879","6.82","780.5899080026644"
"5","0.4","true","false","false","true","743","31.896","526.0228424852515"
"4","0.3","true","false","false","true","699","28.132","589.6268531116898"
"2","0.1","true","false","false","true","580","13.948","809.5281975316354"
"6","0.5","true","false","false","true","756","25.82","494.16060758299494"
"7","0.6","true","false","false","true","789","22.216","466.54909222562236"
"8","0.7","true","false","false","true","836","21.42","423.240426397802"
"9","0.8","true","false","false","true","825","16.228","419.96820279917"
"1","0","true","false","false","true","880","6.804","779.0132597867919"
"3","0.2","true","false","false","true","654","27.736","658.8383322266901"
"4","0.3","true","false","false","true","700","27.944","589.7080078484619"
"5","0.4","true","false","false","true","744","31.124","526.625018644566"
"7","0.6","true","false","false","true","790","22.188","466.2902413630444"
"1","0","true","false","false","true","881","6.876","780.1164156473948"
"6","0.5","true","false","false","true","757","25.676","494.002422907675"
"8","0.7","true","false","false","true","837","21.46","423.64148549516005"
"2","0.1","true","false","false","true","581","13.864","810.147021093716"
"9","0.8","true","false","false","true","826","15.888","420.7071945668911"
"3","0.2","true","false","false","true","655","27.688","657.5742260964544"
"4","0.3","true","false","false","true","701","27.944","589.2029614611744"
"1","0","true","false","false","true","882","6.892","778.7005400956716"
"5","0.4","true","false","false","true","745","31.152","526.420721209433"
"7","0.6","true","false","false","true","791","22.28","467.1159890313389"
"6","0.5","true","false","false","true","758","25.956","494.2243688432447"
"8","0.7","true","false","false","true","838","21.464","423.3862327847679"
"9","0.8","true","false","false","true","827","15.976","419.66603868728384"
"4","0.3","true","false","false","true","702","28.028","588.8894150206526"
"1","0","true","false","false","true","883","6.824","779.6819833377466"
"6","0.5","true","false","false","true","759","26.016","493.6288816156704"
"7","0.6","true","false","false","true","792","22.348","468.3379435924886"
"8","0.7","true","false","false","true","839","21.248","423.947259327786"
"3","0.2","true","false","false","true","656","27.596","657.6518844120598"
"2","0.1","true","false","false","true","582","13.876","809.6707694596786"
"5","0.4","true","false","false","true","746","31.424","527.2923048467363"
"9","0.8","true","false","false","true","828","15.904","420.5573303991564"
"6","0.5","true","false","false","true","760","26.056","493.1985384767646"
"4","0.3","true","false","false","true","703","28.192","587.3618179563123"
"1","0","true","false","false","true","884","6.86","778.8985154159873"
"8","0.7","true","false","false","true","840","21.32","424.2256051518918"
"7","0.6","true","false","false","true","793","22.46","466.7639537464269"
"5","0.4","true","false","false","true","747","31.04","526.1082485009955"
"3","0.2","true","false","false","true","657","27.368","656.9145903489145"
"9","0.8","true","false","false","true","829","15.904","420.7365943376327"
"2","0.1","true","false","false","true","583","13.936","809.0987418118249"
"6","0.5","true","false","false","true","761","26.192","493.6340032652243"
"1","0","true","false","false","true","885","6.796","778.060492772521"
"4","0.3","true","false","false","true","704","27.86","586.2966706967591"
"8","0.7","true","false","false","true","841","21.312","422.45161680207156"
"7","0.6","true","false","false","true","794","22.6","466.60223761473486"
"9","0.8","true","false","false","true","830","15.972","420.426678855703"
"5","0.4","true","false","false","true","748","31.276","526.361475204416"
"1","0","true","false","false","true","886","6.692","777.0285775404133"
"3","0.2","true","false","false","true","658","27.068","654.5802151936629"
"6","0.5","true","false","false","true","762","26.108","493.7527664938982"
"2","0.1","true","false","false","true","584","14.036","807.011787011829"
"4","0.3","true","false","false","true","705","27.764","586.2460123170221"
"8","0.7","true","false","false","true","842","21.644","423.3870419421555"
"5","0.4","true","false","false","true","749","31.416","526.6550204495687"
"7","0.6","true","false","false","true","795","22.668","466.2013110217068"
"9","0.8","true","false","false","true","831","16.008","421.54908060352085"
"1","0","true","false","false","true","887","6.784","777.8987146308671"
"3","0.2","true","false","false","true","659","27.32","654.5775278096096"
"4","0.3","true","false","false","true","706","27.972","586.2883684477715"
"6","0.5","true","false","false","true","763","26.044","493.42967891934575"
"1","0","true","false","false","true","888","6.68","776.4097550385145"
"8","0.7","true","false","false","true","843","21.472","422.4272809272344"
"5","0.4","true","false","false","true","750","31.768","524.7948585219424"
"2","0.1","true","false","false","true","585","14.116","805.4978920484386"
"7","0.6","true","false","false","true","796","22.584","465.66384221106614"
"9","0.8","true","false","false","true","832","16.072","420.0417494969642"
"3","0.2","true","false","false","true","660","27.204","654.9729440101296"
"1","0","true","false","false","true","889","6.56","775.6584967267977"
"4","0.3","true","false","false","true","707","28.092","586.9038288805496"
"6","0.5","true","false","false","true","764","26.052","493.0181671975767"
"7","0.6","true","false","false","true","797","22.78","466.1839953885705"
"8","0.7","true","false","false","true","844","21.636","422.8599168480602"
"5","0.4","true","false","false","true","751","31.728","525.913444890951"
"9","0.8","true","false","false","true","833","16.264","419.70881383143546"
"1","0","true","false","false","true","890","6.632","775.9264591495381"
"2","0.1","true","false","false","true","586","14.116","803.7399393810994"
"3","0.2","true","false","false","true","661","27.02","654.7914742674243"
"6","0.5","true","false","false","true","765","26.252","492.69489115213906"
"4","0.3","true","false","false","true","708","28.428","587.1350817163296"
"8","0.7","true","false","false","true","845","21.86","423.59209252555905"
"7","0.6","true","false","false","true","798","22.704","466.88752063386295"
"9","0.8","true","false","false","true","834","16.288","420.2919147593325"
"1","0","true","false","false","true","891","6.564","775.5585041741871"
"5","0.4","true","false","false","true","752","31.76","526.5833715187938"
"6","0.5","true","false","false","true","766","26.112","493.04131055811285"
"3","0.2","true","false","false","true","662","27.04","653.6274136217545"
"2","0.1","true","false","false","true","587","14.328","802.8607958215607"
"4","0.3","true","false","false","true","709","28.224","586.7534279029538"
"8","0.7","true","false","false","true","846","21.668","423.95022513389006"
"7","0.6","true","false","false","true","799","22.588","467.5103868355959"
"1","0","true","false","false","true","892","6.668","774.1966505769152"
"9","0.8","true","false","false","true","835","15.956","420.80807444792674"
"5","0.4","true","false","false","true","753","31.852","526.339641778497"
"6","0.5","true","false","false","true","767","26.348","493.378136526465"
"3","0.2","true","false","false","true","663","27.124","654.2776999095679"
"8","0.7","true","false","false","true","847","21.7","423.10083836657424"
"1","0","true","false","false","true","893","6.748","773.3548745657216"
"9","0.8","true","false","false","true","836","16.168","421.31845964594703"
"4","0.3","true","false","false","true","710","28.28","586.8057484554004"
"7","0.6","true","false","false","true","800","22.448","467.0393119891184"
"5","0.4","true","false","false","true","754","31.868","525.5760022440364"
"2","0.1","true","false","false","true","588","14.356","800.687678507738"
"6","0.5","true","false","false","true","768","26.072","492.7232451418046"
"3","0.2","true","false","false","true","664","26.936","654.7224427234867"
"4","0.3","true","false","false","true","711","28.444","586.6731312518195"
"1","0","true","false","false","true","894","6.836","772.6372938934733"
"9","0.8","true","false","false","true","837","16.192","421.73288876843696"
"8","0.7","true","false","false","true","848","21.772","422.4098297094166"
"7","0.6","true","false","false","true","801","22.544","466.0914885192994"
"5","0.4","true","false","false","true","755","32.284","525.9275045643932"
"6","0.5","true","false","false","true","769","26.168","493.6436705235654"
"8","0.7","true","false","false","true","849","21.472","422.48552893493905"
"2","0.1","true","false","false","true","589","14.196","800.5816086257474"
"1","0","true","false","false","true","895","6.796","772.1239160231061"
"3","0.2","true","false","false","true","665","26.976","653.533265058452"
"9","0.8","true","false","false","true","838","16.224","420.98722771449894"
"7","0.6","true","false","false","true","802","22.232","466.29190562492374"
"5","0.4","true","false","false","true","756","32.064","526.626800484546"
"8","0.7","true","false","false","true","850","21.46","422.09721649967236"
"1","0","true","false","false","true","896","6.796","772.3993370593968"
"4","0.3","true","false","false","true","712","28.04","587.1193996472955"
"6","0.5","true","false","false","true","770","26.172","491.50285942275883"
"2","0.1","true","false","false","true","590","14.288","800.4768559196889"
"9","0.8","true","false","false","true","839","16.044","420.15301356988084"
"3","0.2","true","false","false","true","666","26.952","652.5133815374222"
"5","0.4","true","false","false","true","757","31.5","526.484403305358"
"7","0.6","true","false","false","true","803","22.692","466.0329046429862"
"1","0","true","false","false","true","897","6.668","773.0040397561652"
"8","0.7","true","false","false","true","851","21.732","422.13795358643523"
"4","0.3","true","false","false","true","713","28.48","587.6093218142587"
"6","0.5","true","false","false","true","771","26.324","493.03813682212035"
"9","0.8","true","false","false","true","840","16.216","420.77889149394315"
"5","0.4","true","false","false","true","758","31.472","525.1260686846387"
"2","0.1","true","false","false","true","591","14.276","802.3014709090507"
"3","0.2","true","false","false","true","667","26.936","651.8534562619365"
"7","0.6","true","false","false","true","804","22.736","466.0249906414401"
"8","0.7","true","false","false","true","852","21.416","421.6862013438861"
"1","0","true","false","false","true","898","6.66","770.7523388003539"
"6","0.5","true","false","false","true","772","26.08","493.86629401543325"
"4","0.3","true","false","false","true","714","28.776","587.898428550508"
"9","0.8","true","false","false","true","841","16.26","421.0671555602532"
"5","0.4","true","false","false","true","759","32.008","525.1099351886165"
"2","0.1","true","false","false","true","592","14.148","800.2210443437469"
"8","0.7","true","false","false","true","853","21.508","421.7629432907935"
"7","0.6","true","false","false","true","805","22.324","466.70830992079965"
"1","0","true","false","false","true","899","6.716","769.9434377092907"
"6","0.5","true","false","false","true","773","26.288","493.9974062167401"
"9","0.8","true","false","false","true","842","16.06","421.1289699282786"
"3","0.2","true","false","false","true","668","26.76","651.1506272915061"
"5","0.4","true","false","false","true","760","32.456","523.6417447929733"
"4","0.3","true","false","false","true","715","28.492","588.8263067463265"
"1","0","true","false","false","true","900","6.576","770.0725896743954"
"2","0.1","true","false","false","true","593","14.196","799.3741192325261"
"8","0.7","true","false","false","true","854","21.68","421.77864413054925"
"7","0.6","true","false","false","true","806","22.532","467.51906778433727"
"5","0.4","true","false","false","true","761","31.972","524.0545773800956"
"4","0.3","true","false","false","true","716","29.012","588.0879487846328"
"9","0.8","true","false","false","true","843","16.008","420.6190233663318"
"3","0.2","true","false","false","true","669","26.672","650.3162143720103"
"6","0.5","true","false","false","true","774","26.144","494.16723855292963"
"1","0","true","false","false","true","901","6.44","770.131084474462"
"8","0.7","true","false","false","true","855","21.556","421.23672685041544"
"2","0.1","true","false","false","true","594","14.4","798.3085061498477"
"5","0.4","true","false","false","true","762","31.792","523.9350115641886"
"7","0.6","true","false","false","true","807","22.66","467.04277693607025"
"1","0","true","false","false","true","902","6.552","769.8240298239768"
"9","0.8","true","false","false","true","844","16.012","420.8288813701261"
"6","0.5","true","false","false","true","775","26.624","493.0662818329879"
"4","0.3","true","false","false","true","717","29.048","587.4264811581511"
"3","0.2","true","false","false","true","670","26.996","650.9504546647177"
"8","0.7","true","false","false","true","856","21.324","421.80680701025284"
"5","0.4","true","false","false","true","763","31.948","524.8337813968077"
"7","0.6","true","false","false","true","808","22.508","465.87963141921875"
"1","0","true","false","false","true","903","6.524","771.5155972855191"
"3","0.2","true","false","false","true","671","27.38","650.450089926322"
"2","0.1","true","false","false","true","595","14.128","797.433847322169"
"9","0.8","true","false","false","true","845","16.084","421.49784246769127"
"6","0.5","true","false","false","true","776","26.348","494.2437180548027"
"5","0.4","true","false","false","true","764","31.572","524.8273606633434"
"8","0.7","true","false","false","true","857","21.968","421.05367795066417"
"4","0.3","true","false","false","true","718","29.028","586.7733829277936"
"3","0.2","true","false","false","true","672","27.672","651.7412163564688"
"1","0","true","false","false","true","904","6.56","772.7467721960533"
"8","0.7","true","false","false","true","858","21.76","421.39269676588094"
"7","0.6","true","false","false","true","809","22.624","465.9626062838171"
"2","0.1","true","false","false","true","596","14.208","795.7101097213911"
"9","0.8","true","false","false","true","846","16.008","419.71038355774186"
"5","0.4","true","false","false","true","765","31.98","524.5250487116493"
"6","0.5","true","false","false","true","777","26.72","494.91691310851917"
"4","0.3","true","false","false","true","719","29.152","586.6456970475759"
"1","0","true","false","false","true","905","6.56","771.2653048939744"
"7","0.6","true","false","false","true","810","22.704","466.1448041142662"
"9","0.8","true","false","false","true","847","16.184","420.3058019289006"
"6","0.5","true","false","false","true","778","26.6","495.9583900468288"
"5","0.4","true","false","false","true","766","31.996","524.7645206628869"
"8","0.7","true","false","false","true","859","21.792","420.8214147942776"
"3","0.2","true","false","false","true","673","27.816","651.4554511041489"
"2","0.1","true","false","false","true","597","14.008","795.7645962189413"
"1","0","true","false","false","true","906","6.608","769.7571599142174"
"9","0.8","true","false","false","true","848","16.424","419.87763051095203"
"7","0.6","true","false","false","true","811","22.908","464.81430310848225"
"8","0.7","true","false","false","true","860","21.184","421.9184627681192"
"4","0.3","true","false","false","true","720","29.184","585.9243071249558"
"6","0.5","true","false","false","true","779","26.588","495.10094633815334"
"5","0.4","true","false","false","true","767","32.18","524.5312033514839"
"8","0.7","true","false","false","true","861","21.196","421.98301785559914"
"3","0.2","true","false","false","true","674","27.74","651.1664201879381"
"2","0.1","true","false","false","true","598","13.936","793.0325434910949"
"1","0","true","false","false","true","907","6.568","769.4021441566097"
"9","0.8","true","false","false","true","849","16.464","419.363758239506"
"7","0.6","true","false","false","true","812","22.688","465.6264629098588"
"4","0.3","true","false","false","true","721","29.212","583.8854726690053"
"8","0.7","true","false","false","true","862","21.364","421.86272981979636"
"1","0","true","false","false","true","908","6.676","768.1079656977105"
"6","0.5","true","false","false","true","780","26.932","494.5748406843494"
"5","0.4","true","false","false","true","768","32.2","522.6502583118045"
"3","0.2","true","false","false","true","675","27.512","651.3373567584478"
"9","0.8","true","false","false","true","850","16.308","419.19662572351865"
"2","0.1","true","false","false","true","599","14.016","793.4434356587141"
"7","0.6","true","false","false","true","813","22.596","465.5195743771088"
"1","0","true","false","false","true","909","6.632","765.7204384466214"
"4","0.3","true","false","false","true","722","28.964","583.5550785159348"
"8","0.7","true","false","false","true","863","21.564","421.2857527323268"
"3","0.2","true","false","false","true","676","27.612","651.2011447052719"
"6","0.5","true","false","false","true","781","26.92","495.180421724749"
"9","0.8","true","false","false","true","851","16.34","420.17773999431273"
"5","0.4","true","false","false","true","769","32.056","522.3496008556089"
"2","0.1","true","false","false","true","600","14.22","791.8705101755844"
"7","0.6","true","false","false","true","814","22.42","465.5287123916702"
"4","0.3","true","false","false","true","723","29.14","582.069727513501"
"8","0.7","true","false","false","true","864","21.44","421.9560639303334"
"9","0.8","true","false","false","true","852","16.148","420.67346851891057"
"6","0.5","true","false","false","true","782","26.8","494.4672513356065"
"5","0.4","true","false","false","true","770","32.14","522.4182052015802"
"3","0.2","true","false","false","true","677","27.708","649.9737522574401"
"1","0","true","false","false","true","910","6.616","766.4269425614508"
"7","0.6","true","false","false","true","815","22.96","465.678663852544"
"5","0.4","true","false","false","true","771","32.152","522.1123940384997"
"6","0.5","true","false","false","true","783","26.444","494.46783714053896"
"9","0.8","true","false","false","true","853","16.22","420.77190927369645"
"8","0.7","true","false","false","true","865","21.304","421.3176261215956"
"4","0.3","true","false","false","true","724","29.176","583.4470234958842"
"2","0.1","true","false","false","true","601","14.244","788.7809370092583"
"1","0","true","false","false","true","911","6.588","767.0744312314031"
"3","0.2","true","false","false","true","678","28.132","648.1947133943534"
"7","0.6","true","false","false","true","816","23.02","466.32413165956336"
"6","0.5","true","false","false","true","784","26.696","493.7493506036765"
"5","0.4","true","false","false","true","772","31.944","521.4910187437227"
"9","0.8","true","false","false","true","854","16.272","421.1199711629532"
"8","0.7","true","false","false","true","866","21.34","421.7591267395154"
"4","0.3","true","false","false","true","725","29.08","583.4398115665977"
"3","0.2","true","false","false","true","679","27.68","647.5996844414609"
"1","0","true","false","false","true","912","6.556","766.7464530049324"
"2","0.1","true","false","false","true","602","14.188","788.9453758507274"
"7","0.6","true","false","false","true","817","22.98","466.79905641281033"
"6","0.5","true","false","false","true","785","26.716","493.6510010975259"
"5","0.4","true","false","false","true","773","31.992","523.1147276856757"
"9","0.8","true","false","false","true","855","16.1","422.0451906352864"
"8","0.7","true","false","false","true","867","21.748","421.3766881777557"
"1","0","true","false","false","true","913","6.396","765.8662647195994"
"4","0.3","true","false","false","true","726","29.168","581.4189956754158"
"3","0.2","true","false","false","true","680","27.924","647.1117868379209"
"7","0.6","true","false","false","true","818","22.796","465.8171386244851"
"6","0.5","true","false","false","true","786","26.604","493.37150173034314"
"2","0.1","true","false","false","true","603","14.012","789.2762212584668"
"5","0.4","true","false","false","true","774","32.232","523.8865291787837"
"9","0.8","true","false","false","true","856","16.304","420.70457944563714"
"8","0.7","true","false","false","true","868","21.708","420.51423639808115"
"1","0","true","false","false","true","914","6.388","765.8551359106715"
"4","0.3","true","false","false","true","727","29.256","580.4411477454512"
"3","0.2","true","false","false","true","681","28.144","645.9742854208399"
"7","0.6","true","false","false","true","819","22.944","465.2532701077834"
"6","0.5","true","false","false","true","787","26.568","493.4241721836892"
"2","0.1","true","false","false","true","604","14.16","790.1554397739523"
"5","0.4","true","false","false","true","775","32.544","522.6111320849924"
"1","0","true","false","false","true","915","6.48","766.5990799675002"
"9","0.8","true","false","false","true","857","16.16","422.33359320506025"
"8","0.7","true","false","false","true","869","21.752","420.585262426175"
"4","0.3","true","false","false","true","728","29.432","581.1442321527035"
"6","0.5","true","false","false","true","788","26.808","494.406287552838"
"3","0.2","true","false","false","true","682","28.1","645.3611812825392"
"7","0.6","true","false","false","true","820","23.208","465.6967241342927"
"5","0.4","true","false","false","true","776","32.124","522.2409015218333"
"1","0","true","false","false","true","916","6.548","765.6170308593634"
"9","0.8","true","false","false","true","858","16.08","421.27253394415345"
"8","0.7","true","false","false","true","870","22.04","420.76054823325836"
"2","0.1","true","false","false","true","605","14.092","789.4706451437463"
"4","0.3","true","false","false","true","729","29.536","580.4098596319066"
"6","0.5","true","false","false","true","789","26.5","493.88663121646516"
"7","0.6","true","false","false","true","821","23.204","464.2726387380293"
"3","0.2","true","false","false","true","683","28.208","645.822353974666"
"5","0.4","true","false","false","true","777","31.796","522.1958994784744"
"1","0","true","false","false","true","917","6.56","767.4966133640692"
"8","0.7","true","false","false","true","871","21.928","420.01063004782446"
"9","0.8","true","false","false","true","859","16.256","421.9545169139687"
"6","0.5","true","false","false","true","790","26.28","492.68422498390004"
"4","0.3","true","false","false","true","730","29.4","581.1555923730682"
"1","0","true","false","false","true","918","6.56","767.127507309943"
"2","0.1","true","false","false","true","606","14.168","789.1770401502887"
"7","0.6","true","false","false","true","822","22.892","464.27518915928607"
"5","0.4","true","false","false","true","778","31.472","520.9833608399184"
"3","0.2","true","false","false","true","684","28.572","645.7980930265925"
"8","0.7","true","false","false","true","872","21.692","420.1775761856222"
"9","0.8","true","false","false","true","860","15.996","420.8951970222134"
"6","0.5","true","false","false","true","791","26.376","492.71539849018006"
"1","0","true","false","false","true","919","6.548","767.4089819217435"
"4","0.3","true","false","false","true","731","29.436","581.8194057643144"
"7","0.6","true","false","false","true","823","22.824","464.71173693478147"
"5","0.4","true","false","false","true","779","31.848","520.5537410136658"
"2","0.1","true","false","false","true","607","14.26","787.6054956547616"
"3","0.2","true","false","false","true","685","28.82","646.4972074231741"
"8","0.7","true","false","false","true","873","21.816","420.1018964445647"
"1","0","true","false","false","true","920","6.536","767.7432784580776"
"9","0.8","true","false","false","true","861","16.08","420.5136986201293"
"6","0.5","true","false","false","true","792","26.744","493.07801310001366"
"5","0.4","true","false","false","true","780","32.096","519.8522611578508"
"7","0.6","true","false","false","true","824","22.716","465.20934669018004"
"4","0.3","true","false","false","true","732","29.364","582.6986206170493"
"3","0.2","true","false","false","true","686","28.892","647.4622368955739"
"2","0.1","true","false","false","true","608","14.524","786.7353734447349"
"1","0","true","false","false","true","921","6.648","767.4041190982302"
"8","0.7","true","false","false","true","874","21.912","420.15156341578216"
"5","0.4","true","false","false","true","781","32.22","519.7505363385023"
"6","0.5","true","false","false","true","793","26.536","493.8982710448588"
"9","0.8","true","false","false","true","862","16.216","420.8116412600514"
"7","0.6","true","false","false","true","825","22.776","465.5826088549687"
"3","0.2","true","false","false","true","687","28.548","647.6366615497124"
"4","0.3","true","false","false","true","733","29.196","581.5867898334209"
"1","0","true","false","false","true","922","6.676","768.745278039623"
"5","0.4","true","false","false","true","782","31.984","518.9272306169576"
"2","0.1","true","false","false","true","609","14.504","783.5374742244287"
"8","0.7","true","false","false","true","875","22.068","419.2408040229384"
"6","0.5","true","false","false","true","794","26.612","494.8223099406136"
"9","0.8","true","false","false","true","863","16.42","420.45350706739714"
"7","0.6","true","false","false","true","826","22.7","466.2852173755683"
"3","0.2","true","false","false","true","688","28.432","647.0455195092488"
"1","0","true","false","false","true","923","6.672","767.3530211421091"
"5","0.4","true","false","false","true","783","32.224","518.6729616295877"
"4","0.3","true","false","false","true","734","29.168","580.7644513152651"
"8","0.7","true","false","false","true","876","21.808","420.1223677332695"
"2","0.1","true","false","false","true","610","14.392","783.573347211316"
"6","0.5","true","false","false","true","795","26.6","495.28769113652334"
"9","0.8","true","false","false","true","864","16.408","421.08046775184715"
"5","0.4","true","false","false","true","784","31.78","519.0189131390202"
"1","0","true","false","false","true","924","6.656","766.4490608221784"
"7","0.6","true","false","false","true","827","22.612","464.86170889331095"
"8","0.7","true","false","false","true","877","21.748","421.4476794534412"
"3","0.2","true","false","false","true","689","28.52","648.8285854674834"
"4","0.3","true","false","false","true","735","29.068","580.8289123175103"
"1","0","true","false","false","true","925","6.54","767.8776213372734"
"6","0.5","true","false","false","true","796","26.46","493.4318888451388"
"9","0.8","true","false","false","true","865","16.648","421.1774643971812"
"2","0.1","true","false","false","true","611","14.432","783.400437672792"
"5","0.4","true","false","false","true","785","31.616","519.5342160754697"
"7","0.6","true","false","false","true","828","22.568","464.7162605188022"
"3","0.2","true","false","false","true","690","28.516","650.7918520387572"
"8","0.7","true","false","false","true","878","21.584","421.04564115895556"
"4","0.3","true","false","false","true","736","29.12","580.655969586438"
"1","0","true","false","false","true","926","6.556","769.4285903380951"
"5","0.4","true","false","false","true","786","31.952","519.721480257887"
"6","0.5","true","false","false","true","797","26.364","494.96416804588836"
"9","0.8","true","false","false","true","866","16.34","421.0241400420644"
"7","0.6","true","false","false","true","829","22.6","464.52637033591566"
"1","0","true","false","false","true","927","6.528","768.392550478665"
"2","0.1","true","false","false","true","612","14.48","783.3834147761806"
"8","0.7","true","false","false","true","879","21.9","419.99375145622855"
"3","0.2","true","false","false","true","691","28.288","649.2088331931569"
"5","0.4","true","false","false","true","787","32.116","519.0609606522733"
"4","0.3","true","false","false","true","737","29.06","581.5480304347986"
"6","0.5","true","false","false","true","798","26.44","493.1450172731142"
"9","0.8","true","false","false","true","867","16.208","420.64488201267847"
"1","0","true","false","false","true","928","6.608","767.4991179354726"
"7","0.6","true","false","false","true","830","22.652","464.29656559677176"
"8","0.7","true","false","false","true","880","21.808","420.3790143889444"
"5","0.4","true","false","false","true","788","32.512","519.48189931289"
"3","0.2","true","false","false","true","692","28.244","648.7880941503355"
"2","0.1","true","false","false","true","613","14.416","783.0265322895299"
"4","0.3","true","false","false","true","738","29.116","581.2271606478416"
"1","0","true","false","false","true","929","6.64","765.6297800843419"
"6","0.5","true","false","false","true","799","26.3","492.8472200000075"
"9","0.8","true","false","false","true","868","16.244","420.71068153142096"
"7","0.6","true","false","false","true","831","22.72","463.8084067812906"
"5","0.4","true","false","false","true","789","32.444","519.9365880625089"
"8","0.7","true","false","false","true","881","22.088","420.2635631924561"
"1","0","true","false","false","true","930","6.604","764.8917785416459"
"3","0.2","true","false","false","true","693","28.112","649.4292108462765"
"4","0.3","true","false","false","true","739","28.98","580.5037408413347"
"2","0.1","true","false","false","true","614","14.516","782.4249985432264"
"6","0.5","true","false","false","true","800","26.576","493.10696513434925"
"1","0","true","false","false","true","931","6.552","765.9343382477007"
"9","0.8","true","false","false","true","869","16.28","420.0934839400157"
"7","0.6","true","false","false","true","832","22.796","464.7480539005491"
"5","0.4","true","false","false","true","790","32.492","519.5118518937147"
"8","0.7","true","false","false","true","882","21.856","420.43608526528146"
"1","0","true","false","false","true","932","6.6","766.2582980248529"
"3","0.2","true","false","false","true","694","28.44","647.8052143662721"
"5","0.4","true","false","false","true","791","32.308","520.6100345438861"
"2","0.1","true","false","false","true","615","14.24","781.4515351124479"
"4","0.3","true","false","false","true","740","29.264","580.992154658373"
"6","0.5","true","false","false","true","801","26.828","493.08309507942994"
"9","0.8","true","false","false","true","870","16.44","420.197275604641"
"7","0.6","true","false","false","true","833","22.588","464.7194198379254"
"8","0.7","true","false","false","true","883","21.976","419.5748984517614"
"1","0","true","false","false","true","933","6.6","767.5146749819847"
"5","0.4","true","false","false","true","792","32.48","519.5671178136519"
"3","0.2","true","false","false","true","695","28.32","646.9105919445568"
"6","0.5","true","false","false","true","802","26.98","493.682161247941"
"2","0.1","true","false","false","true","616","14.272","780.3321210803117"
"4","0.3","true","false","false","true","741","29.28","580.2762998259417"
"7","0.6","true","false","false","true","834","22.628","464.073678255794"
"1","0","true","false","false","true","934","6.636","766.3539169154955"
"9","0.8","true","false","false","true","871","16.396","419.89477392513857"
"8","0.7","true","false","false","true","884","22.172","418.9593369023167"
"5","0.4","true","false","false","true","793","32.656","520.8471863378395"
"6","0.5","true","false","false","true","803","26.924","493.6805166829984"
"3","0.2","true","false","false","true","696","28.276","645.8082223725294"
"1","0","true","false","false","true","935","6.584","766.1094281379861"
"7","0.6","true","false","false","true","835","22.936","464.0550664856578"
"2","0.1","true","false","false","true","617","14.524","779.7636782666913"
"4","0.3","true","false","false","true","742","29.52","580.7697542505053"
"9","0.8","true","false","false","true","872","16.264","419.874063329788"
"8","0.7","true","false","false","true","885","21.952","419.4174648572253"
"5","0.4","true","false","false","true","794","32.508","521.2493628124258"
"1","0","true","false","false","true","936","6.804","766.1224273376732"
"6","0.5","true","false","false","true","804","26.184","493.9478815806608"
"5","0.4","true","false","false","true","795","31.908","521.039907209223"
"3","0.2","true","false","false","true","697","28.028","645.4499730819589"
"2","0.1","true","false","false","true","618","14.412","779.9646465904912"
"7","0.6","true","false","false","true","836","22.984","463.2258501167517"
"1","0","true","false","false","true","937","6.756","765.8485359416298"
"9","0.8","true","false","false","true","873","16.352","420.8785438912015"
"8","0.7","true","false","false","true","886","22.208","419.6574524609307"
"4","0.3","true","false","false","true","743","29.884","581.1335550273543"
"6","0.5","true","false","false","true","805","26.412","494.5890769312026"
"3","0.2","true","false","false","true","698","28.532","646.1687426112428"
"1","0","true","false","false","true","938","6.76","764.8193249389763"
"5","0.4","true","false","false","true","796","32.388","520.7025623417571"
"7","0.6","true","false","false","true","837","23.056","462.16314058389634"
"4","0.3","true","false","false","true","744","29.676","579.392165361757"
"8","0.7","true","false","false","true","887","21.728","419.56512280158984"
"2","0.1","true","false","false","true","619","14.248","778.395756274697"
"9","0.8","true","false","false","true","874","16.064","421.0125842250778"
"1","0","true","false","false","true","939","6.764","764.8793877469818"
"5","0.4","true","false","false","true","797","32.112","519.12592336268"
"6","0.5","true","false","false","true","806","26.448","494.8286209890662"
"3","0.2","true","false","false","true","699","28.648","645.808652877845"
"8","0.7","true","false","false","true","888","21.808","419.09776122017405"
"1","0","true","false","false","true","940","6.676","763.5000860565774"
"9","0.8","true","false","false","true","875","16.048","420.7820142456831"
"2","0.1","true","false","false","true","620","14.396","778.9102609295314"
"4","0.3","true","false","false","true","745","29.876","580.3250421179191"
"7","0.6","true","false","false","true","838","23.096","462.79737118264"
"5","0.4","true","false","false","true","798","32.568","519.6763385196181"
"1","0","true","false","false","true","941","6.644","763.475851283805"
"6","0.5","true","false","false","true","807","26.5","494.2484039769463"
"3","0.2","true","false","false","true","700","28.648","646.0384086752388"
"8","0.7","true","false","false","true","889","22.088","418.3663679963104"
"5","0.4","true","false","false","true","799","32.512","519.910487037071"
"9","0.8","true","false","false","true","876","15.916","419.9178760410515"
"7","0.6","true","false","false","true","839","23.256","463.1289469919997"
"2","0.1","true","false","false","true","621","14.72","777.6375322701234"
"1","0","true","false","false","true","942","6.732","764.785666094713"
"4","0.3","true","false","false","true","746","29.46","581.9866706745523"
"6","0.5","true","false","false","true","808","26.696","494.01697714062806"
"3","0.2","true","false","false","true","701","29.148","645.6479037706321"
"5","0.4","true","false","false","true","800","32.392","520.5654501529717"
"8","0.7","true","false","false","true","890","22.12","419.12065219499044"
"7","0.6","true","false","false","true","840","23.268","462.99896181496894"
"1","0","true","false","false","true","943","6.628","761.9487346954207"
"2","0.1","true","false","false","true","622","14.516","776.0993207398656"
"9","0.8","true","false","false","true","877","16.152","419.97804443238294"
"4","0.3","true","false","false","true","747","29.312","582.3413198405758"
"6","0.5","true","false","false","true","809","26.236","493.61588155869816"
"5","0.4","true","false","false","true","801","32.656","520.5549758592928"
"3","0.2","true","false","false","true","702","29.188","646.0341383729351"
"1","0","true","false","false","true","944","6.684","763.4164371265481"
"8","0.7","true","false","false","true","891","21.984","419.4117682836541"
"7","0.6","true","false","false","true","841","23.236","462.86275904410076"
"2","0.1","true","false","false","true","623","14.536","773.5193307039992"
"9","0.8","true","false","false","true","878","16.004","420.3774669353812"
"1","0","true","false","false","true","945","6.668","763.5036322295705"
"5","0.4","true","false","false","true","802","33.144","519.7141571931554"
"4","0.3","true","false","false","true","748","29.444","581.881451453192"
"6","0.5","true","false","false","true","810","26.26","493.81703401050356"
"3","0.2","true","false","false","true","703","29.116","646.8641534922521"
"8","0.7","true","false","false","true","892","21.66","419.24535423926466"
"7","0.6","true","false","false","true","842","23.264","463.1515566918659"
"1","0","true","false","false","true","946","6.676","761.9649044972227"
"2","0.1","true","false","false","true","624","14.464","773.3336740677121"
"5","0.4","true","false","false","true","803","32.904","519.2168464907137"
"9","0.8","true","false","false","true","879","16.068","420.1446275936747"
"6","0.5","true","false","false","true","811","26.74","492.32129388944327"
"4","0.3","true","false","false","true","749","29.516","584.2033241940159"
"3","0.2","true","false","false","true","704","28.816","647.0000633173041"
"1","0","true","false","false","true","947","6.636","759.3941759933684"
"7","0.6","true","false","false","true","843","23.652","463.4448446879255"
"8","0.7","true","false","false","true","893","21.88","418.9275633343361"
"5","0.4","true","false","false","true","804","33.048","519.1349722658346"
"2","0.1","true","false","false","true","625","14.552","771.7416677658487"
"1","0","true","false","false","true","948","6.564","759.2906427579862"
"9","0.8","true","false","false","true","880","16.116","420.16286441325803"
"6","0.5","true","false","false","true","812","26.528","492.2960087440127"
"4","0.3","true","false","false","true","750","29.248","584.052289887952"
"3","0.2","true","false","false","true","705","28.788","646.8762824011409"
"7","0.6","true","false","false","true","844","23.404","463.1506565731861"
"8","0.7","true","false","false","true","894","21.892","418.77740717114557"
"5","0.4","true","false","false","true","805","32.892","518.6869130377537"
"1","0","true","false","false","true","949","6.604","758.3927269511255"
"2","0.1","true","false","false","true","626","14.504","771.8434304367087"
"9","0.8","true","false","false","true","881","15.932","420.61046362868404"
"6","0.5","true","false","false","true","813","26.54","492.06133705675376"
"4","0.3","true","false","false","true","751","29.052","582.3761036383272"
"1","0","true","false","false","true","950","6.652","757.1740624978701"
"5","0.4","true","false","false","true","806","33.264","520.83068626181"
"7","0.6","true","false","false","true","845","23.616","463.75409473315887"
"3","0.2","true","false","false","true","706","29.096","645.0967686086689"
"8","0.7","true","false","false","true","895","21.776","418.66907307389965"
"1","0","true","false","false","true","951","6.704","756.0482665573385"
"2","0.1","true","false","false","true","627","14.436","769.7790040508163"
"9","0.8","true","false","false","true","882","16.228","419.9180761061084"
"5","0.4","true","false","false","true","807","33.308","518.7504267809118"
"6","0.5","true","false","false","true","814","26.376","492.59706305720005"
"4","0.3","true","false","false","true","752","28.84","582.1619326269786"
"8","0.7","true","false","false","true","896","21.968","418.8643594374551"
"1","0","true","false","false","true","952","6.656","752.6351260243324"
"7","0.6","true","false","false","true","846","23.324","463.41253791442654"
"3","0.2","true","false","false","true","707","28.908","644.6594991167409"
"5","0.4","true","false","false","true","808","33.208","519.6085541923865"
"6","0.5","true","false","false","true","815","26.72","491.7183257231427"
"2","0.1","true","false","false","true","628","14.18","768.7203248854273"
"9","0.8","true","false","false","true","883","16.132","420.639532481745"
"8","0.7","true","false","false","true","897","21.92","418.7053573653151"
"3","0.2","true","false","false","true","708","28.956","643.2685264728386"
"4","0.3","true","false","false","true","753","28.852","581.9261280707151"
"1","0","true","false","false","true","953","6.6","751.5824754932439"
"5","0.4","true","false","false","true","809","33.252","519.1481621121961"
"7","0.6","true","false","false","true","847","23.628","462.5178274061375"
"6","0.5","true","false","false","true","816","26.556","493.43903207854646"
"9","0.8","true","false","false","true","884","16.268","420.6252159116007"
"2","0.1","true","false","false","true","629","14.328","769.700516593621"
"1","0","true","false","false","true","954","6.644","752.2936601607981"
"5","0.4","true","false","false","true","810","33.24","518.6361311782988"
"8","0.7","true","false","false","true","898","21.788","418.18201768926724"
"3","0.2","true","false","false","true","709","29.008","643.6589201126926"
"4","0.3","true","false","false","true","754","28.916","582.3430410005162"
"7","0.6","true","false","false","true","848","23.444","462.2367432407526"
"6","0.5","true","false","false","true","817","26.748","493.7171813391889"
"1","0","true","false","false","true","955","6.608","751.5490531098437"
"5","0.4","true","false","false","true","811","32.936","519.9042144668896"
"9","0.8","true","false","false","true","885","16.1","420.1869776362852"
"2","0.1","true","false","false","true","630","14.332","769.8531316462012"
"6","0.5","true","false","false","true","818","26.508","493.42864281995185"
"8","0.7","true","false","false","true","899","21.776","418.43352459540756"
"3","0.2","true","false","false","true","710","29.076","643.6419087407651"
"7","0.6","true","false","false","true","849","23.32","462.4351845128785"
"1","0","true","false","false","true","956","6.616","749.8337680431908"
"4","0.3","true","false","false","true","755","28.924","580.5507246214562"
"5","0.4","true","false","false","true","812","33.372","519.8118423922657"
"9","0.8","true","false","false","true","886","16.124","420.91669707040876"
"2","0.1","true","false","false","true","631","14.484","770.6491938885302"
"1","0","true","false","false","true","957","6.6","750.3705332545657"
"6","0.5","true","false","false","true","819","26.904","492.7374059949106"
"3","0.2","true","false","false","true","711","29.064","645.0761872454688"
"8","0.7","true","false","false","true","900","21.92","417.3986138078331"
"5","0.4","true","false","false","true","813","33.14","519.1799953152283"
"7","0.6","true","false","false","true","850","23.412","463.3856799494997"
"4","0.3","true","false","false","true","756","29.324","579.7562486772808"
"1","0","true","false","false","true","958","6.58","750.0087804939999"
"9","0.8","true","false","false","true","887","16.02","420.8744376489161"
"2","0.1","true","false","false","true","632","14.524","768.812055324627"
"5","0.4","true","false","false","true","814","32.496","520.3217708337016"
"6","0.5","true","false","false","true","820","27.068","493.19354323260734"
"3","0.2","true","false","false","true","712","29.044","643.1599322083957"
"1","0","true","false","false","true","959","6.448","750.9864525605518"
"8","0.7","true","false","false","true","901","21.648","418.43854279110286"
"7","0.6","true","false","false","true","851","23.316","464.24463355677017"
"4","0.3","true","false","false","true","757","29.324","580.6178892858233"
"9","0.8","true","false","false","true","888","16.156","420.4416662969725"
"5","0.4","true","false","false","true","815","32.264","519.5619152611813"
"6","0.5","true","false","false","true","821","26.88","492.54979733133706"
"1","0","true","false","false","true","960","6.512","750.9797002045912"
"8","0.7","true","false","false","true","902","21.856","418.6366551858247"
"3","0.2","true","false","false","true","713","29.044","644.7072593291225"
"2","0.1","true","false","false","true","633","14.504","768.5461107799676"
"6","0.5","true","false","false","true","822","26.624","491.60223368109024"
"7","0.6","true","false","false","true","852","23.32","463.81317818177786"
"1","0","true","false","false","true","961","6.572","751.552188756735"
"5","0.4","true","false","false","true","816","32.856","521.120131966977"
"4","0.3","true","false","false","true","758","29.212","580.0799354737513"
"8","0.7","true","false","false","true","903","21.764","417.9995119445643"
"9","0.8","true","false","false","true","889","16.344","420.5982936920205"
"3","0.2","true","false","false","true","714","28.912","644.2793080643299"
"1","0","true","false","false","true","962","6.628","751.7015223211791"
"6","0.5","true","false","false","true","823","26.332","491.6477198335867"
"2","0.1","true","false","false","true","634","14.396","767.4415102634644"
"7","0.6","true","false","false","true","853","23.364","463.54516644380794"
"9","0.8","true","false","false","true","890","16.56","421.764315345459"
"4","0.3","true","false","false","true","759","29.384","580.6140694156223"
"5","0.4","true","false","false","true","817","32.764","521.0474181944581"
"3","0.2","true","false","false","true","715","28.996","643.1883829154141"
"8","0.7","true","false","false","true","904","22.112","417.8823161281746"
"1","0","true","false","false","true","963","6.648","750.6933787000761"
"6","0.5","true","false","false","true","824","26.652","492.01072200055165"
"2","0.1","true","false","false","true","635","14.568","768.2878309804103"
"5","0.4","true","false","false","true","818","32.652","521.2705220464071"
"9","0.8","true","false","false","true","891","16.42","420.9961083125903"
"3","0.2","true","false","false","true","716","29.144","643.5627681939812"
"1","0","true","false","false","true","964","6.72","751.2097872188086"
"8","0.7","true","false","false","true","905","22.26","418.26864642217254"
"7","0.6","true","false","false","true","854","23.836","462.29568385776616"
"4","0.3","true","false","false","true","760","29.22","581.4497158900921"
"5","0.4","true","false","false","true","819","32.452","520.7971131291395"
"2","0.1","true","false","false","true","636","14.576","767.9412177329043"
"1","0","true","false","false","true","965","6.736","751.7194705314051"
"6","0.5","true","false","false","true","825","27.028","491.49906262884974"
"3","0.2","true","false","false","true","717","28.872","642.1129022141383"
"9","0.8","true","false","false","true","892","16.232","420.5130900880909"
"7","0.6","true","false","false","true","855","23.688","462.8860003423238"
"8","0.7","true","false","false","true","906","21.992","418.5644400520832"
"4","0.3","true","false","false","true","761","29.564","582.149598919761"
"5","0.4","true","false","false","true","820","32.716","520.4514171202804"
"1","0","true","false","false","true","966","6.728","750.769990823716"
"6","0.5","true","false","false","true","826","26.82","491.63444890369453"
"2","0.1","true","false","false","true","637","14.456","767.9384147595831"
"1","0","true","false","false","true","967","6.808","751.096917294527"
"9","0.8","true","false","false","true","893","16.456","420.11859706494994"
"3","0.2","true","false","false","true","718","28.548","640.8145134595627"
"5","0.4","true","false","false","true","821","32.908","520.9413393881621"
"4","0.3","true","false","false","true","762","29.444","582.348929937368"
"8","0.7","true","false","false","true","907","21.88","418.64409236378026"
"7","0.6","true","false","false","true","856","23.728","462.83361522131145"
"6","0.5","true","false","false","true","827","26.528","491.8635117048536"
"1","0","true","false","false","true","968","6.78","752.248940172623"
"2","0.1","true","false","false","true","638","14.336","767.4914556540772"
"9","0.8","true","false","false","true","894","16.5","420.1812622217308"
"5","0.4","true","false","false","true","822","32.492","520.4185925063056"
"3","0.2","true","false","false","true","719","28.664","641.015290106188"
"8","0.7","true","false","false","true","908","21.944","419.2231283893249"
"6","0.5","true","false","false","true","828","26.692","491.5912138533112"
"7","0.6","true","false","false","true","857","23.608","463.34843152734555"
"4","0.3","true","false","false","true","763","29.384","583.8873374691354"
"1","0","true","false","false","true","969","6.804","752.3958134776419"
"5","0.4","true","false","false","true","823","32.548","519.7473443190319"
"2","0.1","true","false","false","true","639","14.628","765.5346330126174"
"9","0.8","true","false","false","true","895","16.412","421.21590986263107"
"1","0","true","false","false","true","970","6.812","750.6627029533871"
"3","0.2","true","false","false","true","720","29.204","641.2490856737231"
"6","0.5","true","false","false","true","829","27.212","491.91391360824645"
"8","0.7","true","false","false","true","909","21.972","418.59464597793107"
"7","0.6","true","false","false","true","858","23.824","463.4440232724138"
"5","0.4","true","false","false","true","824","32.844","518.7008295705953"
"4","0.3","true","false","false","true","764","29.404","583.4566709753304"
"2","0.1","true","false","false","true","640","14.564","764.8657947860727"
"1","0","true","false","false","true","971","6.768","750.8093227076209"
"9","0.8","true","false","false","true","896","16.728","421.0744599839193"
"5","0.4","true","false","false","true","825","32.84","518.6017835584963"
"8","0.7","true","false","false","true","910","22.108","417.6956029358518"
"3","0.2","true","false","false","true","721","29.232","638.7620589762041"
"6","0.5","true","false","false","true","830","27.056","492.0290077107394"
"7","0.6","true","false","false","true","859","23.764","463.9127435018455"
"4","0.3","true","false","false","true","765","29.88","582.6787644369308"
"1","0","true","false","false","true","972","6.748","751.0269181170809"
"2","0.1","true","false","false","true","641","14.56","764.814439321459"
"5","0.4","true","false","false","true","826","32.328","519.5918648326628"
"9","0.8","true","false","false","true","897","16.608","420.012495528178"
"8","0.7","true","false","false","true","911","21.968","418.26665675583564"
"6","0.5","true","false","false","true","831","26.984","491.04233630426916"
"7","0.6","true","false","false","true","860","23.928","463.205031851928"
"1","0","true","false","false","true","973","6.748","749.3345162634098"
"3","0.2","true","false","false","true","722","29.3","638.0784405016431"
"2","0.1","true","false","false","true","642","14.5","762.6564275016466"
"4","0.3","true","false","false","true","766","29.964","582.1884032408062"
"5","0.4","true","false","false","true","827","32.588","520.7947780177404"
"6","0.5","true","false","false","true","832","26.884","490.6588021678707"
"1","0","true","false","false","true","974","6.852","750.9354916640664"
"9","0.8","true","false","false","true","898","16.356","420.6139347750825"
"8","0.7","true","false","false","true","912","22.144","417.3425598548682"
"7","0.6","true","false","false","true","861","23.688","461.9517174457773"
"3","0.2","true","false","false","true","723","29.088","637.3232164046857"
"5","0.4","true","false","false","true","828","32.428","521.5958917610142"
"2","0.1","true","false","false","true","643","14.632","765.1284738074003"
"4","0.3","true","false","false","true","767","30.284","582.0560986322034"
"9","0.8","true","false","false","true","899","16.256","421.23106764485925"
"1","0","true","false","false","true","975","6.8","749.7293007716829"
"7","0.6","true","false","false","true","862","23.64","462.1630929503685"
"8","0.7","true","false","false","true","913","21.908","418.71687441635396"
"6","0.5","true","false","false","true","833","27.192","490.52215303387004"
"5","0.4","true","false","false","true","829","32.644","522.0473172930972"
"3","0.2","true","false","false","true","724","29.224","635.849696682191"
"2","0.1","true","false","false","true","644","14.28","764.2814901479907"
"4","0.3","true","false","false","true","768","29.936","581.6816601748355"
"1","0","true","false","false","true","976","6.724","749.5868990456623"
"6","0.5","true","false","false","true","834","26.936","490.71043574956406"
"9","0.8","true","false","false","true","900","16.38","420.08933176026477"
"8","0.7","true","false","false","true","914","21.94","418.2220096586222"
"7","0.6","true","false","false","true","863","23.864","461.38940458737403"
"3","0.2","true","false","false","true","725","29.3","635.782601996907"
"5","0.4","true","false","false","true","830","32.908","521.8720775920818"
"9","0.8","true","false","false","true","901","16.232","420.5759482027255"
"1","0","true","false","false","true","977","6.672","748.3290379924503"
"6","0.5","true","false","false","true","835","26.94","490.56313595427247"
"7","0.6","true","false","false","true","864","23.76","462.42473282235596"
"2","0.1","true","false","false","true","645","14.356","764.8933871666163"
"4","0.3","true","false","false","true","769","29.944","581.9682412253693"
"8","0.7","true","false","false","true","915","21.652","417.9967158908773"
"3","0.2","true","false","false","true","726","29.208","636.4294271883027"
"5","0.4","true","false","false","true","831","32.792","520.9865823838461"
"9","0.8","true","false","false","true","902","16.176","420.40584934727025"
"1","0","true","false","false","true","978","6.692","746.3707050698537"
"7","0.6","true","false","false","true","865","23.552","461.45159920967393"
"6","0.5","true","false","false","true","836","27.02","491.46634297021876"
"4","0.3","true","false","false","true","770","29.796","581.3279059312977"
"3","0.2","true","false","false","true","727","29.216","636.1538773500843"
"8","0.7","true","false","false","true","916","21.944","419.0328935163051"
"5","0.4","true","false","false","true","832","32.544","520.4788895681932"
"2","0.1","true","false","false","true","646","14.3","763.529778463194"
"1","0","true","false","false","true","979","6.656","744.7512052560677"
"9","0.8","true","false","false","true","903","16.188","421.8148626894285"
"7","0.6","true","false","false","true","866","23.492","462.7882964406663"
"6","0.5","true","false","false","true","837","27.032","491.00942157860226"
"8","0.7","true","false","false","true","917","22.148","418.55222048323617"
"4","0.3","true","false","false","true","771","29.876","579.7676844863806"
"3","0.2","true","false","false","true","728","29.216","636.0049508685148"
"5","0.4","true","false","false","true","833","32.44","521.1191360425588"
"1","0","true","false","false","true","980","6.628","744.9556079932779"
"9","0.8","true","false","false","true","904","16.3","420.19917548538194"
"2","0.1","true","false","false","true","647","14.064","763.6672242312428"
"7","0.6","true","false","false","true","867","23.612","462.58838774625076"
"8","0.7","true","false","false","true","918","22.044","417.28278649028607"
"4","0.3","true","false","false","true","772","29.896","579.3422855268066"
"6","0.5","true","false","false","true","838","27.252","491.23213018785304"
"3","0.2","true","false","false","true","729","29.076","634.9801101540188"
"1","0","true","false","false","true","981","6.732","743.846033351622"
"5","0.4","true","false","false","true","834","32.268","521.8832816731913"
"9","0.8","true","false","false","true","905","16.372","420.6323139805184"
"6","0.5","true","false","false","true","839","27.612","492.4919765910674"
"8","0.7","true","false","false","true","919","21.96","417.18284156682876"
"7","0.6","true","false","false","true","868","23.58","462.3088819960272"
"2","0.1","true","false","false","true","648","13.992","761.9476826166759"
"4","0.3","true","false","false","true","773","29.964","580.3636700461442"
"3","0.2","true","false","false","true","730","29.164","635.390263238243"
"1","0","true","false","false","true","982","6.9","744.1919992342549"
"9","0.8","true","false","false","true","906","16.408","420.5666931127182"
"5","0.4","true","false","false","true","835","32.896","521.698442591741"
"7","0.6","true","false","false","true","869","23.68","462.5840108714662"
"6","0.5","true","false","false","true","840","27.056","492.91631703466123"
"8","0.7","true","false","false","true","920","21.848","418.3613792910843"
"4","0.3","true","false","false","true","774","30.188","579.8857660470269"
"1","0","true","false","false","true","983","6.856","743.7414299247531"
"2","0.1","true","false","false","true","649","13.728","761.1494622669876"
"3","0.2","true","false","false","true","731","29.024","635.158196385526"
"9","0.8","true","false","false","true","907","16.416","420.58592681508185"
"5","0.4","true","false","false","true","836","32.924","520.5744377215506"
"6","0.5","true","false","false","true","841","27.068","493.75197004751817"
"7","0.6","true","false","false","true","870","23.776","462.1343904076056"
"8","0.7","true","false","false","true","921","22.388","418.9576108786204"
"4","0.3","true","false","false","true","775","30.3","579.0092451754753"
"1","0","true","false","false","true","984","6.732","743.9023150998943"
"6","0.5","true","false","false","true","842","26.96","494.0138550482707"
"3","0.2","true","false","false","true","732","28.676","634.3198345683937"
"9","0.8","true","false","false","true","908","16.304","420.96923997046974"
"8","0.7","true","false","false","true","922","21.564","419.88031826673296"
"5","0.4","true","false","false","true","837","33.028","520.7872827372273"
"1","0","true","false","false","true","985","6.752","741.9893816584172"
"7","0.6","true","false","false","true","871","23.652","463.3361073865393"
"4","0.3","true","false","false","true","776","30.308","579.4164112764487"
"2","0.1","true","false","false","true","650","13.852","760.3088259710579"
"9","0.8","true","false","false","true","909","16.204","422.0995345630065"
"6","0.5","true","false","false","true","843","27.492","493.17963076087585"
"8","0.7","true","false","false","true","923","22.072","420.43277152589366"
"3","0.2","true","false","false","true","733","29.52","633.3820365821184"
"1","0","true","false","false","true","986","6.856","741.5466791056382"
"7","0.6","true","false","false","true","872","23.588","462.72928622268734"
"5","0.4","true","false","false","true","838","32.796","520.1741139864856"
"4","0.3","true","false","false","true","777","30.408","578.6828009762195"
"9","0.8","true","false","false","true","910","16.44","421.693784533211"
"6","0.5","true","false","false","true","844","27.204","493.74336761553064"
"4","0.3","true","false","false","true","778","30.204","578.244462326868"
"1","0","true","false","false","true","987","6.836","741.5478757019438"
"5","0.4","true","false","false","true","839","32.788","519.4377567319347"
"8","0.7","true","false","false","true","924","21.876","419.40121816157887"
"3","0.2","true","false","false","true","734","29.632","632.1776763911979"
"2","0.1","true","false","false","true","651","13.704","760.2901237511405"
"6","0.5","true","false","false","true","845","26.996","493.05641623689945"
"9","0.8","true","false","false","true","911","16.44","421.20145311036345"
"7","0.6","true","false","false","true","873","23.792","462.7330917222842"
"1","0","true","false","false","true","988","6.78","739.9716220290296"
"4","0.3","true","false","false","true","779","29.812","579.9918025393716"
"5","0.4","true","false","false","true","840","32.576","518.8883476725188"
"9","0.8","true","false","false","true","912","16.376","421.18927411149286"
"8","0.7","true","false","false","true","925","21.992","418.66628045158694"
"1","0","true","false","false","true","989","6.844","741.213940557533"
"3","0.2","true","false","false","true","735","29.524","631.2754053932659"
"7","0.6","true","false","false","true","874","23.708","462.1265977671073"
"6","0.5","true","false","false","true","846","26.912","492.9698663091368"
"5","0.4","true","false","false","true","841","32.804","518.5972472628861"
"1","0","true","false","false","true","990","6.888","740.6789540253596"
"8","0.7","true","false","false","true","926","22.208","417.3373999899169"
"9","0.8","true","false","false","true","913","16.492","420.49635708945374"
"3","0.2","true","false","false","true","736","29.448","629.8388480071067"
"2","0.1","true","false","false","true","652","13.7","758.543390595522"
"7","0.6","true","false","false","true","875","23.704","461.7623520237365"
"4","0.3","true","false","false","true","780","30.212","579.7646167424219"
"6","0.5","true","false","false","true","847","27.124","492.0636891405738"
"8","0.7","true","false","false","true","927","21.908","417.8074340636009"
"1","0","true","false","false","true","991","6.876","743.6820255994401"
"5","0.4","true","false","false","true","842","33.232","518.2268174534587"
"3","0.2","true","false","false","true","737","29.492","628.6730370532673"
"7","0.6","true","false","false","true","876","23.588","461.8202974887515"
"6","0.5","true","false","false","true","848","27.172","492.1337951417295"
"4","0.3","true","false","false","true","781","30.184","578.7089904688288"
"9","0.8","true","false","false","true","914","16.464","420.6507791163515"
"1","0","true","false","false","true","992","6.924","742.1814086001307"
"8","0.7","true","false","false","true","928","22.108","417.3782578648716"
"6","0.5","true","false","false","true","849","27.08","492.1393770979648"
"5","0.4","true","false","false","true","843","33.188","518.4857708345469"
"2","0.1","true","false","false","true","653","13.708","757.8658346347512"
"3","0.2","true","false","false","true","738","29.732","627.9544687863643"
"7","0.6","true","false","false","true","877","23.736","461.9158525664374"
"1","0","true","false","false","true","993","6.816","741.2545355068866"
"4","0.3","true","false","false","true","782","30.524","579.0972767339659"
"8","0.7","true","false","false","true","929","22.032","417.19956359769736"
"6","0.5","true","false","false","true","850","27.316","493.2730579458393"
"9","0.8","true","false","false","true","915","16.256","420.45974356863314"
"5","0.4","true","false","false","true","844","33.852","517.9328751315284"
"4","0.3","true","false","false","true","783","30.356","580.3953256787574"
"7","0.6","true","false","false","true","878","23.6","463.99056206256324"
"2","0.1","true","false","false","true","654","13.664","757.6273680798408"
"1","0","true","false","false","true","994","6.948","741.8223077241934"
"6","0.5","true","false","false","true","851","26.94","493.46093896622517"
"8","0.7","true","false","false","true","930","22.204","418.34823459689824"
"3","0.2","true","false","false","true","739","29.664","626.8991112730955"
"9","0.8","true","false","false","true","916","16.548","420.1728839698232"
"5","0.4","true","false","false","true","845","33.432","518.0508687746333"
"6","0.5","true","false","false","true","852","26.928","492.64535594093314"
"4","0.3","true","false","false","true","784","30.552","580.291121358074"
"7","0.6","true","false","false","true","879","23.424","463.0237019696776"
"8","0.7","true","false","false","true","931","21.956","418.02153019992863"
"2","0.1","true","false","false","true","655","13.512","757.376319935328"
"1","0","true","false","false","true","995","6.824","740.63442685305"
"9","0.8","true","false","false","true","917","16.388","420.3276594400398"
"6","0.5","true","false","false","true","853","27.012","491.14561424075987"
"4","0.3","true","false","false","true","785","30.348","580.4322994938743"
"5","0.4","true","false","false","true","846","33.496","517.5325472749639"
"7","0.6","true","false","false","true","880","23.552","462.92359765541227"
"3","0.2","true","false","false","true","740","29.76","626.4221719703609"
"8","0.7","true","false","false","true","932","21.904","419.5964848315029"
"1","0","true","false","false","true","996","6.932","739.5303119985545"
"9","0.8","true","false","false","true","918","16.636","419.59857119779804"
"5","0.4","true","false","false","true","847","32.844","517.8483147910331"
"7","0.6","true","false","false","true","881","23.64","463.27631254582406"
"4","0.3","true","false","false","true","786","30.552","580.4973109614073"
"2","0.1","true","false","false","true","656","13.46","755.8641195227966"
"8","0.7","true","false","false","true","933","22.056","419.73257662248346"
"6","0.5","true","false","false","true","854","26.784","492.23806694370955"
"1","0","true","false","false","true","997","6.876","738.9755075834953"
"5","0.4","true","false","false","true","848","33.272","518.1312085608903"
"3","0.2","true","false","false","true","741","29.708","627.1784396083389"
"9","0.8","true","false","false","true","919","16.54","420.3900881835393"
"7","0.6","true","false","false","true","882","23.912","462.1932765212102"
"1","0","true","false","false","true","998","6.896","738.3720985487674"
"6","0.5","true","false","false","true","855","26.636","491.67851612369964"
"8","0.7","true","false","false","true","934","21.896","419.7713670492462"
"4","0.3","true","false","false","true","787","30.092","580.5227177919285"
"2","0.1","true","false","false","true","657","13.384","755.8732151443581"
"5","0.4","true","false","false","true","849","33.2","518.515193932907"
"6","0.5","true","false","false","true","856","26.876","492.27286955466155"
"9","0.8","true","false","false","true","920","16.428","420.988372198574"
"1","0","true","false","false","true","999","6.992","738.7718414311113"
"7","0.6","true","false","false","true","883","23.62","462.0081588852941"
"5","0.4","true","false","false","true","850","33.332","518.660319543614"
"3","0.2","true","false","false","true","742","29.432","628.4688490207242"
"8","0.7","true","false","false","true","935","21.88","419.4396683181674"
"6","0.5","true","false","false","true","857","26.98","491.94724249718405"
"9","0.8","true","false","false","true","921","16.348","421.037288532136"
"4","0.3","true","false","false","true","788","30.464","579.7243988437071"
"2","0.1","true","false","false","true","658","13.58","755.7629540511151"
"7","0.6","true","false","false","true","884","23.864","462.9864196436112"
"5","0.4","true","false","false","true","851","33.328","516.4716932538776"
"8","0.7","true","false","false","true","936","21.872","417.9992105275915"
"6","0.5","true","false","false","true","858","27.228","491.081025294507"
"9","0.8","true","false","false","true","922","16.308","421.6651718943382"
"3","0.2","true","false","false","true","743","29.536","628.155755842875"
"7","0.6","true","false","false","true","885","23.448","464.1895490981182"
"4","0.3","true","false","false","true","789","30.416","578.8113468504378"
"8","0.7","true","false","false","true","937","21.904","418.6592870783146"
"5","0.4","true","false","false","true","852","33.86","516.4337627794998"
"6","0.5","true","false","false","true","859","27.272","488.8582518826404"
"9","0.8","true","false","false","true","923","16.272","421.1836313685423"
"2","0.1","true","false","false","true","659","13.496","754.713512690654"
"7","0.6","true","false","false","true","886","23.42","464.29052318899716"
"3","0.2","true","false","false","true","744","29.924","628.6015386369265"
"5","0.4","true","false","false","true","853","33.532","517.4628195201108"
"6","0.5","true","false","false","true","860","27.128","490.1002947617323"
"8","0.7","true","false","false","true","938","21.568","417.7024168239793"
"4","0.3","true","false","false","true","790","30.384","577.971343203795"
"9","0.8","true","false","false","true","924","16.368","421.03730198197763"
"7","0.6","true","false","false","true","887","23.44","463.422036833233"
"5","0.4","true","false","false","true","854","33.276","517.1795166185052"
"2","0.1","true","false","false","true","660","13.572","754.8098390181265"
"6","0.5","true","false","false","true","861","27.524","489.9317326643963"
"3","0.2","true","false","false","true","745","30.028","628.1675052570787"
"8","0.7","true","false","false","true","939","21.496","417.14101560158207"
"4","0.3","true","false","false","true","791","30.232","578.2714504078492"
"9","0.8","true","false","false","true","925","16.44","420.2192450941697"
"7","0.6","true","false","false","true","888","23.544","463.18368319115814"
"8","0.7","true","false","false","true","940","21.58","417.55176068071415"
"2","0.1","true","false","false","true","661","13.604","755.5954100379868"
"5","0.4","true","false","false","true","855","33.584","517.582642222598"
"4","0.3","true","false","false","true","792","30.432","577.7388940367919"
"8","0.7","true","false","false","true","941","21.42","418.4583402914038"
"6","0.5","true","false","false","true","862","27.576","489.81638714775613"
"7","0.6","true","false","false","true","889","23.72","463.3228416663125"
"9","0.8","true","false","false","true","926","16.388","421.1797414467988"
"5","0.4","true","false","false","true","856","33.676","518.2599166397009"
"3","0.2","true","false","false","true","746","30.092","626.6369009739087"
"2","0.1","true","false","false","true","662","13.62","756.9756541689115"
"8","0.7","true","false","false","true","942","21.644","418.67016580414537"
"7","0.6","true","false","false","true","890","23.444","464.38991305683334"
"9","0.8","true","false","false","true","927","16.356","421.09087763384537"
"4","0.3","true","false","false","true","793","29.868","578.6298368002768"
"5","0.4","true","false","false","true","857","33.852","517.3934031541794"
"3","0.2","true","false","false","true","747","29.76","627.9716012966853"
"6","0.5","true","false","false","true","863","27.128","489.8318207096423"
"9","0.8","true","false","false","true","928","16.456","419.6614249697871"
"6","0.5","true","false","false","true","864","27.356","488.587281007248"
"8","0.7","true","false","false","true","943","21.832","418.0610164139154"
"5","0.4","true","false","false","true","858","33.984","516.0506750572598"
"3","0.2","true","false","false","true","748","29.796","628.1053772154955"
"4","0.3","true","false","false","true","794","29.672","577.6741374446793"
"7","0.6","true","false","false","true","891","23.504","465.70557056861736"
"9","0.8","true","false","false","true","929","16.452","419.56351373437695"
"2","0.1","true","false","false","true","663","13.884","756.1935792079568"
"5","0.4","true","false","false","true","859","33.692","515.790545355603"
"8","0.7","true","false","false","true","944","21.452","418.23000475343315"
"6","0.5","true","false","false","true","865","27.324","488.63103489805115"
"4","0.3","true","false","false","true","795","29.888","578.3067312523"
"3","0.2","true","false","false","true","749","29.756","626.5330831008006"
"7","0.6","true","false","false","true","892","23.316","464.8652601034169"
"9","0.8","true","false","false","true","930","16.424","420.54778075442135"
"2","0.1","true","false","false","true","664","13.96","755.7607456407844"
"4","0.3","true","false","false","true","796","30.124","578.8206706519404"
"5","0.4","true","false","false","true","860","33.584","515.0284114444707"
"8","0.7","true","false","false","true","945","21.9","418.02377661760687"
"6","0.5","true","false","false","true","866","27.136","488.3858288903812"
"7","0.6","true","false","false","true","893","23.56","463.8614891169029"
"9","0.8","true","false","false","true","931","16.424","420.0937271102263"
"4","0.3","true","false","false","true","797","29.72","579.2558429598658"
"5","0.4","true","false","false","true","861","34.324","514.9378263386639"
"3","0.2","true","false","false","true","750","29.624","626.8618319684559"
"8","0.7","true","false","false","true","946","21.648","417.7821425708593"
"7","0.6","true","false","false","true","894","23.284","464.6305560470682"
"6","0.5","true","false","false","true","867","27.06","489.52860188326093"
"2","0.1","true","false","false","true","665","13.828","754.6782942106021"
"4","0.3","true","false","false","true","798","29.536","579.926230265063"
"9","0.8","true","false","false","true","932","16.56","420.1174480697988"
"6","0.5","true","false","false","true","868","26.912","488.62239449658307"
"5","0.4","true","false","false","true","862","34.36","515.0188429848166"
"4","0.3","true","false","false","true","799","29.328","580.4426583258742"
"8","0.7","true","false","false","true","947","21.72","418.431838508085"
"7","0.6","true","false","false","true","895","23.656","464.77142111693786"
"3","0.2","true","false","false","true","751","29.512","626.6633591870084"
"6","0.5","true","false","false","true","869","27.036","489.4524075460429"
"9","0.8","true","false","false","true","933","16.48","420.27966514050104"
"4","0.3","true","false","false","true","800","29.54","579.7150034454057"
"5","0.4","true","false","false","true","863","33.848","516.6138050579111"
"2","0.1","true","false","false","true","666","13.632","753.2087789144074"
"7","0.6","true","false","false","true","896","23.164","463.6984278114309"
"6","0.5","true","false","false","true","870","26.92","490.79547645019994"
"9","0.8","true","false","false","true","934","16.36","420.72053904491713"
"8","0.7","true","false","false","true","948","21.708","419.9366042187092"
"3","0.2","true","false","false","true","752","29.656","626.2844300214355"
"9","0.8","true","false","false","true","935","16.452","419.8234474867418"
"6","0.5","true","false","false","true","871","26.792","492.2147620622326"
"7","0.6","true","false","false","true","897","23.344","462.9488314588048"
"4","0.3","true","false","false","true","801","29.34","579.2308349253367"
"3","0.2","true","false","false","true","753","29.676","627.4123247064532"
"5","0.4","true","false","false","true","864","33.38","517.7834111919542"
"6","0.5","true","false","false","true","872","26.876","490.5601697281483"
"2","0.1","true","false","false","true","667","14","752.748510903792"
"8","0.7","true","false","false","true","949","21.968","418.97540390750606"
"9","0.8","true","false","false","true","936","16.376","421.1165896585662"
"7","0.6","true","false","false","true","898","23.508","462.74184388637894"
"6","0.5","true","false","false","true","873","26.984","490.9474453999013"
"4","0.3","true","false","false","true","802","29.372","577.8316456782272"
"10","0.9","true","false","false","true","0","6.376","<RuntimePrimitiveException>"
"3","0.2","true","false","false","true","754","29.84","626.3087851407868"
"5","0.4","true","false","false","true","865","33.712","517.1459196402617"
"8","0.7","true","false","false","true","950","22.048","418.6985266954164"
"9","0.8","true","false","false","true","937","16.544","420.95875715913957"
"6","0.5","true","false","false","true","874","26.608","490.83216941767904"
"7","0.6","true","false","false","true","899","23.296","463.9334571768767"
"2","0.1","true","false","false","true","668","14.048","750.245037579909"
"10","0.9","true","false","false","true","1","6.596","384.41769901237086"
"4","0.3","true","false","false","true","803","29.576","577.8369150818951"
"8","0.7","true","false","false","true","951","21.756","419.24307622142936"
"5","0.4","true","false","false","true","866","33.296","517.1304475667591"
"6","0.5","true","false","false","true","875","26.836","490.77931031528027"
"3","0.2","true","false","false","true","755","29.676","625.4906377503377"
"9","0.8","true","false","false","true","938","16.204","420.6182273788574"
"2","0.1","true","false","false","true","669","14.24","749.7723453385623"
"10","0.9","true","false","false","true","2","6.652","426.26662254927567"
"7","0.6","true","false","false","true","900","23.24","463.9468315105928"
"4","0.3","true","false","false","true","804","29.204","578.0268982026641"
"8","0.7","true","false","false","true","952","21.704","418.9469860878961"
"3","0.2","true","false","false","true","756","30.032","625.4598694781076"
"5","0.4","true","false","false","true","867","33.436","516.3657491309767"
"6","0.5","true","false","false","true","876","26.724","490.74046506447525"
"9","0.8","true","false","false","true","939","16.308","420.2945347080951"
"2","0.1","true","false","false","true","670","14.128","748.3838771256612"
"6","0.5","true","false","false","true","877","27.044","489.89161418696176"
"4","0.3","true","false","false","true","805","29.544","578.0260201909293"
"10","0.9","true","false","false","true","3","6.736","431.42064985205076"
"7","0.6","true","false","false","true","901","23.064","463.33837472438745"
"5","0.4","true","false","false","true","868","33.716","516.8551693433253"
"8","0.7","true","false","false","true","953","21.892","418.7482563444077"
"9","0.8","true","false","false","true","940","16.456","420.9945225200996"
"2","0.1","true","false","false","true","671","14.22","746.5387728328246"
"3","0.2","true","false","false","true","757","30.408","626.7720696127748"
"6","0.5","true","false","false","true","878","26.976","489.95218035007184"
"5","0.4","true","false","false","true","869","33.784","517.089918747103"
"4","0.3","true","false","false","true","806","29.836","578.037021582789"
"8","0.7","true","false","false","true","954","22.076","418.5419632439887"
"10","0.9","true","false","false","true","4","6.916","429.2465356519769"
"9","0.8","true","false","false","true","941","16.444","420.62751498267295"
"7","0.6","true","false","false","true","902","23.06","463.53496351728455"
"2","0.1","true","false","false","true","672","14.536","746.3715825569091"
"4","0.3","true","false","false","true","807","29.612","578.9210544843046"
"5","0.4","true","false","false","true","870","33.7","517.5178305964772"
"6","0.5","true","false","false","true","879","26.956","491.5464315825626"
"3","0.2","true","false","false","true","758","30.344","626.4920962206049"
"9","0.8","true","false","false","true","942","16.344","420.76741798061533"
"10","0.9","true","false","false","true","5","7.048","421.3542453732105"
"2","0.1","true","false","false","true","673","14.432","743.38884514914"
"8","0.7","true","false","false","true","955","22.12","418.02629520356595"
"7","0.6","true","false","false","true","903","23.188","463.74674647312804"
"5","0.4","true","false","false","true","871","33.636","517.7123573082159"
"3","0.2","true","false","false","true","759","30.376","626.7171057276438"
"6","0.5","true","false","false","true","880","26.748","491.5105163023301"
"4","0.3","true","false","false","true","808","29.888","578.105091816518"
"9","0.8","true","false","false","true","943","16.528","421.2574157421293"
"10","0.9","true","false","false","true","6","7.288","416.48541207003484"
"3","0.2","true","false","false","true","760","30.248","625.7169959239444"
"8","0.7","true","false","false","true","956","22.04","417.46866403195105"
"7","0.6","true","false","false","true","904","23.384","463.73123445539954"
"2","0.1","true","false","false","true","674","14.452","742.0513613633915"
"5","0.4","true","false","false","true","872","33.648","517.8343182550254"
"4","0.3","true","false","false","true","809","29.796","578.0640204293777"
"6","0.5","true","false","false","true","881","26.688","490.7963315080965"
"10","0.9","true","false","false","true","7","7.488","410.6755282940678"
"9","0.8","true","false","false","true","944","16.32","419.8320071267113"
"8","0.7","true","false","false","true","957","21.868","418.10493797782556"
"3","0.2","true","false","false","true","761","30.08","625.7590830709972"
"7","0.6","true","false","false","true","905","23.152","464.30404432946017"
"5","0.4","true","false","false","true","873","33.076","517.3321436884138"
"4","0.3","true","false","false","true","810","29.776","576.8671621105232"
"2","0.1","true","false","false","true","675","14.396","743.07384160963"
"6","0.5","true","false","false","true","882","27.24","489.99628214926"
"10","0.9","true","false","false","true","8","7.776","402.3787761478696"
"9","0.8","true","false","false","true","945","16.424","421.26849869946176"
"8","0.7","true","false","false","true","958","22.164","418.22028692684006"
"3","0.2","true","false","false","true","762","29.916","624.6718097893715"
"7","0.6","true","false","false","true","906","23.024","464.2149994098103"
"5","0.4","true","false","false","true","874","33.072","515.5772407686583"
"4","0.3","true","false","false","true","811","29.992","577.0635374742114"
"6","0.5","true","false","false","true","883","26.996","490.05287592190336"
"2","0.1","true","false","false","true","676","14.536","742.9800140803875"
"8","0.7","true","false","false","true","959","22.28","418.00313629006547"
"10","0.9","true","false","false","true","9","7.868","394.0628621074168"
"9","0.8","true","false","false","true","946","16.612","420.5752298329778"
"5","0.4","true","false","false","true","875","33.588","516.1881418734317"
"3","0.2","true","false","false","true","763","29.74","623.4764962615182"
"6","0.5","true","false","false","true","884","26.852","489.344848008295"
"4","0.3","true","false","false","true","812","29.792","576.2154061150602"
"7","0.6","true","false","false","true","907","23.124","465.5445367958516"
"10","0.9","true","false","false","true","10","8.044","387.27017878615845"
"9","0.8","true","false","false","true","947","16.428","420.86235854269404"
"8","0.7","true","false","false","true","960","21.98","418.9450852550476"
"5","0.4","true","false","false","true","876","33.328","516.0924071202362"
"2","0.1","true","false","false","true","677","14.44","742.4836356177849"
"7","0.6","true","false","false","true","908","23.448","466.10226215026347"
"8","0.7","true","false","false","true","961","21.972","418.50720774097425"
"10","0.9","true","false","false","true","11","8.468","381.64590161486177"
"3","0.2","true","false","false","true","764","29.836","623.2792977152576"
"6","0.5","true","false","false","true","885","26.752","489.9842248587351"
"4","0.3","true","false","false","true","813","30.212","576.114582361337"
"9","0.8","true","false","false","true","948","16.52","421.1264793648392"
"7","0.6","true","false","false","true","909","23.076","465.0393194633846"
"10","0.9","true","false","false","true","12","8.604","374.916607767506"
"5","0.4","true","false","false","true","877","33.1","515.7349020525761"
"8","0.7","true","false","false","true","962","21.796","418.2909577571333"
"6","0.5","true","false","false","true","886","26.968","489.8837025559447"
"2","0.1","true","false","false","true","678","14.384","741.3131685095816"
"4","0.3","true","false","false","true","814","30.024","577.2959242492332"
"8","0.7","true","false","false","true","963","21.612","418.5212559268577"
"3","0.2","true","false","false","true","765","30.308","622.8761276853252"
"10","0.9","true","false","false","true","13","8.884","372.182251053273"
"9","0.8","true","false","false","true","949","16.424","420.02180128580557"
"7","0.6","true","false","false","true","910","23.064","465.09388971947646"
"5","0.4","true","false","false","true","878","33.844","516.102165078329"
"6","0.5","true","false","false","true","887","26.74","489.8926099007867"
"3","0.2","true","false","false","true","766","30.324","621.9942590142687"
"2","0.1","true","false","false","true","679","14.484","740.5898979229015"
"4","0.3","true","false","false","true","815","30.232","577.1547751890877"
"7","0.6","true","false","false","true","911","23.356","465.3794396872945"
"8","0.7","true","false","false","true","964","21.948","418.50295050096287"
"9","0.8","true","false","false","true","950","16.608","420.6287952265079"
"5","0.4","true","false","false","true","879","34.112","517.1567753884592"
"10","0.9","true","false","false","true","14","9.048","371.07797093075635"
"6","0.5","true","false","false","true","888","26.684","490.9000884644536"
"3","0.2","true","false","false","true","767","30.46","622.2019775281993"
"8","0.7","true","false","false","true","965","21.808","418.36429123196496"
"7","0.6","true","false","false","true","912","23.02","464.5662690576749"
"4","0.3","true","false","false","true","816","30.228","576.0072296896737"
"5","0.4","true","false","false","true","880","33.92","517.7536974577043"
"10","0.9","true","false","false","true","15","9.24","368.7719947191711"
"9","0.8","true","false","false","true","951","16.396","420.0669412809367"
"6","0.5","true","false","false","true","889","27.068","489.2292966197304"
"8","0.7","true","false","false","true","966","21.928","419.523392886761"
"2","0.1","true","false","false","true","680","14.512","740.0360649793221"
"7","0.6","true","false","false","true","913","23.212","464.55369093777"
"3","0.2","true","false","false","true","768","30.488","622.5429834173028"
"5","0.4","true","false","false","true","881","33.808","518.4594317404004"
"9","0.8","true","false","false","true","952","16.424","420.74867628667556"
"4","0.3","true","false","false","true","817","29.912","576.3992802038742"
"10","0.9","true","false","false","true","16","9.436","364.0713559099482"
"8","0.7","true","false","false","true","967","22.048","418.97085534974747"
"6","0.5","true","false","false","true","890","27.188","489.47733599926613"
"9","0.8","true","false","false","true","953","16.464","421.58513393330156"
"2","0.1","true","false","false","true","681","14.408","740.5622675839894"
"5","0.4","true","false","false","true","882","33.704","517.2250530854807"
"10","0.9","true","false","false","true","17","9.592","363.4442370566058"
"7","0.6","true","false","false","true","914","23.232","465.1282377305005"
"9","0.8","true","false","false","true","954","16.456","421.27148413245084"
"8","0.7","true","false","false","true","968","21.9","418.6398704869319"
"4","0.3","true","false","false","true","818","29.796","575.2143066302043"
"3","0.2","true","false","false","true","769","30.6","621.4983087554732"
"6","0.5","true","false","false","true","891","26.884","490.02002683326543"
"9","0.8","true","false","false","true","955","16.504","420.3045192507719"
"8","0.7","true","false","false","true","969","22.02","418.2163330356824"
"5","0.4","true","false","false","true","883","33.412","518.6943634011801"
"10","0.9","true","false","false","true","18","9.616","360.5496233553011"
"6","0.5","true","false","false","true","892","27.236","489.9095463604221"
"4","0.3","true","false","false","true","819","29.856","574.9003921450769"
"7","0.6","true","false","false","true","915","23.04","463.3391283440651"
"8","0.7","true","false","false","true","970","21.948","418.5244775440339"
"9","0.8","true","false","false","true","956","16.432","420.5845466224276"
"3","0.2","true","false","false","true","770","30.74","621.8088064151956"
"2","0.1","true","false","false","true","682","14.58","740.9885220764947"
"10","0.9","true","false","false","true","19","9.752","359.7512340668122"
"5","0.4","true","false","false","true","884","33.904","518.5925820875734"
"6","0.5","true","false","false","true","893","26.916","490.1737168948057"
"8","0.7","true","false","false","true","971","21.78","418.7489313608098"
"4","0.3","true","false","false","true","820","30.04","574.4866245877178"
"9","0.8","true","false","false","true","957","16.448","419.9147352920562"
"10","0.9","true","false","false","true","20","9.98","359.49254439252326"
"7","0.6","true","false","false","true","916","23.088","463.85256341696595"
"5","0.4","true","false","false","true","885","33.46","517.6510017850534"
"3","0.2","true","false","false","true","771","30.764","621.0275713948669"
"6","0.5","true","false","false","true","894","27.052","489.3844991447345"
"2","0.1","true","false","false","true","683","14.472","740.2963876860714"
"8","0.7","true","false","false","true","972","21.736","418.3364690716793"
"4","0.3","true","false","false","true","821","30.052","575.0174476896351"
"9","0.8","true","false","false","true","958","16.48","420.4593057289743"
"7","0.6","true","false","false","true","917","23.008","463.8054157643222"
"10","0.9","true","false","false","true","21","10.004","358.9244009369058"
"6","0.5","true","false","false","true","895","27.352","489.83578621093943"
"5","0.4","true","false","false","true","886","34.064","517.6025704782437"
"8","0.7","true","false","false","true","973","21.812","418.6709159955527"
"4","0.3","true","false","false","true","822","30.204","573.7946389680359"
"7","0.6","true","false","false","true","918","22.864","465.1584325416935"
"9","0.8","true","false","false","true","959","16.728","420.20240083047617"
"3","0.2","true","false","false","true","772","31.164","620.4877007219945"
"6","0.5","true","false","false","true","896","27.3","490.2527203604088"
"10","0.9","true","false","false","true","22","9.936","358.7662441451487"
"2","0.1","true","false","false","true","684","14.384","739.8946128614625"
"4","0.3","true","false","false","true","823","30.36","573.6118985111954"
"5","0.4","true","false","false","true","887","33.932","517.9295978251592"
"8","0.7","true","false","false","true","974","21.924","418.52809102422833"
"7","0.6","true","false","false","true","919","23.24","463.27859719397475"
"9","0.8","true","false","false","true","960","16.652","420.4078951801183"
"10","0.9","true","false","false","true","23","9.984","357.87264356222204"
"6","0.5","true","false","false","true","897","27.104","489.73557106130875"
"3","0.2","true","false","false","true","773","31.576","620.0376484975077"
"5","0.4","true","false","false","true","888","33.976","516.2376393637193"
"4","0.3","true","false","false","true","824","30.236","573.5204167286377"
"9","0.8","true","false","false","true","961","16.444","419.9089097320326"
"2","0.1","true","false","false","true","685","14.652","740.0212038844309"
"7","0.6","true","false","false","true","920","22.968","464.400103537032"
"8","0.7","true","false","false","true","975","22","419.3323729941978"
"10","0.9","true","false","false","true","24","10.164","358.42707509511354"
"6","0.5","true","false","false","true","898","27.304","489.87779153339005"
"3","0.2","true","false","false","true","774","32.252","619.1780529164321"
"5","0.4","true","false","false","true","889","34.248","515.2452128778766"
"8","0.7","true","false","false","true","976","21.756","419.0540798797678"
"6","0.5","true","false","false","true","899","26.864","489.69674787274084"
"10","0.9","true","false","false","true","25","10.188","357.8202459595088"
"4","0.3","true","false","false","true","825","30.324","573.1531183731556"
"9","0.8","true","false","false","true","962","16.516","419.6985299035766"
"7","0.6","true","false","false","true","921","22.852","464.7395520337374"
"5","0.4","true","false","false","true","890","33.84","515.3475243295995"
"2","0.1","true","false","false","true","686","14.752","739.1139949566049"
"3","0.2","true","false","false","true","775","31.972","620.7668003053434"
"9","0.8","true","false","false","true","963","16.452","419.82667402983753"
"8","0.7","true","false","false","true","977","21.936","417.51608563800136"
"4","0.3","true","false","false","true","826","30.384","572.9141546414525"
"10","0.9","true","false","false","true","26","10.336","357.4445245275399"
"6","0.5","true","false","false","true","900","26.964","488.77033289194077"
"5","0.4","true","false","false","true","891","33.816","515.2613384673167"
"7","0.6","true","false","false","true","922","22.808","465.2082271564438"
"9","0.8","true","false","false","true","964","16.384","419.8693350255882"
"2","0.1","true","false","false","true","687","14.676","738.6120038542726"
"8","0.7","true","false","false","true","978","21.548","417.7492486426844"
"10","0.9","true","false","false","true","27","10.52","358.17972834515984"
"3","0.2","true","false","false","true","776","31.584","620.4295302511799"
"4","0.3","true","false","false","true","827","30.48","573.430841722639"
"6","0.5","true","false","false","true","901","26.748","489.68384869514034"
"7","0.6","true","false","false","true","923","22.952","464.52055296836807"
"5","0.4","true","false","false","true","892","33.744","514.7384165315428"
"9","0.8","true","false","false","true","965","16.268","419.2153656749745"
"10","0.9","true","false","false","true","28","10.408","359.2293698139795"
"2","0.1","true","false","false","true","688","14.624","738.0776507562496"
"8","0.7","true","false","false","true","979","21.48","417.33327287545706"
"3","0.2","true","false","false","true","777","31.888","619.8278703439986"
"7","0.6","true","false","false","true","924","23.288","463.79158805901625"
"6","0.5","true","false","false","true","902","26.752","489.4304249019735"
"4","0.3","true","false","false","true","828","30.452","573.172927586148"
"5","0.4","true","false","false","true","893","33.952","514.5350226557989"
"9","0.8","true","false","false","true","966","16.536","419.92926827063366"
"10","0.9","true","false","false","true","29","10.576","360.0002080445327"
"8","0.7","true","false","false","true","980","21.78","417.1132187085079"
"6","0.5","true","false","false","true","903","26.712","488.76437224493907"
"2","0.1","true","false","false","true","689","14.572","737.4324324394124"
"7","0.6","true","false","false","true","925","23.192","464.6355294325584"
"3","0.2","true","false","false","true","778","31.864","619.6122301867528"
"5","0.4","true","false","false","true","894","33.968","514.3939490851219"
"4","0.3","true","false","false","true","829","30.856","572.1837009234628"
"10","0.9","true","false","false","true","30","10.612","358.90103573317094"
"9","0.8","true","false","false","true","967","16.496","419.3369728961233"
"8","0.7","true","false","false","true","981","21.76","416.7216512315927"
"10","0.9","true","false","false","true","31","10.64","358.9595584990369"
"6","0.5","true","false","false","true","904","27.352","488.30323335257526"
"7","0.6","true","false","false","true","926","23.288","463.98212197864837"
"5","0.4","true","false","false","true","895","33.9","515.1192238444555"
"3","0.2","true","false","false","true","779","31.98","619.591070141089"
"4","0.3","true","false","false","true","830","30.8","572.1889033880498"
"9","0.8","true","false","false","true","968","16.268","419.44544315644333"
"8","0.7","true","false","false","true","982","21.92","416.7454822226432"
"2","0.1","true","false","false","true","690","14.54","736.4871775745827"
"10","0.9","true","false","false","true","32","10.704","358.3413904661913"
"6","0.5","true","false","false","true","905","27.776","488.3901880727348"
"7","0.6","true","false","false","true","927","23.476","465.4168454354516"
"5","0.4","true","false","false","true","896","33.944","514.7198404116662"
"8","0.7","true","false","false","true","983","21.876","417.5009328106406"
"9","0.8","true","false","false","true","969","16.556","420.7163046229245"
"4","0.3","true","false","false","true","831","30.444","572.5819110056366"
"3","0.2","true","false","false","true","780","32.168","619.7788382546902"
"10","0.9","true","false","false","true","33","10.616","359.21872199205353"
"6","0.5","true","false","false","true","906","27.744","488.83179071846064"
"5","0.4","true","false","false","true","897","34.172","515.8744133873457"
"7","0.6","true","false","false","true","928","23.624","465.67757661591116"
"8","0.7","true","false","false","true","984","22.216","417.7769687164515"
"2","0.1","true","false","false","true","691","14.5","735.4234480793976"
"9","0.8","true","false","false","true","970","16.54","419.26006206846637"
"4","0.3","true","false","false","true","832","30.492","572.0618261865613"
"10","0.9","true","false","false","true","34","10.656","360.1219332084594"
"3","0.2","true","false","false","true","781","32.268","618.4062126917318"
"6","0.5","true","false","false","true","907","27.764","488.70291831783993"
"7","0.6","true","false","false","true","929","23.476","464.97455111918646"
"5","0.4","true","false","false","true","898","34.148","515.38593130262"
"8","0.7","true","false","false","true","985","22.22","416.6488286752069"
"2","0.1","true","false","false","true","692","14.604","736.4805317361044"
"4","0.3","true","false","false","true","833","30.824","573.1584750630466"
"10","0.9","true","false","false","true","35","10.716","358.88367206256385"
"9","0.8","true","false","false","true","971","16.592","418.0902089162465"
"3","0.2","true","false","false","true","782","32.448","620.372286771689"
"6","0.5","true","false","false","true","908","27.744","488.24804024296736"
"7","0.6","true","false","false","true","930","23.308","464.5054715324532"
"8","0.7","true","false","false","true","986","22.208","416.87815627479443"
"10","0.9","true","false","false","true","36","10.78","360.21871407004676"
"5","0.4","true","false","false","true","899","34.296","514.9186424319645"
"4","0.3","true","false","false","true","834","30.812","572.1307574532948"
"9","0.8","true","false","false","true","972","16.528","418.79076711201634"
"2","0.1","true","false","false","true","693","14.644","736.2899425170052"
"3","0.2","true","false","false","true","783","32.244","620.3270756298195"
"6","0.5","true","false","false","true","909","27.764","488.8669234873761"
"7","0.6","true","false","false","true","931","23.596","463.3456817192516"
"8","0.7","true","false","false","true","987","22.252","415.8654781205272"
"10","0.9","true","false","false","true","37","10.736","360.30627233499393"
"5","0.4","true","false","false","true","900","34.536","514.7088921285731"
"9","0.8","true","false","false","true","973","16.548","419.9621617968053"
"3","0.2","true","false","false","true","784","32.2","618.8820647959309"
"6","0.5","true","false","false","true","910","27.312","490.17364177482557"
"4","0.3","true","false","false","true","835","30.864","573.0825288783692"
"8","0.7","true","false","false","true","988","22.128","416.2164496325137"
"10","0.9","true","false","false","true","38","10.616","359.60358219568866"
"2","0.1","true","false","false","true","694","14.808","736.5572333648386"
"7","0.6","true","false","false","true","932","23.368","463.1990870833372"
"5","0.4","true","false","false","true","901","34.212","515.1235196517976"
"9","0.8","true","false","false","true","974","16.624","419.28548264242727"
"3","0.2","true","false","false","true","785","32.56","619.7040890633292"
"10","0.9","true","false","false","true","39","10.752","360.300149662323"
"4","0.3","true","false","false","true","836","31.22","573.5208563940721"
"8","0.7","true","false","false","true","989","21.672","416.369131419811"
"6","0.5","true","false","false","true","911","27.34","490.39737596869986"
"7","0.6","true","false","false","true","933","23.144","463.93531579647953"
"9","0.8","true","false","false","true","975","16.512","420.7486386297224"
"5","0.4","true","false","false","true","902","33.984","513.7841705886376"
"2","0.1","true","false","false","true","695","14.704","735.5878823163861"
"6","0.5","true","false","false","true","912","27.312","489.1655800362683"
"10","0.9","true","false","false","true","40","10.816","360.69780120832394"
"3","0.2","true","false","false","true","786","32.352","620.1940483456178"
"8","0.7","true","false","false","true","990","21.984","416.14532127573545"
"4","0.3","true","false","false","true","837","31.216","573.761519905243"
"7","0.6","true","false","false","true","934","23.496","462.1357606655617"
"5","0.4","true","false","false","true","903","33.788","513.2216465179733"
"9","0.8","true","false","false","true","976","16.432","419.4876613703025"
"10","0.9","true","false","false","true","41","10.872","360.7605873340172"
"6","0.5","true","false","false","true","913","27.532","487.80484079260447"
"7","0.6","true","false","false","true","935","23.844","462.5122490944603"
"8","0.7","true","false","false","true","991","21.98","416.59469715500745"
"4","0.3","true","false","false","true","838","31.112","573.4637366271298"
"3","0.2","true","false","false","true","787","32.456","619.0874184958153"
"5","0.4","true","false","false","true","904","34.112","512.8238626648161"
"9","0.8","true","false","false","true","977","16.388","420.2347532406514"
"2","0.1","true","false","false","true","696","14.7","736.8063222672184"
"10","0.9","true","false","false","true","42","10.924","360.8020885759649"
"6","0.5","true","false","false","true","914","27.168","488.4191218037824"
"7","0.6","true","false","false","true","936","23.528","462.1600459270943"
"8","0.7","true","false","false","true","992","21.98","416.4330811875559"
"10","0.9","true","false","false","true","43","10.972","361.3765388950875"
"4","0.3","true","false","false","true","839","30.696","571.8837404096347"
"3","0.2","true","false","false","true","788","32.652","619.3649703336159"
"9","0.8","true","false","false","true","978","16.512","420.53414580586195"
"5","0.4","true","false","false","true","905","33.456","513.6230771052584"
"2","0.1","true","false","false","true","697","14.608","737.1317577278214"
"6","0.5","true","false","false","true","915","26.896","489.54602157988603"
"7","0.6","true","false","false","true","937","23.596","461.52976528071804"
"10","0.9","true","false","false","true","44","10.904","360.55500463887427"
"4","0.3","true","false","false","true","840","31.112","570.99528282919"
"8","0.7","true","false","false","true","993","21.996","417.4540708850036"
"9","0.8","true","false","false","true","979","16.56","419.9333224463195"
"5","0.4","true","false","false","true","906","33.556","513.2581053028646"
"10","0.9","true","false","false","true","45","10.92","361.59109213813724"
"3","0.2","true","false","false","true","789","32.68","619.7660455201909"
"6","0.5","true","false","false","true","916","27.244","488.451933112864"
"7","0.6","true","false","false","true","938","23.68","460.2788243029731"
"2","0.1","true","false","false","true","698","14.54","737.1361540028664"
"9","0.8","true","false","false","true","980","16.436","419.2508304118868"
"4","0.3","true","false","false","true","841","31.42","571.1210342151395"
"10","0.9","true","false","false","true","46","10.784","361.3802966324689"
"8","0.7","true","false","false","true","994","22.06","417.50843414908843"
"5","0.4","true","false","false","true","907","33.272","513.2994165291549"
"7","0.6","true","false","false","true","939","23.696","461.4105954445032"
"3","0.2","true","false","false","true","790","32.6","620.354628389531"
"6","0.5","true","false","false","true","917","27.744","489.451767128343"
"9","0.8","true","false","false","true","981","16.404","419.87380359014224"
"10","0.9","true","false","false","true","47","11.072","361.1714106331496"
"8","0.7","true","false","false","true","995","22.288","417.35143547360843"
"4","0.3","true","false","false","true","842","30.896","570.7304160741201"
"2","0.1","true","false","false","true","699","14.42","738.097677533774"
"5","0.4","true","false","false","true","908","33.392","512.6942459034118"
"6","0.5","true","false","false","true","918","27.604","488.8021782306629"
"3","0.2","true","false","false","true","791","32.784","619.1428390611591"
"7","0.6","true","false","false","true","940","23.472","462.4258771255589"
"10","0.9","true","false","false","true","48","11.128","361.3873746778656"
"9","0.8","true","false","false","true","982","16.472","419.7387818671924"
"8","0.7","true","false","false","true","996","21.996","417.56194996000863"
"10","0.9","true","false","false","true","49","11.104","360.2779051684183"
"4","0.3","true","false","false","true","843","30.928","571.3280995136704"
"6","0.5","true","false","false","true","919","27.544","488.2668542142971"
"7","0.6","true","false","false","true","941","24.048","461.3052639662445"
"9","0.8","true","false","false","true","983","16.284","419.86633177101226"
"3","0.2","true","false","false","true","792","32.832","619.90378625837"
"8","0.7","true","false","false","true","997","22.052","416.9441784125669"
"5","0.4","true","false","false","true","909","33.712","513.4972867696702"
"10","0.9","true","false","false","true","50","11.008","361.6417901984963"
"2","0.1","true","false","false","true","700","14.46","739.3494665276902"
"4","0.3","true","false","false","true","844","30.912","570.8943259588522"
"6","0.5","true","false","false","true","920","27.456","488.0598085273051"
"7","0.6","true","false","false","true","942","24.128","461.0048699838458"
"8","0.7","true","false","false","true","998","22.28","416.48944865262314"
"9","0.8","true","false","false","true","984","16.472","419.46208874835474"
"3","0.2","true","false","false","true","793","32.736","619.3469414629888"
"5","0.4","true","false","false","true","910","33.744","513.371197204921"
"10","0.9","true","false","false","true","51","11.124","362.42424051840146"
"4","0.3","true","false","false","true","845","30.96","570.8938254111537"
"6","0.5","true","false","false","true","921","27.14","488.87014279332504"
"7","0.6","true","false","false","true","943","24.516","460.99522497341684"
"2","0.1","true","false","false","true","701","14.612","740.8364736433282"
"9","0.8","true","false","false","true","985","16.596","419.5334933926798"
"3","0.2","true","false","false","true","794","32.636","617.9129395537686"
"8","0.7","true","false","false","true","999","22.484","417.6792691411187"
"10","0.9","true","false","false","true","52","11.136","362.36293818951685"
"5","0.4","true","false","false","true","911","33.636","514.1858395837737"
"6","0.5","true","false","false","true","922","26.94","488.48738530365944"
"7","0.6","true","false","false","true","944","24.16","461.4870667073148"
"4","0.3","true","false","false","true","846","30.868","570.7689549550229"
"10","0.9","true","false","false","true","53","11.056","361.01202393756614"
"9","0.8","true","false","false","true","986","16.576","419.39886428831795"
"5","0.4","true","false","false","true","912","33.776","513.8852867622547"
"2","0.1","true","false","false","true","702","14.816","740.5581091069695"
"3","0.2","true","false","false","true","795","32.484","616.9587261920615"
"6","0.5","true","false","false","true","923","27.256","488.35145402769325"
"10","0.9","true","false","false","true","54","11.256","361.8325898548261"
"7","0.6","true","false","false","true","945","24.252","460.8111925532573"
"9","0.8","true","false","false","true","987","16.64","419.7320214787"
"4","0.3","true","false","false","true","847","30.944","569.5176049998356"
"5","0.4","true","false","false","true","913","33.792","513.6994117502978"
"6","0.5","true","false","false","true","924","27.308","488.4020232336812"
"10","0.9","true","false","false","true","55","11.252","362.15675437931867"
"3","0.2","true","false","false","true","796","32.24","615.2728628659488"
"7","0.6","true","false","false","true","946","23.992","460.57831245531196"
"2","0.1","true","false","false","true","703","14.916","740.7708559786773"
"9","0.8","true","false","false","true","988","16.488","419.3591937396832"
"5","0.4","true","false","false","true","914","33.388","513.2643706814389"
"4","0.3","true","false","false","true","848","30.9","569.529643263773"
"10","0.9","true","false","false","true","56","11.204","362.3145961250304"
"6","0.5","true","false","false","true","925","26.964","489.2280739753452"
"7","0.6","true","false","false","true","947","23.964","460.816872942906"
"3","0.2","true","false","false","true","797","32.168","614.7476734348895"
"9","0.8","true","false","false","true","989","16.556","419.4923881660632"
"2","0.1","true","false","false","true","704","14.896","738.8454769994263"
"4","0.3","true","false","false","true","849","30.896","569.030147919748"
"5","0.4","true","false","false","true","915","33.364","514.3247892051415"
"10","0.9","true","false","false","true","57","11.188","361.7672192911228"
"7","0.6","true","false","false","true","948","24.112","459.74290478909114"
"6","0.5","true","false","false","true","926","27.2","488.1606603861968"
"9","0.8","true","false","false","true","990","16.32","418.77412132342374"
"3","0.2","true","false","false","true","798","32.008","614.4610790792548"
"10","0.9","true","false","false","true","58","11.324","361.3682555182971"
"5","0.4","true","false","false","true","916","33.648","514.0983100956773"
"4","0.3","true","false","false","true","850","31.164","569.0069538925857"
"7","0.6","true","false","false","true","949","24.2","460.3675232308194"
"6","0.5","true","false","false","true","927","27.4","487.8501885505601"
"2","0.1","true","false","false","true","705","15.128","739.1210313885613"
"3","0.2","true","false","false","true","799","32.004","613.333488485995"
"9","0.8","true","false","false","true","991","16.532","419.70616762492716"
"10","0.9","true","false","false","true","59","11.04","361.71867725667914"
"5","0.4","true","false","false","true","917","34.024","514.1711937541579"
"7","0.6","true","false","false","true","950","23.776","461.31433687841326"
"4","0.3","true","false","false","true","851","31.284","569.0653854057288"
"6","0.5","true","false","false","true","928","27.356","487.7100869959955"
"9","0.8","true","false","false","true","992","16.744","418.66343237489366"
"10","0.9","true","false","false","true","60","11.1","361.52523818792434"
"5","0.4","true","false","false","true","918","34.296","514.2537762721075"
"3","0.2","true","false","false","true","800","31.732","612.9385399185514"
"4","0.3","true","false","false","true","852","31.544","568.4126949712202"
"6","0.5","true","false","false","true","929","26.984","487.53029989857777"
"2","0.1","true","false","false","true","706","15.172","738.2711833091299"
"7","0.6","true","false","false","true","951","23.604","462.31949782066164"
"9","0.8","true","false","false","true","993","16.72","419.5308366690656"
"10","0.9","true","false","false","true","61","11.04","361.5115633063845"
"3","0.2","true","false","false","true","801","32.168","613.4126605026778"
"4","0.3","true","false","false","true","853","31.216","566.8926232730738"
"5","0.4","true","false","false","true","919","34.164","513.7299724263842"
"7","0.6","true","false","false","true","952","23.576","461.07201220603304"
"6","0.5","true","false","false","true","930","27.384","486.8889024760071"
"9","0.8","true","false","false","true","994","16.8","418.6619939210465"
"10","0.9","true","false","false","true","62","11.064","362.0686228438816"
"2","0.1","true","false","false","true","707","15.152","738.0250793343911"
"4","0.3","true","false","false","true","854","30.948","566.6887457811877"
"3","0.2","true","false","false","true","802","32.184","612.9950139887837"
"9","0.8","true","false","false","true","995","16.592","419.10727825061286"
"6","0.5","true","false","false","true","931","27.1","487.5648541843841"
"7","0.6","true","false","false","true","953","23.432","459.7977924636639"
"5","0.4","true","false","false","true","920","34.16","513.3925675511002"
"10","0.9","true","false","false","true","63","11.02","361.58087669263557"
"4","0.3","true","false","false","true","855","31.068","567.2829882022536"
"9","0.8","true","false","false","true","996","16.76","419.0904382856151"
"6","0.5","true","false","false","true","932","27.084","486.47816146076894"
"3","0.2","true","false","false","true","803","32.188","613.5858711410036"
"7","0.6","true","false","false","true","954","23.396","460.21011072790424"
"2","0.1","true","false","false","true","708","15","737.8191819604118"
"5","0.4","true","false","false","true","921","33.936","514.7032062517017"
"10","0.9","true","false","false","true","64","11.028","362.1652267677932"
"9","0.8","true","false","false","true","997","16.656","418.71136074126105"
"4","0.3","true","false","false","true","856","31.228","567.4306538096188"
"7","0.6","true","false","false","true","955","23.572","459.99114505449546"
"6","0.5","true","false","false","true","933","27.42","488.08970645640983"
"3","0.2","true","false","false","true","804","32.62","613.5497640096526"
"5","0.4","true","false","false","true","922","34.34","514.1563715401078"
"10","0.9","true","false","false","true","65","10.956","362.57719951304"
"7","0.6","true","false","false","true","956","23.516","459.8982270684246"
"2","0.1","true","false","false","true","709","14.952","737.9597348995571"
"4","0.3","true","false","false","true","857","31.236","567.4048231895505"
"9","0.8","true","false","false","true","998","16.772","418.57802608318707"
"3","0.2","true","false","false","true","805","32.78","613.5014536636279"
"6","0.5","true","false","false","true","934","27.688","488.2904799358748"
"10","0.9","true","false","false","true","66","10.972","361.72877606698177"
"5","0.4","true","false","false","true","923","34.096","515.1637938085371"
"7","0.6","true","false","false","true","957","23.788","460.45994293521153"
"9","0.8","true","false","false","true","999","16.828","418.47695274387934"
"4","0.3","true","false","false","true","858","31.596","568.1807893013478"
"6","0.5","true","false","false","true","935","27.948","486.73520849448835"
"3","0.2","true","false","false","true","806","32.368","614.5713285888935"
"10","0.9","true","false","false","true","67","11.02","361.28797247621054"
"2","0.1","true","false","false","true","710","14.88","738.1302732456558"
"7","0.6","true","false","false","true","958","23.572","460.2724955544791"
"5","0.4","true","false","false","true","924","33.852","515.4705871224963"
"4","0.3","true","false","false","true","859","31.84","567.42052284816"
"6","0.5","true","false","false","true","936","28.132","486.3116621808569"
"3","0.2","true","false","false","true","807","32.544","612.0822623508451"
"10","0.9","true","false","false","true","68","11.132","359.9823923753621"
"7","0.6","true","false","false","true","959","23.6","460.3127281112389"
"11","1","true","false","false","true","0","6.584","<RuntimePrimitiveException>"
"5","0.4","true","false","false","true","925","34.336","516.6885330046786"
"2","0.1","true","false","false","true","711","14.952","738.058253916945"
"4","0.3","true","false","false","true","860","31.7","566.3216236023804"
"10","0.9","true","false","false","true","69","11.044","360.73824614546953"
"3","0.2","true","false","false","true","808","32.528","611.0415080748751"
"6","0.5","true","false","false","true","937","28.12","486.09087920318797"
"7","0.6","true","false","false","true","960","23.684","460.15528093644485"
"11","1","true","false","false","true","1","6.564","383.21356189816584"
"4","0.3","true","false","false","true","861","31.928","566.4544593528326"
"10","0.9","true","false","false","true","70","11.048","359.88687285307697"
"7","0.6","true","false","false","true","961","23.58","461.5031633338165"
"5","0.4","true","false","false","true","926","33.66","516.404084523189"
"3","0.2","true","false","false","true","809","32.308","612.024428383374"
"6","0.5","true","false","false","true","938","27.752","487.396932025123"
"2","0.1","true","false","false","true","712","15.032","736.882412858327"
"10","0.9","true","false","false","true","71","11.16","359.88726750007004"
"7","0.6","true","false","false","true","962","23.516","458.7424488447303"
"3","0.2","true","false","false","true","810","32.596","611.6386934069484"
"11","1","true","false","false","true","2","6.696","384.08295695250285"
"4","0.3","true","false","false","true","862","31.984","565.3352754470563"
"5","0.4","true","false","false","true","927","33.864","517.3860901088652"
"6","0.5","true","false","false","true","939","27.48","488.84488741144344"
"7","0.6","true","false","false","true","963","24.06","459.01830849052755"
"10","0.9","true","false","false","true","72","11.156","359.7743574614768"
"2","0.1","true","false","false","true","713","14.94","735.3821687938917"
"3","0.2","true","false","false","true","811","32.972","610.1031481743479"
"4","0.3","true","false","false","true","863","32.084","563.9785122500257"
"11","1","true","false","false","true","3","6.8","385.37655433954217"
"5","0.4","true","false","false","true","928","33.964","517.1782710568358"
"7","0.6","true","false","false","true","964","24","457.6382135056346"
"6","0.5","true","false","false","true","940","27.728","486.83526190812574"
"10","0.9","true","false","false","true","73","11.132","359.8007809417942"
"3","0.2","true","false","false","true","812","33.124","611.1140886501844"
"4","0.3","true","false","false","true","864","31.852","563.1938283771291"
"11","1","true","false","false","true","4","6.952","371.5198536201786"
"2","0.1","true","false","false","true","714","15.016","733.1654231781049"
"5","0.4","true","false","false","true","929","33.484","517.1628610823449"
"7","0.6","true","false","false","true","965","23.992","457.8216786530262"
"6","0.5","true","false","false","true","941","27.748","487.3668012842394"
"10","0.9","true","false","false","true","74","11.148","360.41508974806476"
"4","0.3","true","false","false","true","865","32.168","563.5716180127592"
"3","0.2","true","false","false","true","813","33.328","611.8168656716026"
"6","0.5","true","false","false","true","942","27.88","487.171469609009"
"5","0.4","true","false","false","true","930","33.7","516.02182707749"
"11","1","true","false","false","true","5","7.096","359.61403283470435"
"10","0.9","true","false","false","true","75","11.12","361.3225361228045"
"7","0.6","true","false","false","true","966","23.964","458.9252398469079"
"4","0.3","true","false","false","true","866","32.12","563.477989457969"
"2","0.1","true","false","false","true","715","15.216","732.7857731413624"
"3","0.2","true","false","false","true","814","33.208","611.1839441069347"
"7","0.6","true","false","false","true","967","23.764","458.50890336651446"
"6","0.5","true","false","false","true","943","27.828","488.3197238281419"
"5","0.4","true","false","false","true","931","33.46","515.0747659088373"
"10","0.9","true","false","false","true","76","11.248","361.14956168049537"
"11","1","true","false","false","true","6","7.18","348.1996397117918"
"4","0.3","true","false","false","true","867","32.14","563.73483311582"
"3","0.2","true","false","false","true","815","33.396","611.3635515115094"
"2","0.1","true","false","false","true","716","15.116","733.1298281407234"
"7","0.6","true","false","false","true","968","23.976","458.27964050262784"
"6","0.5","true","false","false","true","944","28.036","488.1017843652652"
"5","0.4","true","false","false","true","932","33.608","514.1688716558059"
"4","0.3","true","false","false","true","868","32.232","562.8580930725462"
"11","1","true","false","false","true","7","7.296","339.10597013551575"
"3","0.2","true","false","false","true","816","33.512","611.4240573374457"
"10","0.9","true","false","false","true","77","11.388","361.4699302946305"
"7","0.6","true","false","false","true","969","23.772","459.9335847316784"
"6","0.5","true","false","false","true","945","27.696","487.77893131532414"
"5","0.4","true","false","false","true","933","33.756","514.2425968378205"
"2","0.1","true","false","false","true","717","15.212","730.7885512287495"
"10","0.9","true","false","false","true","78","11.348","361.27040154004595"
"4","0.3","true","false","false","true","869","32.328","562.5666841191685"
"3","0.2","true","false","false","true","817","33.312","611.9654248887593"
"11","1","true","false","false","true","8","7.376","331.2870892075302"
"7","0.6","true","false","false","true","970","23.576","459.8802265191864"
"6","0.5","true","false","false","true","946","27.868","487.25723507187934"
"10","0.9","true","false","false","true","79","11.472","361.42725790270674"
"5","0.4","true","false","false","true","934","33.656","513.7100394268928"
"4","0.3","true","false","false","true","870","32.512","562.86056552457"
"3","0.2","true","false","false","true","818","33.52","610.0767918761767"
"7","0.6","true","false","false","true","971","23.892","459.7723976041931"
"2","0.1","true","false","false","true","718","15.164","731.9906601237874"
"6","0.5","true","false","false","true","947","28.156","487.16294323425296"
"11","1","true","false","false","true","9","7.512","324.05287647153995"
"5","0.4","true","false","false","true","935","33.5","513.3050356118888"
"10","0.9","true","false","false","true","80","11.596","360.88808192235985"
"3","0.2","true","false","false","true","819","33.472","609.192575315572"
"10","0.9","true","false","false","true","81","11.556","361.53125505795595"
"4","0.3","true","false","false","true","871","32.712","563.648565705522"
"7","0.6","true","false","false","true","972","24.08","459.9905901617875"
"5","0.4","true","false","false","true","936","33.576","513.4523712366489"
"11","1","true","false","false","true","10","7.608","316.98495400047966"
"6","0.5","true","false","false","true","948","27.976","487.9232588786779"
"10","0.9","true","false","false","true","82","11.644","361.5038279746011"
"2","0.1","true","false","false","true","719","15.08","730.2267520060467"
"4","0.3","true","false","false","true","872","32.688","564.0716676668744"
"11","1","true","false","false","true","11","7.76","311.3490752367858"
"7","0.6","true","false","false","true","973","23.544","461.83517974010977"
"5","0.4","true","false","false","true","937","33.684","513.2188193667507"
"3","0.2","true","false","false","true","820","33.636","609.3014133404504"
"6","0.5","true","false","false","true","949","28.068","486.8051210427441"
"10","0.9","true","false","false","true","83","11.576","361.4055246777975"
"10","0.9","true","false","false","true","84","11.712","360.6125715995345"
"4","0.3","true","false","false","true","873","32.636","564.1737013570128"
"6","0.5","true","false","false","true","950","27.876","486.90255737872394"
"7","0.6","true","false","false","true","974","23.752","461.1789870243523"
"3","0.2","true","false","false","true","821","33.504","609.0222339807236"
"11","1","true","false","false","true","12","7.872","306.63940813239554"
"5","0.4","true","false","false","true","938","33.84","513.5482853944475"
"2","0.1","true","false","false","true","720","15.064","729.5458543225791"
"10","0.9","true","false","false","true","85","11.68","360.9191459420964"
"6","0.5","true","false","false","true","951","27.892","487.89480668350393"
"7","0.6","true","false","false","true","975","23.752","459.0736824885881"
"4","0.3","true","false","false","true","874","32.852","563.8351476475302"
"3","0.2","true","false","false","true","822","33.536","609.1705510368438"
"10","0.9","true","false","false","true","86","11.58","360.7292576378819"
"6","0.5","true","false","false","true","952","28.18","488.0530682853569"
"2","0.1","true","false","false","true","721","15.26","728.8892248168669"
"7","0.6","true","false","false","true","976","23.568","460.0103073653052"
"11","1","true","false","false","true","13","8.016","302.8800751828263"
"5","0.4","true","false","false","true","939","34.308","514.0396413699842"
"10","0.9","true","false","false","true","87","11.716","359.77537119358095"
"3","0.2","true","false","false","true","823","33.076","607.9981048226554"
"4","0.3","true","false","false","true","875","32.68","564.057212693619"
"6","0.5","true","false","false","true","953","28.196","487.6964212137146"
"5","0.4","true","false","false","true","940","34.12","513.7399520129477"
"11","1","true","false","false","true","14","8.172","299.7658470641468"
"10","0.9","true","false","false","true","88","11.648","360.8261486971244"
"7","0.6","true","false","false","true","977","23.488","460.33618103094256"
"2","0.1","true","false","false","true","722","15.168","727.2464586385554"
"11","1","true","false","false","true","15","8.216","296.45481276500124"
"4","0.3","true","false","false","true","876","32.764","563.5615609482064"
"3","0.2","true","false","false","true","824","33.228","609.0008106661779"
"5","0.4","true","false","false","true","941","34.08","513.3908093495139"
"10","0.9","true","false","false","true","89","11.6","360.5221552388515"
"6","0.5","true","false","false","true","954","28.648","486.93792810478567"
"7","0.6","true","false","false","true","978","23.772","460.5440715306295"
"11","1","true","false","false","true","16","8.292","293.52529115298734"
"4","0.3","true","false","false","true","877","32.648","563.6588052482159"
"3","0.2","true","false","false","true","825","33.44","609.5216208477179"
"10","0.9","true","false","false","true","90","11.772","361.5062920328861"
"2","0.1","true","false","false","true","723","15.02","728.5831119348519"
"6","0.5","true","false","false","true","955","28.308","487.2749824683188"
"5","0.4","true","false","false","true","942","34.056","513.6637226712086"
"4","0.3","true","false","false","true","878","32.696","563.2500966800301"
"7","0.6","true","false","false","true","979","23.868","459.8519039979412"
"11","1","true","false","false","true","17","8.288","291.14903623843315"
"10","0.9","true","false","false","true","91","11.58","362.24693805328235"
"6","0.5","true","false","false","true","956","28.644","487.28080827339323"
"5","0.4","true","false","false","true","943","34.368","513.3780046858399"
"3","0.2","true","false","false","true","826","33.312","610.2703642739394"
"4","0.3","true","false","false","true","879","32.976","562.9533073962701"
"10","0.9","true","false","false","true","92","11.82","361.21798807037544"
"7","0.6","true","false","false","true","980","24.116","459.3644893799507"
"11","1","true","false","false","true","18","8.32","288.9604288278528"
"2","0.1","true","false","false","true","724","14.92","726.5837064737618"
"6","0.5","true","false","false","true","957","28.784","486.6005367967172"
"10","0.9","true","false","false","true","93","11.704","361.54608287280314"
"5","0.4","true","false","false","true","944","34.728","513.4327619530987"
"4","0.3","true","false","false","true","880","33","563.0465668382698"
"7","0.6","true","false","false","true","981","24.232","460.9289543583602"
"3","0.2","true","false","false","true","827","33.22","610.4871787289978"
"11","1","true","false","false","true","19","8.34","287.545452756665"
"10","0.9","true","false","false","true","94","11.664","362.10013016974256"
"2","0.1","true","false","false","true","725","14.824","726.6764085243108"
"6","0.5","true","false","false","true","958","28.688","487.2197388120276"
"4","0.3","true","false","false","true","881","32.66","563.1307186866866"
"3","0.2","true","false","false","true","828","33.244","612.1136043685837"
"7","0.6","true","false","false","true","982","23.74","459.87249352334885"
"5","0.4","true","false","false","true","945","34.688","513.9788068350119"
"10","0.9","true","false","false","true","95","11.704","361.94844986596684"
"11","1","true","false","false","true","20","8.36","286.3503215545585"
"6","0.5","true","false","false","true","959","29.06","486.4056711484287"
"7","0.6","true","false","false","true","983","24.728","459.15244988575785"
"3","0.2","true","false","false","true","829","33.54","611.7334146207787"
"2","0.1","true","false","false","true","726","14.8","726.9485967906431"
"10","0.9","true","false","false","true","96","11.704","361.4194144837552"
"4","0.3","true","false","false","true","882","33.204","561.2833480219672"
"11","1","true","false","false","true","21","8.404","285.08110189119395"
"5","0.4","true","false","false","true","946","34.24","514.9033718039733"
"6","0.5","true","false","false","true","960","28.804","485.60284827629107"
"7","0.6","true","false","false","true","984","24.424","461.37882573414254"
"10","0.9","true","false","false","true","97","11.756","361.9070092938733"
"3","0.2","true","false","false","true","830","33.576","610.6550154746751"
"4","0.3","true","false","false","true","883","32.708","561.2730153829672"
"6","0.5","true","false","false","true","961","28.732","486.2087658770158"
"11","1","true","false","false","true","22","8.416","284.19445917029435"
"10","0.9","true","false","false","true","98","11.724","363.10145208551285"
"7","0.6","true","false","false","true","985","24.336","460.4112212171823"
"5","0.4","true","false","false","true","947","34.188","514.3606389534935"
"2","0.1","true","false","false","true","727","14.896","725.6404268560494"
"3","0.2","true","false","false","true","831","33.32","609.9002209337509"
"4","0.3","true","false","false","true","884","33.096","561.7028604325998"
"7","0.6","true","false","false","true","986","23.872","460.952110637863"
"6","0.5","true","false","false","true","962","28.988","486.1027154937738"
"10","0.9","true","false","false","true","99","11.808","362.6936593744393"
"11","1","true","false","false","true","23","8.472","283.6158074477661"
"5","0.4","true","false","false","true","948","33.604","514.1608368134517"
"7","0.6","true","false","false","true","987","23.904","460.4424218870391"
"3","0.2","true","false","false","true","832","33.492","609.7808056506442"
"10","0.9","true","false","false","true","100","11.64","362.45085161472554"
"2","0.1","true","false","false","true","728","14.924","724.7909851911144"
"6","0.5","true","false","false","true","963","28.44","486.95472420355117"
"4","0.3","true","false","false","true","885","33.028","561.6049723950903"
"10","0.9","true","false","false","true","101","11.66","363.95093582325524"
"11","1","true","false","false","true","24","8.456","283.302530559814"
"5","0.4","true","false","false","true","949","33.932","513.1565905510198"
"7","0.6","true","false","false","true","988","23.86","461.6296003442798"
"2","0.1","true","false","false","true","729","14.928","723.1885916532293"
"3","0.2","true","false","false","true","833","33.9","608.8949859258171"
"6","0.5","true","false","false","true","964","28.952","486.30666845820923"
"10","0.9","true","false","false","true","102","11.78","363.77601760459225"
"11","1","true","false","false","true","25","8.452","282.9796706919534"
"4","0.3","true","false","false","true","886","33.328","562.4200557704835"
"7","0.6","true","false","false","true","989","23.972","459.4343209987633"
"10","0.9","true","false","false","true","103","11.776","363.53263977843267"
"6","0.5","true","false","false","true","965","28.912","485.5946461249461"
"2","0.1","true","false","false","true","730","14.948","723.9578016067825"
"3","0.2","true","false","false","true","834","33.816","607.9636322815593"
"5","0.4","true","false","false","true","950","33.596","512.4137234130526"
"11","1","true","false","false","true","26","8.452","282.9349383192155"
"7","0.6","true","false","false","true","990","23.896","459.872780122508"
"10","0.9","true","false","false","true","104","11.764","363.38759034179105"
"3","0.2","true","false","false","true","835","33.98","607.5703866389238"
"2","0.1","true","false","false","true","731","14.908","723.3651209367207"
"6","0.5","true","false","false","true","966","29.144","486.2991534006435"
"4","0.3","true","false","false","true","887","33.348","561.4195419202051"
"11","1","true","false","false","true","27","8.444","282.8878860442527"
"7","0.6","true","false","false","true","991","24.3","459.66867619397533"
"10","0.9","true","false","false","true","105","11.78","363.5309635389719"
"5","0.4","true","false","false","true","951","34.18","512.9864561579768"
"2","0.1","true","false","false","true","732","15.06","723.0537188162205"
"3","0.2","true","false","false","true","836","33.604","606.6817990573745"
"4","0.3","true","false","false","true","888","33.104","560.5405636889981"
"11","1","true","false","false","true","28","8.448","282.8386577685617"
"6","0.5","true","false","false","true","967","28.876","486.9409322876973"
"7","0.6","true","false","false","true","992","23.9","459.8492249762626"
"3","0.2","true","false","false","true","837","33.9","605.4200655384948"
"11","1","true","false","false","true","29","8.464","282.7192451111185"
"10","0.9","true","false","false","true","106","11.848","363.5113650086869"
"5","0.4","true","false","false","true","952","33.956","513.6465165783818"
"2","0.1","true","false","false","true","733","15.22","721.3312490522899"
"4","0.3","true","false","false","true","889","33.164","560.724585804664"
"6","0.5","true","false","false","true","968","28.884","486.2337562785858"
"7","0.6","true","false","false","true","993","23.944","458.3353919323977"
"10","0.9","true","false","false","true","107","11.808","363.67516819523235"
"3","0.2","true","false","false","true","838","33.364","606.8770903435958"
"11","1","true","false","false","true","30","8.46","282.66755063702306"
"4","0.3","true","false","false","true","890","33.332","560.8464241930113"
"7","0.6","true","false","false","true","994","24.256","459.1152870108014"
"2","0.1","true","false","false","true","734","15.132","721.167744830239"
"3","0.2","true","false","false","true","839","33.412","607.9016641497797"
"10","0.9","true","false","false","true","108","11.68","364.1676668765753"
"5","0.4","true","false","false","true","953","33.896","516.0436569409815"
"6","0.5","true","false","false","true","969","29.188","485.7559940671678"
"11","1","true","false","false","true","31","8.46","282.667550637023"
"4","0.3","true","false","false","true","891","33.292","561.1494003140461"
"7","0.6","true","false","false","true","995","24.268","458.69894164179163"
"10","0.9","true","false","false","true","109","11.724","363.40487839390414"
"5","0.4","true","false","false","true","954","33.816","515.2763029235011"
"3","0.2","true","false","false","true","840","33.608","608.2753210041963"
"4","0.3","true","false","false","true","892","33.556","559.9155085915902"
"2","0.1","true","false","false","true","735","15.28","720.9018869801873"
"7","0.6","true","false","false","true","996","24.612","458.54076749676176"
"11","1","true","false","false","true","32","8.46","282.66755063702306"
"5","0.4","true","false","false","true","955","34.088","514.6152824365641"
"6","0.5","true","false","false","true","970","28.632","486.2584577656703"
"4","0.3","true","false","false","true","893","33.644","560.0736122487018"
"3","0.2","true","false","false","true","841","33.576","608.2317727701862"
"10","0.9","true","false","false","true","110","11.888","363.48635904564713"
"2","0.1","true","false","false","true","736","15.548","719.735594775089"
"7","0.6","true","false","false","true","997","24.46","458.4055955570325"
"5","0.4","true","false","false","true","956","34.444","514.9095979957516"
"3","0.2","true","false","false","true","842","33.6","607.5369605870031"
"10","0.9","true","false","false","true","111","11.816","362.8633259279267"
"2","0.1","true","false","false","true","737","15.548","718.0160674907887"
"11","1","true","false","false","true","33","8.46","282.66755063702306"
"4","0.3","true","false","false","true","894","33.84","559.9187250030241"
"6","0.5","true","false","false","true","971","28.736","486.4030339932554"
"7","0.6","true","false","false","true","998","24.292","458.56893980533005"
"5","0.4","true","false","false","true","957","34.316","514.3467167858558"
"10","0.9","true","false","false","true","112","12.12","364.44096783949107"
"5","0.4","true","false","false","true","958","33.84","512.3644621282288"
"7","0.6","true","false","false","true","999","24.38","459.57718730630296"
"3","0.2","true","false","false","true","843","33.584","607.056081283208"
"2","0.1","true","false","false","true","738","15.476","717.0861118519496"
"6","0.5","true","false","false","true","972","28.356","487.5401953933783"
"4","0.3","true","false","false","true","895","33.748","560.0429837850178"
"11","1","true","false","false","true","34","8.46","282.667550637023"
"10","0.9","true","false","false","true","113","11.92","363.7591064383326"
"3","0.2","true","false","false","true","844","33.808","607.1700446662265"
"5","0.4","true","false","false","true","959","34.172","512.2309487176683"
"4","0.3","true","false","false","true","896","33.8","560.3957001505423"
"11","1","true","false","false","true","35","8.46","282.66755063702317"
"6","0.5","true","false","false","true","973","28.832","487.1070669291273"
"2","0.1","true","false","false","true","739","15.448","716.1923049140438"
"10","0.9","true","false","false","true","114","11.896","363.7833353499655"
"6","0.5","true","false","false","true","974","28.908","485.8521772616015"
"4","0.3","true","false","false","true","897","33.872","559.1909635467828"
"5","0.4","true","false","false","true","960","34.588","513.1249482864811"
"3","0.2","true","false","false","true","845","33.596","607.9438094524733"
"11","1","true","false","false","true","36","8.46","282.667550637023"
"10","0.9","true","false","false","true","115","11.888","363.7113301655653"
"6","0.5","true","false","false","true","975","28.752","486.41148301270863"
"2","0.1","true","false","false","true","740","15.396","717.1019476428766"
"4","0.3","true","false","false","true","898","34.008","558.6197434576635"
"3","0.2","true","false","false","true","846","33.656","609.0196435837331"
"11","1","true","false","false","true","37","8.46","282.66755063702306"
"5","0.4","true","false","false","true","961","34.148","512.1458695412674"
"10","0.9","true","false","false","true","116","11.904","364.18717771207736"
"6","0.5","true","false","false","true","976","28.416","486.1613562921029"
"4","0.3","true","false","false","true","899","33.82","557.8103454549093"
"3","0.2","true","false","false","true","847","33.876","609.3737904101387"
"11","1","true","false","false","true","38","8.46","282.66755063702306"
"2","0.1","true","false","false","true","741","15.336","717.2270139970794"
"10","0.9","true","false","false","true","117","11.916","364.1646724932539"
"4","0.3","true","false","false","true","900","34.068","557.0426156702683"
"5","0.4","true","false","false","true","962","34.356","512.989030992921"
"11","1","true","false","false","true","39","8.46","282.6675506370233"
"6","0.5","true","false","false","true","977","28.516","486.42930113815817"
"3","0.2","true","false","false","true","848","33.952","609.115047846498"
"10","0.9","true","false","false","true","118","11.8","364.40657858681203"
"4","0.3","true","false","false","true","901","34.172","557.0996712528455"
"5","0.4","true","false","false","true","963","34.296","512.8937602865235"
"11","1","true","false","false","true","40","8.46","282.66755063702306"
"10","0.9","true","false","false","true","119","11.852","363.95743520618674"
"3","0.2","true","false","false","true","849","34.036","608.3009086994746"
"4","0.3","true","false","false","true","902","34.156","556.2446079656075"
"2","0.1","true","false","false","true","742","15.252","716.8070617755384"
"11","1","true","false","false","true","41","8.46","282.6675506370232"
"5","0.4","true","false","false","true","964","34.44","513.2038857094567"
"6","0.5","true","false","false","true","978","28.48","485.91594596673326"
"10","0.9","true","false","false","true","120","11.952","364.9948824196609"
"3","0.2","true","false","false","true","850","33.744","607.3400167044359"
"4","0.3","true","false","false","true","903","33.992","556.5098354782446"
"11","1","true","false","false","true","42","8.46","282.6675506370231"
"5","0.4","true","false","false","true","965","34.576","513.7081678001572"
"10","0.9","true","false","false","true","121","11.88","364.9846032831599"
"3","0.2","true","false","false","true","851","33.668","607.9148790733749"
"6","0.5","true","false","false","true","979","28.736","485.5334690515505"
"4","0.3","true","false","false","true","904","33.62","555.3037191768384"
"10","0.9","true","false","false","true","122","11.868","364.29598394981474"
"2","0.1","true","false","false","true","743","15.232","713.8193593370607"
"5","0.4","true","false","false","true","966","34.984","514.7944839899735"
"3","0.2","true","false","false","true","852","34.236","608.6382073334672"
"11","1","true","false","false","true","43","8.46","282.667550637023"
"4","0.3","true","false","false","true","905","33.644","554.5745272646908"
"10","0.9","true","false","false","true","123","11.884","364.677138243751"
"6","0.5","true","false","false","true","980","28.384","483.93311943586895"
"2","0.1","true","false","false","true","744","15.12","712.9357894585218"
"5","0.4","true","false","false","true","967","34.676","513.3949258480658"
"3","0.2","true","false","false","true","853","34.208","609.0783819374927"
"11","1","true","false","false","true","44","8.46","282.66755063702294"
"10","0.9","true","false","false","true","124","11.992","365.8873229716318"
"4","0.3","true","false","false","true","906","33.992","553.3792577219616"
"6","0.5","true","false","false","true","981","28.436","484.7463149131815"
"3","0.2","true","false","false","true","854","34.396","610.584629651102"
"10","0.9","true","false","false","true","125","11.9","365.2835940041233"
"2","0.1","true","false","false","true","745","15.132","712.6162095497415"
"5","0.4","true","false","false","true","968","35.252","513.2218624462712"
"11","1","true","false","false","true","45","8.46","282.66755063702294"
"6","0.5","true","false","false","true","982","28.528","484.2002738982706"
"4","0.3","true","false","false","true","907","34.156","553.5761390181785"
"3","0.2","true","false","false","true","855","34.264","610.974593711765"
"10","0.9","true","false","false","true","126","12.076","366.1008588871522"
"5","0.4","true","false","false","true","969","35.58","512.3738350655703"
"6","0.5","true","false","false","true","983","28.308","483.2795444397204"
"2","0.1","true","false","false","true","746","15.104","712.5466118692966"
"11","1","true","false","false","true","46","8.46","282.66755063702294"
"10","0.9","true","false","false","true","127","11.9","366.37046641937684"
"3","0.2","true","false","false","true","856","34.1","610.8619225570304"
"4","0.3","true","false","false","true","908","33.924","553.834697035666"
"5","0.4","true","false","false","true","970","34.988","511.528688234916"
"6","0.5","true","false","false","true","984","28.712","483.9234044595956"
"10","0.9","true","false","false","true","128","11.896","367.1712057716373"
"11","1","true","false","false","true","47","8.46","282.66755063702306"
"3","0.2","true","false","false","true","857","34.656","611.9894555304442"
"2","0.1","true","false","false","true","747","15.168","713.3502324714261"
"4","0.3","true","false","false","true","909","34.276","552.568909002453"
"5","0.4","true","false","false","true","971","35.104","512.0543144679339"
"6","0.5","true","false","false","true","985","28.84","483.6417542026028"
"10","0.9","true","false","false","true","129","12.032","367.403238654166"
"3","0.2","true","false","false","true","858","34.668","610.6442108262595"
"4","0.3","true","false","false","true","910","33.948","552.7202780874846"
"11","1","true","false","false","true","48","8.46","282.6675506370232"
"6","0.5","true","false","false","true","986","28.936","484.32385686444496"
"5","0.4","true","false","false","true","972","35.08","511.35136316787253"
"10","0.9","true","false","false","true","130","12.016","367.4143328092969"
"2","0.1","true","false","false","true","748","15.3","713.6114733213013"
"3","0.2","true","false","false","true","859","34.992","610.3408417439152"
"6","0.5","true","false","false","true","987","29.184","484.6387268681367"
"4","0.3","true","false","false","true","911","34.22","551.9156785646375"
"11","1","true","false","false","true","49","8.46","282.66755063702317"
"10","0.9","true","false","false","true","131","11.792","367.8463596145038"
"5","0.4","true","false","false","true","973","35.016","510.01953825739554"
"6","0.5","true","false","false","true","988","29.024","484.67754307661784"
"3","0.2","true","false","false","true","860","34.436","609.4268346202176"
"4","0.3","true","false","false","true","912","34.472","550.7669393291785"
"2","0.1","true","false","false","true","749","15.328","712.9837834392562"
"10","0.9","true","false","false","true","132","11.972","367.1542250837258"
"11","1","true","false","false","true","50","8.46","282.66755063702306"
"6","0.5","true","false","false","true","989","29.152","484.71198907089973"
"3","0.2","true","false","false","true","861","35.168","608.0482108834165"
"5","0.4","true","false","false","true","974","34.728","510.5952507334987"
"4","0.3","true","false","false","true","913","34.132","550.909244344832"
"10","0.9","true","false","false","true","133","12","367.5128684612058"
"2","0.1","true","false","false","true","750","15.504","712.3318925192483"
"4","0.3","true","false","false","true","914","33.96","552.2739915905958"
"3","0.2","true","false","false","true","862","34.88","606.9346542695807"
"11","1","true","false","false","true","51","8.46","282.6675506370233"
"6","0.5","true","false","false","true","990","29.06","483.009742190891"
"5","0.4","true","false","false","true","975","34.464","510.99661359595837"
"10","0.9","true","false","false","true","134","12.116","366.422166166907"
"6","0.5","true","false","false","true","991","28.748","483.5443654399391"
"3","0.2","true","false","false","true","863","34.64","606.5094926096311"
"2","0.1","true","false","false","true","751","15.404","712.5381466793212"
"4","0.3","true","false","false","true","915","33.936","551.6403490236435"
"11","1","true","false","false","true","52","8.46","282.66755063702317"
"5","0.4","true","false","false","true","976","34.18","511.39403192768935"
"10","0.9","true","false","false","true","135","12.02","367.4170532960112"
"3","0.2","true","false","false","true","864","34.732","607.2038148920293"
"6","0.5","true","false","false","true","992","28.576","483.355178688838"
"4","0.3","true","false","false","true","916","33.752","551.5441745684118"
"11","1","true","false","false","true","53","8.46","282.6675506370229"
"10","0.9","true","false","false","true","136","11.884","367.9502812168778"
"5","0.4","true","false","false","true","977","34.636","510.66440341813933"
"2","0.1","true","false","false","true","752","15.412","713.2886710914728"
"6","0.5","true","false","false","true","993","28.52","482.828374286005"
"4","0.3","true","false","false","true","917","33.872","550.7897216766885"
"3","0.2","true","false","false","true","865","34.948","607.8440579048196"
"11","1","true","false","false","true","54","8.46","282.66755063702317"
"10","0.9","true","false","false","true","137","11.872","367.5305242018607"
"6","0.5","true","false","false","true","994","28.552","482.4706112734541"
"5","0.4","true","false","false","true","978","34.604","510.84454708381816"
"4","0.3","true","false","false","true","918","34.176","552.7412290645581"
"2","0.1","true","false","false","true","753","15.372","712.8201088591057"
"3","0.2","true","false","false","true","866","35.064","606.3347128907898"
"10","0.9","true","false","false","true","138","11.916","367.84631536596044"
"11","1","true","false","false","true","55","8.46","282.66755063702306"
"6","0.5","true","false","false","true","995","28.652","482.73314789725146"
"4","0.3","true","false","false","true","919","34.244","552.4177618358752"
"5","0.4","true","false","false","true","979","34.16","510.79093344000205"
"10","0.9","true","false","false","true","139","12.152","367.66415101347155"
"3","0.2","true","false","false","true","867","35.168","605.3609043985484"
"6","0.5","true","false","false","true","996","28.796","482.4972322982847"
"2","0.1","true","false","false","true","754","15.596","712.5150215997716"
"11","1","true","false","false","true","56","8.46","282.66755063702294"
"4","0.3","true","false","false","true","920","34.136","552.1150371630029"
"5","0.4","true","false","false","true","980","34.148","511.2304599308446"
"10","0.9","true","false","false","true","140","12","368.1553839153312"
"6","0.5","true","false","false","true","997","28.592","482.57553883423014"
"3","0.2","true","false","false","true","868","35.028","605.3575308251621"
"11","1","true","false","false","true","57","8.46","282.66755063702306"
"4","0.3","true","false","false","true","921","34.26","550.5275156196765"
"2","0.1","true","false","false","true","755","15.424","714.0409496764225"
"10","0.9","true","false","false","true","141","12.008","368.21623192156255"
"6","0.5","true","false","false","true","998","28.592","482.8006147381148"
"5","0.4","true","false","false","true","981","34.212","511.55298748393386"
"3","0.2","true","false","false","true","869","34.728","605.3591946814456"
"11","1","true","false","false","true","58","8.46","282.66755063702317"
"4","0.3","true","false","false","true","922","34.204","550.6689580476483"
"6","0.5","true","false","false","true","999","28.784","481.5954564117268"
"10","0.9","true","false","false","true","142","12.08","368.7734111438956"
"2","0.1","true","false","false","true","756","15.372","714.6254856048706"
"5","0.4","true","false","false","true","982","34.32","510.3574180667711"
"11","1","true","false","false","true","59","8.46","282.66755063702317"
"3","0.2","true","false","false","true","870","34.864","604.0955282902601"
"4","0.3","true","false","false","true","923","34.468","552.1315800362306"
"10","0.9","true","false","false","true","143","12.12","368.66608094703156"
"2","0.1","true","false","false","true","757","15.296","713.7711173279264"
"11","1","true","false","false","true","60","8.46","282.66755063702317"
"10","0.9","true","false","false","true","144","12.092","368.84508441343786"
"4","0.3","true","false","false","true","924","34.416","551.8975328682493"
"5","0.4","true","false","false","true","983","33.956","509.70255978963826"
"3","0.2","true","false","false","true","871","34.916","604.4468528016232"
"10","0.9","true","false","false","true","145","12.004","367.9577697253568"
"5","0.4","true","false","false","true","984","33.948","509.8642912743986"
"2","0.1","true","false","false","true","758","15.568","711.3734382672949"
"4","0.3","true","false","false","true","925","35.116","551.6890442008034"
"11","1","true","false","false","true","61","8.46","282.66755063702306"
"3","0.2","true","false","false","true","872","34.832","605.3399137922038"
"10","0.9","true","false","false","true","146","12.044","368.67026032829534"
"4","0.3","true","false","false","true","926","35.056","551.1546084931798"
"10","0.9","true","false","false","true","147","12.124","369.90544973981866"
"5","0.4","true","false","false","true","985","34.412","511.0249911892464"
"3","0.2","true","false","false","true","873","34.808","606.1627128411446"
"10","0.9","true","false","false","true","148","12.1","370.22694050551974"
"11","1","true","false","false","true","62","8.46","282.667550637023"
"3","0.2","true","false","false","true","874","34.74","606.736147575581"
"4","0.3","true","false","false","true","927","35.22","550.9998414112307"
"2","0.1","true","false","false","true","759","15.464","712.064097315363"
"5","0.4","true","false","false","true","986","34.496","508.1713974975668"
"10","0.9","true","false","false","true","149","12.1","369.60891048920854"
"11","1","true","false","false","true","63","8.46","282.6675506370232"
"2","0.1","true","false","false","true","760","15.38","712.8236573933171"
"4","0.3","true","false","false","true","928","35.136","549.7206819012886"
"5","0.4","true","false","false","true","987","34.292","508.4171963389313"
"3","0.2","true","false","false","true","875","35.056","607.1094894270809"
"10","0.9","true","false","false","true","150","12.228","369.97259931353017"
"11","1","true","false","false","true","64","8.46","282.66755063702317"
"4","0.3","true","false","false","true","929","35.22","548.4865570754606"
"5","0.4","true","false","false","true","988","34.128","507.78616389809605"
"10","0.9","true","false","false","true","151","12.168","369.6548822905839"
"2","0.1","true","false","false","true","761","15.048","712.0222197196133"
"3","0.2","true","false","false","true","876","34.756","606.8782592561354"
"11","1","true","false","false","true","65","8.46","282.66755063702294"
"10","0.9","true","false","false","true","152","12.16","370.27246452925584"
"4","0.3","true","false","false","true","930","35.256","548.3749243723859"
"3","0.2","true","false","false","true","877","34.972","606.4992893692128"
"5","0.4","true","false","false","true","989","33.504","507.4374019957163"
"11","1","true","false","false","true","66","8.46","282.66755063702294"
"2","0.1","true","false","false","true","762","15.12","711.8383088491635"
"10","0.9","true","false","false","true","153","12.156","368.46692379563177"
"3","0.2","true","false","false","true","878","35.196","606.2544129628093"
"4","0.3","true","false","false","true","931","35.336","549.06577304169"
"5","0.4","true","false","false","true","990","33.312","506.967076128306"
"2","0.1","true","false","false","true","763","15.096","710.9610168368122"
"3","0.2","true","false","false","true","879","35.236","606.4254209933449"
"11","1","true","false","false","true","67","8.46","282.66755063702317"
"10","0.9","true","false","false","true","154","12.156","369.4755582484308"
"4","0.3","true","false","false","true","932","35.236","548.9803425340242"
"3","0.2","true","false","false","true","880","35.076","606.4417931897722"
"5","0.4","true","false","false","true","991","33.74","506.0949781009612"
"10","0.9","true","false","false","true","155","12.276","368.92540960970706"
"2","0.1","true","false","false","true","764","15.352","711.2711594950307"
"4","0.3","true","false","false","true","933","35.184","547.6642080180023"
"11","1","true","false","false","true","68","8.46","282.6675506370228"
"3","0.2","true","false","false","true","881","34.912","606.9010006707747"
"2","0.1","true","false","false","true","765","15.332","710.6857264206463"
"5","0.4","true","false","false","true","992","34.256","506.0312093135084"
"10","0.9","true","false","false","true","156","12.188","370.57315993635507"
"4","0.3","true","false","false","true","934","35.124","548.1996014014663"
"11","1","true","false","false","true","69","8.46","282.66755063702317"
"3","0.2","true","false","false","true","882","35.076","606.9137340421005"
"10","0.9","true","false","false","true","157","12.216","369.75470223696254"
"2","0.1","true","false","false","true","766","15.224","708.9696944098401"
"5","0.4","true","false","false","true","993","34.464","506.7782734297517"
"4","0.3","true","false","false","true","935","34.94","548.147354858896"
"11","1","true","false","false","true","70","8.46","282.66755063702294"
"10","0.9","true","false","false","true","158","12.248","369.9597215881335"
"3","0.2","true","false","false","true","883","35.068","608.8826967801407"
"5","0.4","true","false","false","true","994","34.48","507.2066326294445"
"4","0.3","true","false","false","true","936","35.228","548.1838134487824"
"11","1","true","false","false","true","71","8.46","282.667550637023"
"2","0.1","true","false","false","true","767","15.332","707.2436093699307"
"3","0.2","true","false","false","true","884","34.844","607.4078744943889"
"10","0.9","true","false","false","true","159","12.1","368.9065632091308"
"5","0.4","true","false","false","true","995","34.62","507.68597195120435"
"4","0.3","true","false","false","true","937","35.092","549.5042104209451"
"11","1","true","false","false","true","72","8.46","282.6675506370229"
"2","0.1","true","false","false","true","768","15.168","705.4484758663889"
"10","0.9","true","false","false","true","160","12.108","369.2540029148478"
"3","0.2","true","false","false","true","885","34.952","607.3687878926555"
"5","0.4","true","false","false","true","996","34.22","508.3144793351983"
"11","1","true","false","false","true","73","8.46","282.66755063702306"
"3","0.2","true","false","false","true","886","34.908","607.841257335539"
"10","0.9","true","false","false","true","161","12.136","369.82137564536777"
"2","0.1","true","false","false","true","769","14.992","706.1600496242163"
"4","0.3","true","false","false","true","938","34.944","548.3948199949108"
"11","1","true","false","false","true","74","8.46","282.667550637023"
"5","0.4","true","false","false","true","997","34.252","508.1739596519563"
"3","0.2","true","false","false","true","887","34.872","607.5879596924551"
"10","0.9","true","false","false","true","162","12.16","369.3106071340327"
"11","1","true","false","false","true","75","8.46","282.66755063702317"
"2","0.1","true","false","false","true","770","14.94","706.6963432230013"
"4","0.3","true","false","false","true","939","35.156","548.0936523805156"
"5","0.4","true","false","false","true","998","33.86","507.6716646192778"
"11","1","true","false","false","true","76","8.46","282.66755063702306"
"3","0.2","true","false","false","true","888","34.86","607.4742511959156"
"2","0.1","true","false","false","true","771","15.132","707.0455877320867"
"10","0.9","true","false","false","true","163","12.196","370.1138753124223"
"4","0.3","true","false","false","true","940","35.36","546.4417297796331"
"3","0.2","true","false","false","true","889","34.74","606.6424862261399"
"5","0.4","true","false","false","true","999","34.412","507.26502033881576"
"11","1","true","false","false","true","77","8.46","282.66755063702317"
"10","0.9","true","false","false","true","164","12.192","369.7087196820503"
"2","0.1","true","false","false","true","772","15.184","706.7146064430829"
"4","0.3","true","false","false","true","941","35.184","547.3764007034471"
"10","0.9","true","false","false","true","165","12.22","369.5134190684923"
"3","0.2","true","false","false","true","890","34.308","607.1501281327083"
"11","1","true","false","false","true","78","8.46","282.667550637023"
"4","0.3","true","false","false","true","942","35.048","546.2862158593342"
"10","0.9","true","false","false","true","166","12.308","368.91577576655993"
"3","0.2","true","false","false","true","891","34.86","607.2799436809527"
"2","0.1","true","false","false","true","773","15.172","705.6785258269513"
"4","0.3","true","false","false","true","943","35.076","545.0946340465993"
"11","1","true","false","false","true","79","8.46","282.667550637023"
"10","0.9","true","false","false","true","167","12.26","370.00307083609715"
"3","0.2","true","false","false","true","892","35.052","606.8092721155181"
"4","0.3","true","false","false","true","944","34.892","545.1168367931256"
"2","0.1","true","false","false","true","774","15.04","705.7060337586537"
"10","0.9","true","false","false","true","168","12.24","370.0887477402423"
"3","0.2","true","false","false","true","893","34.696","606.7442276281596"
"11","1","true","false","false","true","80","8.46","282.667550637023"
"2","0.1","true","false","false","true","775","15.14","705.7807036828768"
"4","0.3","true","false","false","true","945","35.344","545.5288815301197"
"10","0.9","true","false","false","true","169","12.252","369.4017824569296"
"3","0.2","true","false","false","true","894","34.72","607.478502620182"
"11","1","true","false","false","true","81","8.46","282.66755063702294"
"2","0.1","true","false","false","true","776","15.112","704.2747075709802"
"10","0.9","true","false","false","true","170","12.24","369.06627290798804"
"10","0.9","true","false","false","true","171","12.212","369.45537191647503"
"11","1","true","false","false","true","82","8.46","282.66755063702294"
"4","0.3","true","false","false","true","946","35.42","544.9527864094767"
"3","0.2","true","false","false","true","895","35.028","606.9014850162706"
"2","0.1","true","false","false","true","777","15.332","703.985950629279"
"11","1","true","false","false","true","83","8.46","282.66755063702317"
"10","0.9","true","false","false","true","172","12.456","369.15971993084486"
"11","1","true","false","false","true","84","8.46","282.667550637023"
"4","0.3","true","false","false","true","947","35.296","544.4371161858469"
"3","0.2","true","false","false","true","896","35.068","604.7518881552248"
"10","0.9","true","false","false","true","173","12.288","369.5535580247581"
"11","1","true","false","false","true","85","8.46","282.66755063702306"
"2","0.1","true","false","false","true","778","15.368","704.2827680138647"
"10","0.9","true","false","false","true","174","12.292","370.2670456817275"
"4","0.3","true","false","false","true","948","35.64","545.0292113774956"
"3","0.2","true","false","false","true","897","35.196","605.0411300582322"
"11","1","true","false","false","true","86","8.46","282.66755063702334"
"10","0.9","true","false","false","true","175","12.352","370.4343174068949"
"2","0.1","true","false","false","true","779","15.14","704.4454235937583"
"3","0.2","true","false","false","true","898","35.376","605.6688692096092"
"4","0.3","true","false","false","true","949","35.416","545.6610842662939"
"11","1","true","false","false","true","87","8.46","282.66755063702317"
"2","0.1","true","false","false","true","780","15.176","703.9139482021767"
"10","0.9","true","false","false","true","176","12.16","370.9408540504718"
"4","0.3","true","false","false","true","950","35.372","545.2905630550679"
"3","0.2","true","false","false","true","899","35.152","604.2317297231834"
"11","1","true","false","false","true","88","8.46","282.667550637023"
"10","0.9","true","false","false","true","177","12.084","369.6847723929859"
"10","0.9","true","false","false","true","178","12.212","369.57710520897064"
"3","0.2","true","false","false","true","900","35.632","604.0739947527524"
"11","1","true","false","false","true","89","8.46","282.66755063702317"
"2","0.1","true","false","false","true","781","15.236","704.9947244494809"
"4","0.3","true","false","false","true","951","35.32","544.9562233431126"
"10","0.9","true","false","false","true","179","12.216","369.6377694147447"
"3","0.2","true","false","false","true","901","35.972","603.136664986792"
"11","1","true","false","false","true","90","8.46","282.66755063702306"
"10","0.9","true","false","false","true","180","12.24","370.3015282884666"
"2","0.1","true","false","false","true","782","15.232","704.8847736230057"
"4","0.3","true","false","false","true","952","35.488","544.4835138362051"
"10","0.9","true","false","false","true","181","12.3","369.1890190101632"
"11","1","true","false","false","true","91","8.46","282.6675506370228"
"3","0.2","true","false","false","true","902","35.716","603.7230434427521"
"2","0.1","true","false","false","true","783","15.336","704.9562284980782"
"4","0.3","true","false","false","true","953","35.548","544.3656949785044"
"10","0.9","true","false","false","true","182","12.296","369.8906342437389"
"3","0.2","true","false","false","true","903","36.124","604.5652191973212"
"11","1","true","false","false","true","92","8.46","282.66755063702306"
"10","0.9","true","false","false","true","183","12.396","370.54684716775836"
"4","0.3","true","false","false","true","954","36.02","543.2741170581922"
"2","0.1","true","false","false","true","784","15.204","703.8578445617496"
"10","0.9","true","false","false","true","184","12.26","370.6861736653118"
"11","1","true","false","false","true","93","8.46","282.66755063702294"
"3","0.2","true","false","false","true","904","36.368","604.5869050722505"
"10","0.9","true","false","false","true","185","12.136","370.19078553277336"
"4","0.3","true","false","false","true","955","36.036","543.979270976633"
"11","1","true","false","false","true","94","8.46","282.6675506370233"
"2","0.1","true","false","false","true","785","15.252","705.2574533494675"
"3","0.2","true","false","false","true","905","36.252","602.9200646310431"
"10","0.9","true","false","false","true","186","12.284","370.13720113814003"
"11","1","true","false","false","true","95","8.46","282.667550637023"
"4","0.3","true","false","false","true","956","36.368","542.7823236601547"
"2","0.1","true","false","false","true","786","15.372","704.4393255000892"
"10","0.9","true","false","false","true","187","12.316","370.9862530881493"
"11","1","true","false","false","true","96","8.46","282.6675506370231"
"3","0.2","true","false","false","true","906","35.768","602.2834546358374"
"4","0.3","true","false","false","true","957","36.144","542.1116819481222"
"11","1","true","false","false","true","97","8.46","282.6675506370231"
"2","0.1","true","false","false","true","787","15.248","703.9164496994814"
"10","0.9","true","false","false","true","188","12.192","370.76635368366675"
"3","0.2","true","false","false","true","907","36.024","602.3384872198103"
"4","0.3","true","false","false","true","958","36.064","542.5647673862385"
"11","1","true","false","false","true","98","8.46","282.6675506370229"
"10","0.9","true","false","false","true","189","12.316","371.01328711584034"
"3","0.2","true","false","false","true","908","35.9","602.9249874439529"
"11","1","true","false","false","true","99","8.46","282.6675506370228"
"2","0.1","true","false","false","true","788","15.364","701.620335580638"
"4","0.3","true","false","false","true","959","35.868","543.2838453107859"
"10","0.9","true","false","false","true","190","12.148","371.439270968807"
"11","1","true","false","false","true","100","8.46","282.6675506370232"
"3","0.2","true","false","false","true","909","36.08","602.6061250864902"
"4","0.3","true","false","false","true","960","35.824","543.2509244824688"
"2","0.1","true","false","false","true","789","15.4","699.8924665568823"
"10","0.9","true","false","false","true","191","12.184","371.22238000529546"
"11","1","true","false","false","true","101","8.46","282.66755063702294"
"3","0.2","true","false","false","true","910","36.292","601.5670033741048"
"4","0.3","true","false","false","true","961","36.128","543.8604008676645"
"10","0.9","true","false","false","true","192","12.248","370.5310182283077"
"2","0.1","true","false","false","true","790","15.436","699.1024534764056"
"3","0.2","true","false","false","true","911","36.584","600.7881777918832"
"11","1","true","false","false","true","102","8.46","282.66755063702317"
"4","0.3","true","false","false","true","962","35.868","542.9592646669586"
"10","0.9","true","false","false","true","193","12.22","370.95060828583854"
"3","0.2","true","false","false","true","912","36.348","600.2366691144686"
"11","1","true","false","false","true","103","8.46","282.66755063702306"
"2","0.1","true","false","false","true","791","15.42","699.0422585294184"
"4","0.3","true","false","false","true","963","35.776","543.4163982781234"
"10","0.9","true","false","false","true","194","12.08","371.5720866657787"
"3","0.2","true","false","false","true","913","36.048","601.0806367049801"
"11","1","true","false","false","true","104","8.46","282.6675506370231"
"10","0.9","true","false","false","true","195","12.356","370.4904360381475"
"4","0.3","true","false","false","true","964","35.756","544.2064194791925"
"2","0.1","true","false","false","true","792","15.376","698.6363025371585"
"11","1","true","false","false","true","105","8.46","282.66755063702334"
"10","0.9","true","false","false","true","196","12.26","370.87601083069995"
"3","0.2","true","false","false","true","914","36.104","601.5377518917635"
"4","0.3","true","false","false","true","965","36.064","544.8417239912011"
"11","1","true","false","false","true","106","8.46","282.66755063702317"
"2","0.1","true","false","false","true","793","15.444","698.7991060762371"
"10","0.9","true","false","false","true","197","12.232","371.08556455377"
"3","0.2","true","false","false","true","915","36.048","601.9529718826495"
"11","1","true","false","false","true","107","8.46","282.667550637023"
"4","0.3","true","false","false","true","966","36.312","543.4395249541891"
"10","0.9","true","false","false","true","198","12.332","371.06947515825897"
"2","0.1","true","false","false","true","794","15.656","696.776589967285"
"3","0.2","true","false","false","true","916","36.24","601.7542105345381"
"11","1","true","false","false","true","108","8.46","282.667550637023"
"10","0.9","true","false","false","true","199","12.436","370.8231846081933"
"4","0.3","true","false","false","true","967","36.52","542.9752537211872"
"2","0.1","true","false","false","true","795","15.46","696.3037615607594"
"3","0.2","true","false","false","true","917","36.196","601.5180886235567"
"10","0.9","true","false","false","true","200","12.348","371.84031692037144"
"11","1","true","false","false","true","109","8.46","282.66755063702317"
"4","0.3","true","false","false","true","968","36.676","543.1547884786899"
"2","0.1","true","false","false","true","796","15.3","695.7002295163418"
"10","0.9","true","false","false","true","201","12.396","372.42416295324364"
"3","0.2","true","false","false","true","918","36.036","601.7951636694484"
"11","1","true","false","false","true","110","8.46","282.66755063702306"
"4","0.3","true","false","false","true","969","36.788","543.220461028757"
"10","0.9","true","false","false","true","202","12.4","372.3991023013266"
"3","0.2","true","false","false","true","919","36.516","601.1696957611789"
"11","1","true","false","false","true","111","8.46","282.66755063702317"
"4","0.3","true","false","false","true","970","37.256","544.3885630544358"
"2","0.1","true","false","false","true","797","15.068","694.7139149950054"
"10","0.9","true","false","false","true","203","12.504","372.26053526900273"
"3","0.2","true","false","false","true","920","36.256","600.7088946326952"
"11","1","true","false","false","true","112","8.46","282.6675506370232"
"10","0.9","true","false","false","true","204","12.4","371.6327133906928"
"4","0.3","true","false","false","true","971","37.272","544.3754526323266"
"2","0.1","true","false","false","true","798","15.156","694.7657513998458"
"10","0.9","true","false","false","true","205","12.404","372.31701852321464"
"11","1","true","false","false","true","113","8.46","282.66755063702294"
"3","0.2","true","false","false","true","921","36.488","600.2615296730025"
"4","0.3","true","false","false","true","972","36.976","544.3669020493812"
"10","0.9","true","false","false","true","206","12.348","372.34323669101957"
"3","0.2","true","false","false","true","922","36.288","599.400678001703"
"11","1","true","false","false","true","114","8.46","282.66755063702294"
"4","0.3","true","false","false","true","973","36.116","544.4653145201191"
"10","0.9","true","false","false","true","207","12.356","372.63432342506155"
"2","0.1","true","false","false","true","799","15.164","695.8961419439304"
"3","0.2","true","false","false","true","923","36.544","599.3838306306893"
"10","0.9","true","false","false","true","208","12.46","372.6473441294412"
"11","1","true","false","false","true","115","8.46","282.6675506370231"
"4","0.3","true","false","false","true","974","36.404","544.8178496198998"
"3","0.2","true","false","false","true","924","36.772","598.3253857789526"
"2","0.1","true","false","false","true","800","15.464","695.3261427857309"
"10","0.9","true","false","false","true","209","12.356","372.24883381556816"
"4","0.3","true","false","false","true","975","36.396","543.7624199212853"
"11","1","true","false","false","true","116","8.46","282.66755063702317"
"3","0.2","true","false","false","true","925","36.828","598.1015839197362"
"10","0.9","true","false","false","true","210","12.176","372.0962970012458"
"2","0.1","true","false","false","true","801","15.42","694.8722832956093"
"4","0.3","true","false","false","true","976","36.484","543.6449403750158"
"11","1","true","false","false","true","117","8.46","282.6675506370231"
"3","0.2","true","false","false","true","926","37.384","597.0786961137808"
"10","0.9","true","false","false","true","211","12.224","372.222559664102"
"4","0.3","true","false","false","true","977","36.372","543.2350998725251"
"2","0.1","true","false","false","true","802","15.396","694.6546999657725"
"10","0.9","true","false","false","true","212","12.276","372.99114003769574"
"11","1","true","false","false","true","118","8.46","282.66755063702317"
"3","0.2","true","false","false","true","927","37.096","595.2000783944599"
"10","0.9","true","false","false","true","213","12.368","372.5730932843993"
"4","0.3","true","false","false","true","978","36.356","543.5734054300186"
"11","1","true","false","false","true","119","8.46","282.6675506370231"
"10","0.9","true","false","false","true","214","12.212","373.3431461861359"
"3","0.2","true","false","false","true","928","37.388","594.6695210263191"
"2","0.1","true","false","false","true","803","15.384","696.2626239250952"
"4","0.3","true","false","false","true","979","36.312","543.8213804800874"
"11","1","true","false","false","true","120","8.46","282.6675506370232"
"10","0.9","true","false","false","true","215","12.312","373.8842584874374"
"3","0.2","true","false","false","true","929","37.28","594.6339299350212"
"4","0.3","true","false","false","true","980","36.06","543.2181129927006"
"10","0.9","true","false","false","true","216","12.332","373.8282979180119"
"2","0.1","true","false","false","true","804","15.392","695.5038140589817"
"11","1","true","false","false","true","121","8.46","282.66755063702294"
"3","0.2","true","false","false","true","930","37.348","594.6315326899389"
"10","0.9","true","false","false","true","217","12.364","373.56465910043937"
"2","0.1","true","false","false","true","805","15.476","694.7922346140549"
"4","0.3","true","false","false","true","981","36.236","543.3409457635538"
"3","0.2","true","false","false","true","931","37.308","594.6489110280316"
"10","0.9","true","false","false","true","218","12.18","373.6898992232501"
"11","1","true","false","false","true","122","8.46","282.66755063702294"
"4","0.3","true","false","false","true","982","36.304","541.7684644851765"
"10","0.9","true","false","false","true","219","12.428","374.64073731432296"
"3","0.2","true","false","false","true","932","37.224","594.3861907339659"
"4","0.3","true","false","false","true","983","36.144","541.7075255688488"
"2","0.1","true","false","false","true","806","15.532","694.2603060693223"
"10","0.9","true","false","false","true","220","12.4","374.04573102343124"
"11","1","true","false","false","true","123","8.46","282.66755063702306"
"3","0.2","true","false","false","true","933","37.18","593.2578455562654"
"4","0.3","true","false","false","true","984","36.244","542.3914857517694"
"10","0.9","true","false","false","true","221","12.288","375.24225533003147"
"11","1","true","false","false","true","124","8.46","282.66755063702306"
"10","0.9","true","false","false","true","222","12.364","375.6086892183747"
"2","0.1","true","false","false","true","807","15.488","694.4369480572012"
"3","0.2","true","false","false","true","934","37.104","593.2470508044235"
"10","0.9","true","false","false","true","223","12.3","375.51100397210695"
"4","0.3","true","false","false","true","985","36.264","543.0309062110567"
"11","1","true","false","false","true","125","8.46","282.66755063702294"
"10","0.9","true","false","false","true","224","12.396","375.0646207213144"
"3","0.2","true","false","false","true","935","36.872","593.6200546169654"
"2","0.1","true","false","false","true","808","15.424","695.0351907056632"
"10","0.9","true","false","false","true","225","12.256","375.468433643939"
"4","0.3","true","false","false","true","986","36.192","543.5340083860365"
"3","0.2","true","false","false","true","936","36.664","593.64314404117"
"11","1","true","false","false","true","126","8.46","282.66755063702306"
"2","0.1","true","false","false","true","809","15.288","694.1810140309744"
"10","0.9","true","false","false","true","226","12.264","375.66212110014493"
"3","0.2","true","false","false","true","937","36.68","594.9003361414748"
"4","0.3","true","false","false","true","987","36.456","543.5184957711139"
"11","1","true","false","false","true","127","8.46","282.66755063702306"
"10","0.9","true","false","false","true","227","12.388","375.2944003280243"
"2","0.1","true","false","false","true","810","15.284","694.2174683378308"
"3","0.2","true","false","false","true","938","36.632","593.8781268493225"
"10","0.9","true","false","false","true","228","12.272","376.2302367937927"
"4","0.3","true","false","false","true","988","36.476","543.9299127974547"
"11","1","true","false","false","true","128","8.46","282.66755063702306"
"3","0.2","true","false","false","true","939","36.548","594.1407572391407"
"10","0.9","true","false","false","true","229","12.312","375.29362081989905"
"4","0.3","true","false","false","true","989","36.176","544.0103804353997"
"2","0.1","true","false","false","true","811","15.312","694.9149540975906"
"10","0.9","true","false","false","true","230","12.416","376.57143423999776"
"11","1","true","false","false","true","129","8.46","282.66755063702306"
"3","0.2","true","false","false","true","940","36.676","593.4373942143463"
"10","0.9","true","false","false","true","231","12.368","376.74342029284946"
"4","0.3","true","false","false","true","990","36.168","544.0750887771518"
"3","0.2","true","false","false","true","941","36.648","593.3058649892648"
"2","0.1","true","false","false","true","812","15.284","694.75192359713"
"11","1","true","false","false","true","130","8.46","282.6675506370229"
"10","0.9","true","false","false","true","232","12.408","375.79889038566233"
"4","0.3","true","false","false","true","991","36.148","543.8646817130003"
"3","0.2","true","false","false","true","942","36.44","593.1244971458905"
"10","0.9","true","false","false","true","233","12.408","376.25577292949134"
"11","1","true","false","false","true","131","8.46","282.66755063702317"
"2","0.1","true","false","false","true","813","15.492","695.7914334729677"
"3","0.2","true","false","false","true","943","36.296","592.8378085904579"
"10","0.9","true","false","false","true","234","12.324","376.4535550067436"
"4","0.3","true","false","false","true","992","36.372","542.7711966534159"
"11","1","true","false","false","true","132","8.46","282.667550637023"
"10","0.9","true","false","false","true","235","12.076","376.4384658180315"
"3","0.2","true","false","false","true","944","36.536","591.9521635495447"
"2","0.1","true","false","false","true","814","15.604","695.1466782436347"
"4","0.3","true","false","false","true","993","36.484","542.8792386554672"
"11","1","true","false","false","true","133","8.46","282.667550637023"
"10","0.9","true","false","false","true","236","12.196","376.8354607978239"
"3","0.2","true","false","false","true","945","36.352","591.5697282486838"
"10","0.9","true","false","false","true","237","12.356","376.9584576098861"
"11","1","true","false","false","true","134","8.46","282.66755063702317"
"2","0.1","true","false","false","true","815","15.652","694.9565384714555"
"4","0.3","true","false","false","true","994","36.612","542.6094047400567"
"3","0.2","true","false","false","true","946","36.132","592.0148831062661"
"10","0.9","true","false","false","true","238","12.372","377.231336520509"
"11","1","true","false","false","true","135","8.46","282.66755063702306"
"4","0.3","true","false","false","true","995","36.92","543.4087081314028"
"2","0.1","true","false","false","true","816","15.684","694.4918587389482"
"3","0.2","true","false","false","true","947","36.156","593.5547764965013"
"10","0.9","true","false","false","true","239","12.396","376.8413685646005"
"11","1","true","false","false","true","136","8.46","282.6675506370228"
"4","0.3","true","false","false","true","996","36.792","542.9649113021842"
"10","0.9","true","false","false","true","240","12.376","376.74675434852315"
"3","0.2","true","false","false","true","948","36.144","593.2103383676845"
"11","1","true","false","false","true","137","8.46","282.6675506370231"
"4","0.3","true","false","false","true","997","36.816","543.2350066877823"
"2","0.1","true","false","false","true","817","15.568","694.9716527636141"
"10","0.9","true","false","false","true","241","12.248","377.08825357711004"
"3","0.2","true","false","false","true","949","36.192","592.7761212481252"
"4","0.3","true","false","false","true","998","36.776","543.2047324323818"
"11","1","true","false","false","true","138","8.46","282.667550637023"
"10","0.9","true","false","false","true","242","12.148","377.91371253860126"
"2","0.1","true","false","false","true","818","15.604","694.9987247398565"
"3","0.2","true","false","false","true","950","36.12","592.3012099139364"
"10","0.9","true","false","false","true","243","12.244","377.16552464323286"
"3","0.2","true","false","false","true","951","35.92","591.9953305037759"
"10","0.9","true","false","false","true","244","12.256","377.3679639618618"
"4","0.3","true","false","false","true","999","36.744","542.5695589884062"
"2","0.1","true","false","false","true","819","15.556","694.8557533935607"
"11","1","true","false","false","true","139","8.46","282.66755063702294"
"10","0.9","true","false","false","true","245","12.396","377.15715231936025"
"11","1","true","false","false","true","140","8.46","282.66755063702294"
"2","0.1","true","false","false","true","820","15.588","695.3569859398987"
"3","0.2","true","false","false","true","952","36.14","592.8560439963197"
"10","0.9","true","false","false","true","246","12.328","377.1176029195959"
"11","1","true","false","false","true","141","8.46","282.6675506370229"
"2","0.1","true","false","false","true","821","15.756","693.7539296772052"
"10","0.9","true","false","false","true","247","12.368","377.5498759921008"
"3","0.2","true","false","false","true","953","36.288","591.3554517364508"
"11","1","true","false","false","true","142","8.46","282.66755063702277"
"10","0.9","true","false","false","true","248","12.348","378.2131774004452"
"3","0.2","true","false","false","true","954","36.212","590.4492437344402"
"2","0.1","true","false","false","true","822","15.684","692.5984935332506"
"11","1","true","false","false","true","143","8.46","282.66755063702317"
"10","0.9","true","false","false","true","249","12.26","377.11709679815004"
"3","0.2","true","false","false","true","955","36.276","591.4508347495612"
"11","1","true","false","false","true","144","8.46","282.66755063702317"
"2","0.1","true","false","false","true","823","15.548","689.9696790832695"
"10","0.9","true","false","false","true","250","12.384","377.64801686420475"
"11","1","true","false","false","true","145","8.46","282.6675506370229"
"3","0.2","true","false","false","true","956","36.24","590.0751749345029"
"2","0.1","true","false","false","true","824","15.564","689.2565426067026"
"10","0.9","true","false","false","true","251","12.304","377.87879891904896"
"11","1","true","false","false","true","146","8.46","282.6675506370228"
"3","0.2","true","false","false","true","957","36.588","590.5174577169379"
"10","0.9","true","false","false","true","252","12.308","376.6602433220463"
"2","0.1","true","false","false","true","825","15.604","689.1838369564102"
"11","1","true","false","false","true","147","8.46","282.66755063702306"
"10","0.9","true","false","false","true","253","12.3","377.1889684515547"
"3","0.2","true","false","false","true","958","36.928","591.356938314463"
"11","1","true","false","false","true","148","8.46","282.667550637023"
"2","0.1","true","false","false","true","826","15.696","688.8170133762541"
"10","0.9","true","false","false","true","254","12.228","376.8939031116607"
"11","1","true","false","false","true","149","8.46","282.66755063702317"
"3","0.2","true","false","false","true","959","37.088","590.1610648226493"
"2","0.1","true","false","false","true","827","15.768","689.3771875701314"
"10","0.9","true","false","false","true","255","12.36","376.905521512694"
"11","1","true","false","false","true","150","8.46","282.6675506370228"
"3","0.2","true","false","false","true","960","37.272","589.4013109495241"
"2","0.1","true","false","false","true","828","15.704","689.170236683926"
"11","1","true","false","false","true","151","8.46","282.66755063702306"
"10","0.9","true","false","false","true","256","12.336","376.9333257202121"
"11","1","true","false","false","true","152","8.46","282.66755063702294"
"3","0.2","true","false","false","true","961","37.284","588.8476273344814"
"10","0.9","true","false","false","true","257","12.276","377.28272035251763"
"2","0.1","true","false","false","true","829","15.808","688.5007109261816"
"11","1","true","false","false","true","153","8.46","282.66755063702306"
"10","0.9","true","false","false","true","258","12.348","376.76662493812245"
"3","0.2","true","false","false","true","962","37.348","588.3025782932767"
"11","1","true","false","false","true","154","8.46","282.66755063702317"
"10","0.9","true","false","false","true","259","12.32","377.06709799529796"
"2","0.1","true","false","false","true","830","15.88","687.7526212149987"
"3","0.2","true","false","false","true","963","37.94","589.3165885594739"
"11","1","true","false","false","true","155","8.46","282.66755063702317"
"10","0.9","true","false","false","true","260","12.276","378.5487819633624"
"3","0.2","true","false","false","true","964","37.948","588.4160939970128"
"11","1","true","false","false","true","156","8.46","282.6675506370229"
"2","0.1","true","false","false","true","831","15.888","688.3538122055539"
"10","0.9","true","false","false","true","261","12.372","378.162686614784"
"11","1","true","false","false","true","157","8.46","282.6675506370231"
"3","0.2","true","false","false","true","965","37.708","587.138935397617"
"2","0.1","true","false","false","true","832","16.052","688.3567041147511"
"10","0.9","true","false","false","true","262","12.428","378.77928770216965"
"11","1","true","false","false","true","158","8.46","282.6675506370231"
"3","0.2","true","false","false","true","966","37.832","586.5705883214538"
"10","0.9","true","false","false","true","263","12.268","377.6736078329664"
"2","0.1","true","false","false","true","833","15.952","689.391119667323"
"11","1","true","false","false","true","159","8.46","282.66755063702317"
"10","0.9","true","false","false","true","264","12.312","378.2614331172454"
"3","0.2","true","false","false","true","967","37.888","586.0227701033234"
"11","1","true","false","false","true","160","8.46","282.66755063702317"
"2","0.1","true","false","false","true","834","15.976","690.5850758133994"
"10","0.9","true","false","false","true","265","12.272","378.0235040784174"
"3","0.2","true","false","false","true","968","37.764","585.0152825457919"
"11","1","true","false","false","true","161","8.46","282.66755063702306"
"10","0.9","true","false","false","true","266","12.384","378.10359244475615"
"11","1","true","false","false","true","162","8.46","282.66755063702306"
"2","0.1","true","false","false","true","835","15.644","690.1709135102218"
"3","0.2","true","false","false","true","969","38.04","584.4944763268267"
"10","0.9","true","false","false","true","267","12.396","378.05241102698295"
"11","1","true","false","false","true","163","8.46","282.66755063702334"
"2","0.1","true","false","false","true","836","15.904","689.4606569224293"
"10","0.9","true","false","false","true","268","12.18","377.8372881378988"
"3","0.2","true","false","false","true","970","37.212","585.3652487242929"
"11","1","true","false","false","true","164","8.46","282.66755063702306"
"10","0.9","true","false","false","true","269","12.304","377.5875648038025"
"2","0.1","true","false","false","true","837","15.836","689.290627053547"
"11","1","true","false","false","true","165","8.46","282.667550637023"
"3","0.2","true","false","false","true","971","37.316","585.2549755316089"
"10","0.9","true","false","false","true","270","12.348","376.32197220472847"
"11","1","true","false","false","true","166","8.46","282.66755063702277"
"3","0.2","true","false","false","true","972","37.264","584.337199274017"
"2","0.1","true","false","false","true","838","15.908","690.3304659818358"
"11","1","true","false","false","true","167","8.46","282.667550637023"
"10","0.9","true","false","false","true","271","12.264","377.22863492578455"
"11","1","true","false","false","true","168","8.46","282.66755063702334"
"3","0.2","true","false","false","true","973","37.444","584.4360956965467"
"10","0.9","true","false","false","true","272","12.344","376.96154273416886"
"2","0.1","true","false","false","true","839","15.812","690.2971907699854"
"11","1","true","false","false","true","169","8.46","282.66755063702294"
"10","0.9","true","false","false","true","273","12.468","377.19176604527263"
"3","0.2","true","false","false","true","974","37.348","585.0497471552449"
"2","0.1","true","false","false","true","840","16.008","689.6519980711706"
"11","1","true","false","false","true","170","8.46","282.6675506370229"
"10","0.9","true","false","false","true","274","12.368","377.1377231786214"
"3","0.2","true","false","false","true","975","37.284","584.9651539259135"
"2","0.1","true","false","false","true","841","15.76","689.0376324338312"
"10","0.9","true","false","false","true","275","12.38","376.696729099393"
"11","1","true","false","false","true","171","8.46","282.66755063702294"
"10","0.9","true","false","false","true","276","12.424","377.057278464087"
"3","0.2","true","false","false","true","976","37.156","585.2193345034433"
"11","1","true","false","false","true","172","8.46","282.66755063702317"
"2","0.1","true","false","false","true","842","15.908","687.539677443536"
"10","0.9","true","false","false","true","277","12.396","376.4170450538686"
"3","0.2","true","false","false","true","977","37.512","584.7752457846013"
"11","1","true","false","false","true","173","8.46","282.66755063702317"
"10","0.9","true","false","false","true","278","12.3","375.9791578194986"
"2","0.1","true","false","false","true","843","15.852","687.0902665098745"
"11","1","true","false","false","true","174","8.46","282.66755063702306"
"3","0.2","true","false","false","true","978","37.484","585.3328646683252"
"10","0.9","true","false","false","true","279","12.336","375.6149318457211"
"11","1","true","false","false","true","175","8.46","282.66755063702306"
"3","0.2","true","false","false","true","979","37.304","585.1690997821734"
"2","0.1","true","false","false","true","844","15.812","686.055891833159"
"10","0.9","true","false","false","true","280","12.284","376.38426679447616"
"11","1","true","false","false","true","176","8.46","282.667550637023"
"2","0.1","true","false","false","true","845","15.94","684.3775356482441"
"3","0.2","true","false","false","true","980","37.476","585.8522215351031"
"10","0.9","true","false","false","true","281","12.456","375.79897878494893"
"11","1","true","false","false","true","177","8.46","282.66755063702294"
"10","0.9","true","false","false","true","282","12.36","376.23466487143753"
"3","0.2","true","false","false","true","981","36.864","585.2526421570273"
"2","0.1","true","false","false","true","846","15.924","684.7176073350302"
"11","1","true","false","false","true","178","8.46","282.6675506370231"
"10","0.9","true","false","false","true","283","12.496","374.690374385319"
"3","0.2","true","false","false","true","982","37.188","584.2909230634468"
"11","1","true","false","false","true","179","8.46","282.6675506370231"
"2","0.1","true","false","false","true","847","15.96","684.0116073607273"
"10","0.9","true","false","false","true","284","12.26","376.4190880220825"
"3","0.2","true","false","false","true","983","37.16","584.0060362255072"
"11","1","true","false","false","true","180","8.46","282.6675506370228"
"2","0.1","true","false","false","true","848","16.056","685.6722194704463"
"10","0.9","true","false","false","true","285","12.388","376.0905424938037"
"11","1","true","false","false","true","181","8.46","282.66755063702317"
"3","0.2","true","false","false","true","984","36.88","584.2829609929478"
"10","0.9","true","false","false","true","286","12.468","375.7586080935512"
"11","1","true","false","false","true","182","8.46","282.66755063702294"
"2","0.1","true","false","false","true","849","16.264","685.7119341193167"
"3","0.2","true","false","false","true","985","37.096","582.8849522684662"
"10","0.9","true","false","false","true","287","12.396","376.64978288480836"
"11","1","true","false","false","true","183","8.46","282.66755063702294"
"2","0.1","true","false","false","true","850","16.076","685.151528046125"
"11","1","true","false","false","true","184","8.46","282.66755063702294"
"3","0.2","true","false","false","true","986","37.324","582.0444447803409"
"10","0.9","true","false","false","true","288","12.424","376.8238013804969"
"11","1","true","false","false","true","185","8.46","282.66755063702317"
"10","0.9","true","false","false","true","289","12.504","376.3205335676153"
"2","0.1","true","false","false","true","851","15.968","685.1231583443082"
"3","0.2","true","false","false","true","987","36.904","581.8639820290097"
"11","1","true","false","false","true","186","8.46","282.66755063702317"
"10","0.9","true","false","false","true","290","12.508","376.04978348086473"
"2","0.1","true","false","false","true","852","16.04","685.2728712004787"
"11","1","true","false","false","true","187","8.46","282.66755063702294"
"3","0.2","true","false","false","true","988","36.768","582.7329599145747"
"10","0.9","true","false","false","true","291","12.5","376.73792548411456"
"11","1","true","false","false","true","188","8.46","282.6675506370228"
"3","0.2","true","false","false","true","989","37.052","582.2553774029869"
"2","0.1","true","false","false","true","853","16.168","684.6351454857271"
"10","0.9","true","false","false","true","292","12.556","376.78852362415523"
"11","1","true","false","false","true","189","8.46","282.6675506370232"
"10","0.9","true","false","false","true","293","12.4","376.13346580894876"
"3","0.2","true","false","false","true","990","36.9","581.8242858747185"
"2","0.1","true","false","false","true","854","15.916","685.2667732966495"
"11","1","true","false","false","true","190","8.46","282.6675506370228"
"10","0.9","true","false","false","true","294","12.496","376.5198669638252"
"11","1","true","false","false","true","191","8.46","282.66755063702317"
"3","0.2","true","false","false","true","991","36.796","581.8574007144947"
"2","0.1","true","false","false","true","855","16.02","684.8044522778954"
"10","0.9","true","false","false","true","295","12.468","376.39696738291974"
"11","1","true","false","false","true","192","8.46","282.6675506370231"
"3","0.2","true","false","false","true","992","36.992","581.2652677747247"
"2","0.1","true","false","false","true","856","16.072","684.4367744136129"
"10","0.9","true","false","false","true","296","12.44","375.8993070119513"
"11","1","true","false","false","true","193","8.46","282.66755063702317"
"3","0.2","true","false","false","true","993","37.124","580.9595265281439"
"10","0.9","true","false","false","true","297","12.368","376.89296057277045"
"11","1","true","false","false","true","194","8.46","282.66755063702317"
"2","0.1","true","false","false","true","857","15.952","683.8143058833895"
"10","0.9","true","false","false","true","298","12.56","377.3186162260742"
"11","1","true","false","false","true","195","8.46","282.66755063702294"
"3","0.2","true","false","false","true","994","37.536","581.2306225417906"
"2","0.1","true","false","false","true","858","16.032","684.6881490045497"
"10","0.9","true","false","false","true","299","12.452","377.88787442121907"
"11","1","true","false","false","true","196","8.46","282.6675506370232"
"3","0.2","true","false","false","true","995","37.456","581.2936385826582"
"2","0.1","true","false","false","true","859","16.264","683.7259713257506"
"10","0.9","true","false","false","true","300","12.532","377.03533571808975"
"11","1","true","false","false","true","197","8.46","282.66755063702317"
"3","0.2","true","false","false","true","996","37.312","580.6305730731524"
"11","1","true","false","false","true","198","8.46","282.66755063702306"
"10","0.9","true","false","false","true","301","12.508","377.6404395994172"
"2","0.1","true","false","false","true","860","16.328","682.8388426736166"
"11","1","true","false","false","true","199","8.46","282.66755063702306"
"3","0.2","true","false","false","true","997","36.84","580.7604483225214"
"10","0.9","true","false","false","true","302","12.56","377.6508803875876"
"2","0.1","true","false","false","true","861","16.348","681.3144496603135"
"11","1","true","false","false","true","200","8.46","282.66755063702317"
"10","0.9","true","false","false","true","303","12.532","377.497234211432"
"3","0.2","true","false","false","true","998","36.932","579.9444316979908"
"11","1","true","false","false","true","201","8.46","282.66755063702306"
"2","0.1","true","false","false","true","862","16.064","681.869681925311"
"10","0.9","true","false","false","true","304","12.564","377.09583352339126"
"11","1","true","false","false","true","202","8.46","282.66755063702294"
"3","0.2","true","false","false","true","999","36.924","578.22166022247"
"10","0.9","true","false","false","true","305","12.588","377.5546151450037"
"11","1","true","false","false","true","203","8.46","282.667550637023"
"2","0.1","true","false","false","true","863","16.08","683.4042032232355"
"10","0.9","true","false","false","true","306","12.544","377.9862607779455"
"11","1","true","false","false","true","204","8.46","282.6675506370229"
"10","0.9","true","false","false","true","307","12.6","377.8781879146049"
"2","0.1","true","false","false","true","864","16.2","682.1258184810289"
"11","1","true","false","false","true","205","8.46","282.66755063702317"
"10","0.9","true","false","false","true","308","12.684","378.56079452682064"
"2","0.1","true","false","false","true","865","16.224","681.0914076049527"
"11","1","true","false","false","true","206","8.46","282.66755063702294"
"10","0.9","true","false","false","true","309","12.66","379.11277707880623"
"2","0.1","true","false","false","true","866","16.212","682.4692775213173"
"11","1","true","false","false","true","207","8.46","282.66755063702294"
"10","0.9","true","false","false","true","310","12.828","379.170345200907"
"11","1","true","false","false","true","208","8.46","282.6675506370229"
"2","0.1","true","false","false","true","867","16.06","683.5013168984208"
"10","0.9","true","false","false","true","311","12.532","378.9098164594088"
"11","1","true","false","false","true","209","8.46","282.6675506370233"
"2","0.1","true","false","false","true","868","16.372","683.3336753662368"
"10","0.9","true","false","false","true","312","12.628","379.7862922914655"
"11","1","true","false","false","true","210","8.46","282.667550637023"
"10","0.9","true","false","false","true","313","12.58","380.38881648814635"
"2","0.1","true","false","false","true","869","16.22","683.7056328528595"
"11","1","true","false","false","true","211","8.46","282.66755063702294"
"10","0.9","true","false","false","true","314","12.592","378.5537396962967"
"11","1","true","false","false","true","212","8.46","282.667550637023"
"2","0.1","true","false","false","true","870","16.244","683.0389718421421"
"11","1","true","false","false","true","213","8.46","282.6675506370234"
"10","0.9","true","false","false","true","315","12.548","379.2197896357351"
"2","0.1","true","false","false","true","871","16.264","682.22342341826"
"10","0.9","true","false","false","true","316","12.668","378.7918443922826"
"11","1","true","false","false","true","214","8.46","282.66755063702317"
"10","0.9","true","false","false","true","317","12.6","379.07245121734996"
"2","0.1","true","false","false","true","872","16.196","681.0925142108221"
"11","1","true","false","false","true","215","8.46","282.6675506370229"
"10","0.9","true","false","false","true","318","12.584","379.01711517880744"
"11","1","true","false","false","true","216","8.46","282.66755063702294"
"2","0.1","true","false","false","true","873","16.064","680.4767907071086"
"10","0.9","true","false","false","true","319","12.412","379.0499837660873"
"11","1","true","false","false","true","217","8.46","282.6675506370232"
"2","0.1","true","false","false","true","874","15.916","679.0772032113465"
"10","0.9","true","false","false","true","320","12.476","379.19592224195003"
"10","0.9","true","false","false","true","321","12.452","379.4280972823743"
"11","1","true","false","false","true","218","8.46","282.66755063702317"
"2","0.1","true","false","false","true","875","15.996","678.770659613936"
"10","0.9","true","false","false","true","322","12.496","379.2587032646723"
"10","0.9","true","false","false","true","323","12.588","378.9145810517541"
"11","1","true","false","false","true","219","8.46","282.66755063702306"
"10","0.9","true","false","false","true","324","12.476","380.2143286042262"
"2","0.1","true","false","false","true","876","15.94","679.4724191855826"
"10","0.9","true","false","false","true","325","12.488","379.80638697962587"
"11","1","true","false","false","true","220","8.46","282.66755063702306"
"2","0.1","true","false","false","true","877","16.036","678.8582582521254"
"10","0.9","true","false","false","true","326","12.568","379.99909040528047"
"11","1","true","false","false","true","221","8.46","282.667550637023"
"10","0.9","true","false","false","true","327","12.444","379.4179309316733"
"2","0.1","true","false","false","true","878","16.128","677.6120225907785"
"10","0.9","true","false","false","true","328","12.512","379.8550752361897"
"11","1","true","false","false","true","222","8.46","282.66755063702294"
"2","0.1","true","false","false","true","879","16.18","675.8573795376337"
"10","0.9","true","false","false","true","329","12.536","379.28099069441396"
"11","1","true","false","false","true","223","8.46","282.66755063702294"
"2","0.1","true","false","false","true","880","16.204","676.0935628562626"
"10","0.9","true","false","false","true","330","12.488","379.95740855217844"
"11","1","true","false","false","true","224","8.46","282.6675506370227"
"10","0.9","true","false","false","true","331","12.632","379.27615190322973"
"2","0.1","true","false","false","true","881","16.212","675.8886612469921"
"10","0.9","true","false","false","true","332","12.48","379.7732238052938"
"11","1","true","false","false","true","225","8.46","282.66755063702294"
"2","0.1","true","false","false","true","882","16.02","675.2754424993279"
"10","0.9","true","false","false","true","333","12.512","379.26531080420955"
"2","0.1","true","false","false","true","883","15.852","675.7240555191578"
"10","0.9","true","false","false","true","334","12.52","378.3833323983915"
"11","1","true","false","false","true","226","8.46","282.66755063702294"
"2","0.1","true","false","false","true","884","16.04","677.1495804582121"
"10","0.9","true","false","false","true","335","12.512","378.18826247145125"
"11","1","true","false","false","true","227","8.46","282.66755063702306"
"10","0.9","true","false","false","true","336","12.496","379.0338696217997"
"11","1","true","false","false","true","228","8.46","282.6675506370232"
"2","0.1","true","false","false","true","885","15.784","678.6700883576324"
"11","1","true","false","false","true","229","8.46","282.66755063702317"
"10","0.9","true","false","false","true","337","12.48","379.32300872890033"
"2","0.1","true","false","false","true","886","16.016","678.1981734025495"
"11","1","true","false","false","true","230","8.46","282.6675506370233"
"10","0.9","true","false","false","true","338","12.484","379.24518463253764"
"2","0.1","true","false","false","true","887","16.14","678.0859219848568"
"11","1","true","false","false","true","231","8.46","282.6675506370228"
"10","0.9","true","false","false","true","339","12.428","378.534465203314"
"11","1","true","false","false","true","232","8.46","282.66755063702306"
"10","0.9","true","false","false","true","340","12.416","378.86086701188975"
"2","0.1","true","false","false","true","888","16","677.0095154187162"
"11","1","true","false","false","true","233","8.46","282.66755063702294"
"10","0.9","true","false","false","true","341","12.56","378.75567492371187"
"10","0.9","true","false","false","true","342","12.592","379.3696260388064"
"2","0.1","true","false","false","true","889","15.904","676.8777571975141"
"11","1","true","false","false","true","234","8.46","282.66755063702294"
"10","0.9","true","false","false","true","343","12.452","378.5081727080924"
"10","0.9","true","false","false","true","344","12.592","379.3215467661718"
"2","0.1","true","false","false","true","890","15.656","676.7042140553965"
"11","1","true","false","false","true","235","8.46","282.66755063702294"
"10","0.9","true","false","false","true","345","12.46","379.0140208428368"
"2","0.1","true","false","false","true","891","15.688","677.3989650591228"
"11","1","true","false","false","true","236","8.46","282.6675506370231"
"10","0.9","true","false","false","true","346","12.488","378.5436638212565"
"2","0.1","true","false","false","true","892","15.74","675.5690961517543"
"11","1","true","false","false","true","237","8.46","282.6675506370231"
"10","0.9","true","false","false","true","347","12.56","379.4644264255974"
"2","0.1","true","false","false","true","893","15.556","676.1165876693875"
"11","1","true","false","false","true","238","8.46","282.66755063702306"
"10","0.9","true","false","false","true","348","12.56","378.6186839336919"
"2","0.1","true","false","false","true","894","15.62","676.1431978555258"
"11","1","true","false","false","true","239","8.46","282.6675506370233"
"10","0.9","true","false","false","true","349","12.692","378.20494066297"
"11","1","true","false","false","true","240","8.46","282.667550637023"
"10","0.9","true","false","false","true","350","12.612","378.50916903404016"
"2","0.1","true","false","false","true","895","15.48","675.4246741549462"
"10","0.9","true","false","false","true","351","12.42","377.81669629683756"
"11","1","true","false","false","true","241","8.46","282.66755063702306"
"2","0.1","true","false","false","true","896","15.6","674.3429841538606"
"10","0.9","true","false","false","true","352","12.584","379.428847410923"
"11","1","true","false","false","true","242","8.46","282.66755063702294"
"10","0.9","true","false","false","true","353","12.48","378.53738854551466"
"11","1","true","false","false","true","243","8.46","282.66755063702306"
"2","0.1","true","false","false","true","897","15.732","674.7439881707724"
"10","0.9","true","false","false","true","354","12.6","378.09746424833634"
"11","1","true","false","false","true","244","8.46","282.66755063702317"
"2","0.1","true","false","false","true","898","15.564","675.2279379892819"
"10","0.9","true","false","false","true","355","12.584","378.5737837563045"
"11","1","true","false","false","true","245","8.46","282.667550637023"
"10","0.9","true","false","false","true","356","12.604","378.63014009590665"
"2","0.1","true","false","false","true","899","15.536","674.3088917650779"
"10","0.9","true","false","false","true","357","12.656","378.59460491795824"
"11","1","true","false","false","true","246","8.46","282.6675506370234"
"2","0.1","true","false","false","true","900","15.484","675.0261896690614"
"10","0.9","true","false","false","true","358","12.616","378.3586042801088"
"11","1","true","false","false","true","247","8.46","282.6675506370229"
"10","0.9","true","false","false","true","359","12.592","378.3340005971819"
"2","0.1","true","false","false","true","901","15.516","674.7046655606831"
"11","1","true","false","false","true","248","8.46","282.66755063702317"
"10","0.9","true","false","false","true","360","12.56","379.5367237727361"
"11","1","true","false","false","true","249","8.46","282.66755063702294"
"2","0.1","true","false","false","true","902","15.624","676.0813056045847"
"11","1","true","false","false","true","250","8.46","282.66755063702317"
"10","0.9","true","false","false","true","361","12.468","379.1894544449143"
"11","1","true","false","false","true","251","8.46","282.6675506370231"
"2","0.1","true","false","false","true","903","15.732","676.968235057991"
"10","0.9","true","false","false","true","362","12.468","378.4102775312723"
"11","1","true","false","false","true","252","8.46","282.66755063702306"
"10","0.9","true","false","false","true","363","12.604","378.8258847739798"
"2","0.1","true","false","false","true","904","15.736","675.9245160382861"
"11","1","true","false","false","true","253","8.46","282.667550637023"
"10","0.9","true","false","false","true","364","12.412","378.49478695566614"
"11","1","true","false","false","true","254","8.46","282.6675506370233"
"2","0.1","true","false","false","true","905","15.772","675.7584516046618"
"10","0.9","true","false","false","true","365","12.392","379.1751197907928"
"11","1","true","false","false","true","255","8.46","282.66755063702334"
"10","0.9","true","false","false","true","366","12.636","379.2637782005947"
"2","0.1","true","false","false","true","906","15.744","675.6108644714388"
"11","1","true","false","false","true","256","8.46","282.66755063702317"
"10","0.9","true","false","false","true","367","12.416","379.3803985446246"
"2","0.1","true","false","false","true","907","15.888","674.2724106526246"
"11","1","true","false","false","true","257","8.46","282.66755063702306"
"10","0.9","true","false","false","true","368","12.596","378.9336833782009"
"2","0.1","true","false","false","true","908","15.632","674.6041861069411"
"11","1","true","false","false","true","258","8.46","282.66755063702317"
"10","0.9","true","false","false","true","369","12.536","379.06273833558083"
"11","1","true","false","false","true","259","8.46","282.6675506370232"
"10","0.9","true","false","false","true","370","12.496","379.97490842563997"
"2","0.1","true","false","false","true","909","15.764","675.5388609097434"
"10","0.9","true","false","false","true","371","12.504","380.5921502418513"
"11","1","true","false","false","true","260","8.46","282.6675506370232"
"2","0.1","true","false","false","true","910","15.984","675.4100777625164"
"10","0.9","true","false","false","true","372","12.472","380.2580559201663"
"11","1","true","false","false","true","261","8.46","282.667550637023"
"10","0.9","true","false","false","true","373","12.476","380.5249178418906"
"2","0.1","true","false","false","true","911","15.988","674.9758891053381"
"11","1","true","false","false","true","262","8.46","282.667550637023"
"10","0.9","true","false","false","true","374","12.54","380.82380959635515"
"11","1","true","false","false","true","263","8.46","282.66755063702306"
"2","0.1","true","false","false","true","912","15.972","675.7716522099278"
"10","0.9","true","false","false","true","375","12.452","380.82336104671765"
"11","1","true","false","false","true","264","8.46","282.66755063702317"
"2","0.1","true","false","false","true","913","15.964","675.1253554784699"
"10","0.9","true","false","false","true","376","12.62","381.24666291796296"
"11","1","true","false","false","true","265","8.46","282.6675506370228"
"11","1","true","false","false","true","266","8.46","282.66755063702294"
"2","0.1","true","false","false","true","914","16.124","674.0794110569368"
"10","0.9","true","false","false","true","377","12.532","380.4400957938021"
"11","1","true","false","false","true","267","8.46","282.66755063702317"
"10","0.9","true","false","false","true","378","12.568","380.0821491141577"
"2","0.1","true","false","false","true","915","16.312","673.2125201656507"
"10","0.9","true","false","false","true","379","12.596","380.7206278243848"
"11","1","true","false","false","true","268","8.46","282.66755063702306"
"2","0.1","true","false","false","true","916","16.38","672.1672876327876"
"11","1","true","false","false","true","269","8.46","282.6675506370232"
"10","0.9","true","false","false","true","380","12.564","381.6820980367693"
"2","0.1","true","false","false","true","917","16.18","671.3120202246"
"10","0.9","true","false","false","true","381","12.524","380.7418774445426"
"11","1","true","false","false","true","270","8.46","282.66755063702317"
"10","0.9","true","false","false","true","382","12.624","380.59753293423483"
"2","0.1","true","false","false","true","918","15.972","671.9581174829452"
"11","1","true","false","false","true","271","8.46","282.66755063702306"
"10","0.9","true","false","false","true","383","12.648","380.26449518587503"
"2","0.1","true","false","false","true","919","16.048","672.5994410664927"
"11","1","true","false","false","true","272","8.46","282.66755063702317"
"10","0.9","true","false","false","true","384","12.556","379.7043702765715"
"11","1","true","false","false","true","273","8.46","282.667550637023"
"2","0.1","true","false","false","true","920","16.144","673.3444636360666"
"10","0.9","true","false","false","true","385","12.628","381.0634042093947"
"10","0.9","true","false","false","true","386","12.592","380.3389946340644"
"11","1","true","false","false","true","274","8.46","282.6675506370232"
"2","0.1","true","false","false","true","921","16.088","673.1733565738367"
"10","0.9","true","false","false","true","387","12.708","380.42830832289985"
"11","1","true","false","false","true","275","8.46","282.66755063702294"
"2","0.1","true","false","false","true","922","15.972","673.6970311758347"
"10","0.9","true","false","false","true","388","12.572","380.45067686236683"
"11","1","true","false","false","true","276","8.46","282.66755063702294"
"2","0.1","true","false","false","true","923","16.084","673.4955195778003"
"10","0.9","true","false","false","true","389","12.54","380.90037244065354"
"11","1","true","false","false","true","277","8.46","282.66755063702306"
"10","0.9","true","false","false","true","390","12.684","380.7013581176773"
"2","0.1","true","false","false","true","924","16.116","674.1638976482513"
"11","1","true","false","false","true","278","8.46","282.6675506370229"
"10","0.9","true","false","false","true","391","12.7","380.4037162507683"
"10","0.9","true","false","false","true","392","12.652","380.249063923812"
"2","0.1","true","false","false","true","925","16.016","673.5123436250343"
"11","1","true","false","false","true","279","8.46","282.66755063702294"
"10","0.9","true","false","false","true","393","12.616","380.6642798483765"
"2","0.1","true","false","false","true","926","16.092","673.6174201715635"
"11","1","true","false","false","true","280","8.46","282.6675506370233"
"10","0.9","true","false","false","true","394","12.756","380.51043897796137"
"10","0.9","true","false","false","true","395","12.68","380.02137442949453"
"11","1","true","false","false","true","281","8.46","282.66755063702294"
"2","0.1","true","false","false","true","927","16.232","671.023264292539"
"10","0.9","true","false","false","true","396","12.708","379.8830278274748"
"11","1","true","false","false","true","282","8.46","282.6675506370231"
"2","0.1","true","false","false","true","928","16.436","669.4754473571295"
"10","0.9","true","false","false","true","397","12.496","379.9328101680265"
"11","1","true","false","false","true","283","8.46","282.6675506370227"
"10","0.9","true","false","false","true","398","12.588","380.1469840950579"
"2","0.1","true","false","false","true","929","16.448","670.7609036923318"
"10","0.9","true","false","false","true","399","12.568","380.33576725242796"
"11","1","true","false","false","true","284","8.46","282.66755063702306"
"2","0.1","true","false","false","true","930","16.428","670.0470900374451"
"10","0.9","true","false","false","true","400","12.632","380.61959687644736"
"11","1","true","false","false","true","285","8.46","282.6675506370233"
"2","0.1","true","false","false","true","931","16.488","668.8554267251578"
"10","0.9","true","false","false","true","401","12.64","380.860226253383"
"11","1","true","false","false","true","286","8.46","282.6675506370233"
"10","0.9","true","false","false","true","402","12.672","380.5531906279823"
"11","1","true","false","false","true","287","8.46","282.66755063702317"
"2","0.1","true","false","false","true","932","16.348","669.1569493052866"
"11","1","true","false","false","true","288","8.46","282.66755063702294"
"10","0.9","true","false","false","true","403","12.816","379.86270829530014"
"2","0.1","true","false","false","true","933","16.196","667.7933916516528"
"11","1","true","false","false","true","289","8.46","282.66755063702306"
"10","0.9","true","false","false","true","404","12.468","380.6036210183186"
"2","0.1","true","false","false","true","934","16.356","667.4890734441497"
"11","1","true","false","false","true","290","8.46","282.66755063702294"
"10","0.9","true","false","false","true","405","12.716","379.76012369670303"
"2","0.1","true","false","false","true","935","16.496","666.8340310093636"
"11","1","true","false","false","true","291","8.46","282.667550637023"
"10","0.9","true","false","false","true","406","12.732","380.06703790154654"
"11","1","true","false","false","true","292","8.46","282.6675506370233"
"10","0.9","true","false","false","true","407","12.62","379.4279156216365"
"2","0.1","true","false","false","true","936","16.484","665.8576531070066"
"11","1","true","false","false","true","293","8.46","282.6675506370231"
"10","0.9","true","false","false","true","408","12.572","379.82666556714946"
"2","0.1","true","false","false","true","937","16.452","666.3163599570061"
"11","1","true","false","false","true","294","8.46","282.6675506370229"
"10","0.9","true","false","false","true","409","12.528","380.561138563277"
"11","1","true","false","false","true","295","8.46","282.6675506370231"
"2","0.1","true","false","false","true","938","16.632","663.6989649688167"
"10","0.9","true","false","false","true","410","12.648","380.56665829659164"
"11","1","true","false","false","true","296","8.46","282.6675506370231"
"10","0.9","true","false","false","true","411","12.64","381.0273933364265"
"2","0.1","true","false","false","true","939","16.648","663.2757959988369"
"11","1","true","false","false","true","297","8.46","282.66755063702306"
"10","0.9","true","false","false","true","412","12.78","379.63169004937106"
"11","1","true","false","false","true","298","8.46","282.66755063702306"
"2","0.1","true","false","false","true","940","16.576","663.9063036574979"
"10","0.9","true","false","false","true","413","12.396","381.4148331288698"
"11","1","true","false","false","true","299","8.46","282.6675506370229"
"2","0.1","true","false","false","true","941","16.552","663.2604609076228"
"10","0.9","true","false","false","true","414","12.668","379.8590390425432"
"11","1","true","false","false","true","300","8.46","282.6675506370228"
"11","1","true","false","false","true","301","8.46","282.66755063702317"
"10","0.9","true","false","false","true","415","12.688","380.7374170039533"
"2","0.1","true","false","false","true","942","16.62","662.5131396382316"
"11","1","true","false","false","true","302","8.46","282.6675506370233"
"10","0.9","true","false","false","true","416","12.66","380.77652412914205"
"2","0.1","true","false","false","true","943","16.76","662.167837283494"
"11","1","true","false","false","true","303","8.46","282.66755063702306"
"10","0.9","true","false","false","true","417","12.62","380.54227854881714"
"11","1","true","false","false","true","304","8.46","282.66755063702294"
"10","0.9","true","false","false","true","418","12.548","380.82016484968784"
"2","0.1","true","false","false","true","944","16.784","662.8562793353875"
"11","1","true","false","false","true","305","8.46","282.6675506370233"
"10","0.9","true","false","false","true","419","12.688","380.8268795951505"
"2","0.1","true","false","false","true","945","16.832","663.1145044163428"
"11","1","true","false","false","true","306","8.46","282.66755063702317"
"10","0.9","true","false","false","true","420","12.48","380.31355186199886"
"2","0.1","true","false","false","true","946","16.772","662.446394174213"
"11","1","true","false","false","true","307","8.46","282.66755063702317"
"10","0.9","true","false","false","true","421","12.732","380.54461083674397"
"11","1","true","false","false","true","308","8.46","282.667550637023"
"2","0.1","true","false","false","true","947","16.68","662.5386790129984"
"10","0.9","true","false","false","true","422","12.6","380.77937141198305"
"11","1","true","false","false","true","309","8.46","282.66755063702306"
"10","0.9","true","false","false","true","423","12.584","381.37552240083386"
"2","0.1","true","false","false","true","948","16.484","663.0297890158046"
"11","1","true","false","false","true","310","8.46","282.66755063702317"
"10","0.9","true","false","false","true","424","12.66","381.59979972167173"
"11","1","true","false","false","true","311","8.46","282.66755063702306"
"2","0.1","true","false","false","true","949","16.352","662.3379316843975"
"11","1","true","false","false","true","312","8.46","282.66755063702317"
"10","0.9","true","false","false","true","425","12.652","381.5098511447274"
"11","1","true","false","false","true","313","8.46","282.6675506370229"
"2","0.1","true","false","false","true","950","16.348","661.4159780797818"
"10","0.9","true","false","false","true","426","12.676","380.8200216184721"
"11","1","true","false","false","true","314","8.46","282.66755063702317"
"10","0.9","true","false","false","true","427","12.64","381.5723276866865"
"2","0.1","true","false","false","true","951","16.548","661.07517792817"
"11","1","true","false","false","true","315","8.46","282.6675506370228"
"10","0.9","true","false","false","true","428","12.516","382.448520099168"
"2","0.1","true","false","false","true","952","16.576","660.850776622092"
"11","1","true","false","false","true","316","8.46","282.66755063702306"
"10","0.9","true","false","false","true","429","12.576","381.8940134340235"
"11","1","true","false","false","true","317","8.46","282.66755063702294"
"2","0.1","true","false","false","true","953","16.572","660.9017151362624"
"10","0.9","true","false","false","true","430","12.688","382.3530508151347"
"11","1","true","false","false","true","318","8.46","282.667550637023"
"2","0.1","true","false","false","true","954","16.58","660.6920125179569"
"11","1","true","false","false","true","319","8.46","282.6675506370231"
"10","0.9","true","false","false","true","431","12.708","382.5180177344579"
"11","1","true","false","false","true","320","8.46","282.6675506370232"
"10","0.9","true","false","false","true","432","12.604","383.03525527130387"
"2","0.1","true","false","false","true","955","16.384","661.3671133568857"
"10","0.9","true","false","false","true","433","12.592","382.4909003879218"
"11","1","true","false","false","true","321","8.46","282.667550637023"
"2","0.1","true","false","false","true","956","16.596","660.5006543284609"
"10","0.9","true","false","false","true","434","12.444","382.59883020552735"
"11","1","true","false","false","true","322","8.46","282.66755063702294"
"2","0.1","true","false","false","true","957","16.644","658.6775768875727"
"10","0.9","true","false","false","true","435","12.704","382.2772447310383"
"11","1","true","false","false","true","323","8.46","282.66755063702317"
"10","0.9","true","false","false","true","436","12.6","382.7956180657724"
"2","0.1","true","false","false","true","958","16.86","658.0927303797454"
"11","1","true","false","false","true","324","8.46","282.66755063702306"
"10","0.9","true","false","false","true","437","12.608","382.4373586016745"
"11","1","true","false","false","true","325","8.46","282.6675506370231"
"2","0.1","true","false","false","true","959","16.784","656.9149182176033"
"10","0.9","true","false","false","true","438","12.688","382.3031323365555"
"2","0.1","true","false","false","true","960","16.704","656.3433840822046"
"11","1","true","false","false","true","326","8.46","282.66755063702317"
"10","0.9","true","false","false","true","439","12.592","382.510624963612"
"2","0.1","true","false","false","true","961","16.72","655.7688967408409"
"11","1","true","false","false","true","327","8.46","282.66755063702294"
"10","0.9","true","false","false","true","440","12.656","382.1291612246007"
"2","0.1","true","false","false","true","962","16.776","654.8778548362968"
"11","1","true","false","false","true","328","8.46","282.6675506370231"
"10","0.9","true","false","false","true","441","12.692","382.28240904306546"
"2","0.1","true","false","false","true","963","16.828","653.7866039230671"
"10","0.9","true","false","false","true","442","12.548","382.90595542885313"
"11","1","true","false","false","true","329","8.46","282.6675506370231"
"2","0.1","true","false","false","true","964","16.78","652.7128579120067"
"10","0.9","true","false","false","true","443","12.748","382.6488346164643"
"11","1","true","false","false","true","330","8.46","282.6675506370231"
"10","0.9","true","false","false","true","444","12.808","382.4891839813315"
"11","1","true","false","false","true","331","8.46","282.66755063702294"
"2","0.1","true","false","false","true","965","16.624","653.0772952024344"
"10","0.9","true","false","false","true","445","12.82","382.917081133637"
"11","1","true","false","false","true","332","8.46","282.66755063702306"
"2","0.1","true","false","false","true","966","16.86","654.3870523316785"
"10","0.9","true","false","false","true","446","12.556","383.27837197482893"
"11","1","true","false","false","true","333","8.46","282.66755063702294"
"2","0.1","true","false","false","true","967","16.828","654.4904009234607"
"10","0.9","true","false","false","true","447","12.788","382.6613080330571"
"11","1","true","false","false","true","334","8.46","282.66755063702317"
"2","0.1","true","false","false","true","968","16.704","654.3301449591206"
"10","0.9","true","false","false","true","448","12.724","382.3265498813097"
"11","1","true","false","false","true","335","8.46","282.6675506370233"
"10","0.9","true","false","false","true","449","12.524","382.95575277857796"
"2","0.1","true","false","false","true","969","16.904","654.5680322137208"
"11","1","true","false","false","true","336","8.46","282.6675506370231"
"10","0.9","true","false","false","true","450","12.812","382.3708058470527"
"2","0.1","true","false","false","true","970","16.868","653.4975868142875"
"11","1","true","false","false","true","337","8.46","282.66755063702306"
"10","0.9","true","false","false","true","451","12.824","382.5627333646019"
"11","1","true","false","false","true","338","8.46","282.66755063702317"
"2","0.1","true","false","false","true","971","16.796","654.5914209202017"
"10","0.9","true","false","false","true","452","12.868","383.019812372205"
"11","1","true","false","false","true","339","8.46","282.66755063702306"
"2","0.1","true","false","false","true","972","16.976","654.7637029703883"
"10","0.9","true","false","false","true","453","12.916","383.0896097928006"
"11","1","true","false","false","true","340","8.46","282.66755063702317"
"2","0.1","true","false","false","true","973","16.812","654.8851425525659"
"10","0.9","true","false","false","true","454","12.8","383.68469068190427"
"11","1","true","false","false","true","341","8.46","282.66755063702294"
"10","0.9","true","false","false","true","455","12.864","383.2483662242033"
"2","0.1","true","false","false","true","974","16.716","654.927240522441"
"11","1","true","false","false","true","342","8.46","282.66755063702306"
"10","0.9","true","false","false","true","456","12.868","383.1678941017315"
"2","0.1","true","false","false","true","975","16.364","653.6794684773278"
"11","1","true","false","false","true","343","8.46","282.6675506370232"
"10","0.9","true","false","false","true","457","12.772","383.37682257062664"
"10","0.9","true","false","false","true","458","12.62","383.645909825652"
"2","0.1","true","false","false","true","976","16.376","653.0621607940832"
"11","1","true","false","false","true","344","8.46","282.66755063702306"
"10","0.9","true","false","false","true","459","12.796","382.9393096850995"
"2","0.1","true","false","false","true","977","16.464","653.6053785485252"
"11","1","true","false","false","true","345","8.46","282.66755063702294"
"10","0.9","true","false","false","true","460","12.724","383.38804538040375"
"2","0.1","true","false","false","true","978","16.452","652.7159442232061"
"11","1","true","false","false","true","346","8.46","282.66755063702294"
"10","0.9","true","false","false","true","461","12.7","382.8596470927699"
"11","1","true","false","false","true","347","8.46","282.6675506370228"
"2","0.1","true","false","false","true","979","16.66","653.0426453864346"
"10","0.9","true","false","false","true","462","12.812","384.3365966838772"
"11","1","true","false","false","true","348","8.46","282.66755063702306"
"10","0.9","true","false","false","true","463","12.828","383.5639801389641"
"2","0.1","true","false","false","true","980","16.492","652.3562259391109"
"10","0.9","true","false","false","true","464","12.808","383.2183032674198"
"11","1","true","false","false","true","349","8.46","282.6675506370231"
"2","0.1","true","false","false","true","981","16.564","652.7278778940421"
"10","0.9","true","false","false","true","465","12.684","383.97724261158584"
"11","1","true","false","false","true","350","8.46","282.667550637023"
"2","0.1","true","false","false","true","982","16.772","652.5834886031852"
"10","0.9","true","false","false","true","466","12.72","384.0208829448532"
"11","1","true","false","false","true","351","8.46","282.6675506370231"
"10","0.9","true","false","false","true","467","12.74","383.85124237383815"
"2","0.1","true","false","false","true","983","16.856","653.4790583572425"
"10","0.9","true","false","false","true","468","12.716","384.11766452854806"
"11","1","true","false","false","true","352","8.46","282.6675506370233"
"2","0.1","true","false","false","true","984","16.692","652.2823121352528"
"10","0.9","true","false","false","true","469","12.62","383.9639040438691"
"11","1","true","false","false","true","353","8.46","282.667550637023"
"2","0.1","true","false","false","true","985","16.908","650.8174128766052"
"10","0.9","true","false","false","true","470","12.764","383.5808385945571"
"11","1","true","false","false","true","354","8.46","282.6675506370233"
"10","0.9","true","false","false","true","471","12.664","383.50990920133523"
"2","0.1","true","false","false","true","986","17.1","649.5967795909572"
"11","1","true","false","false","true","355","8.46","282.6675506370232"
"10","0.9","true","false","false","true","472","12.852","383.86850665024247"
"2","0.1","true","false","false","true","987","17.188","649.1832012407488"
"11","1","true","false","false","true","356","8.46","282.66755063702306"
"10","0.9","true","false","false","true","473","12.724","383.43506779783445"
"2","0.1","true","false","false","true","988","17.04","647.916618935973"
"10","0.9","true","false","false","true","474","12.824","382.71027571761675"
"11","1","true","false","false","true","357","8.46","282.6675506370231"
"2","0.1","true","false","false","true","989","17.072","648.4736299596267"
"10","0.9","true","false","false","true","475","12.7","383.64074423273786"
"11","1","true","false","false","true","358","8.46","282.66755063702317"
"2","0.1","true","false","false","true","990","17.088","647.9054949913386"
"10","0.9","true","false","false","true","476","12.864","383.9560935598195"
"11","1","true","false","false","true","359","8.46","282.66755063702294"
"10","0.9","true","false","false","true","477","12.78","384.27934738999676"
"2","0.1","true","false","false","true","991","17.348","647.331084122938"
"11","1","true","false","false","true","360","8.46","282.6675506370229"
"10","0.9","true","false","false","true","478","12.856","383.7858709574802"
"2","0.1","true","false","false","true","992","17.396","647.1620216701007"
"11","1","true","false","false","true","361","8.46","282.667550637023"
"10","0.9","true","false","false","true","479","12.892","383.92379388585005"
"10","0.9","true","false","false","true","480","12.84","384.07942925006125"
"11","1","true","false","false","true","362","8.46","282.66755063702317"
"2","0.1","true","false","false","true","993","17.548","647.034451401622"
"10","0.9","true","false","false","true","481","12.8","383.958202609491"
"10","0.9","true","false","false","true","482","12.8","384.16191205384814"
"11","1","true","false","false","true","363","8.46","282.66755063702317"
"2","0.1","true","false","false","true","994","17.428","646.3181602783658"
"10","0.9","true","false","false","true","483","12.94","383.873758811652"
"2","0.1","true","false","false","true","995","17.468","646.4339642995081"
"10","0.9","true","false","false","true","484","12.832","383.50957330059316"
"11","1","true","false","false","true","364","8.46","282.6675506370229"
"2","0.1","true","false","false","true","996","17.54","645.8645002826964"
"10","0.9","true","false","false","true","485","12.784","382.93547856580636"
"11","1","true","false","false","true","365","8.46","282.66755063702317"
"2","0.1","true","false","false","true","997","17.828","646.2061020386731"
"10","0.9","true","false","false","true","486","12.88","382.750410664846"
"11","1","true","false","false","true","366","8.46","282.667550637023"
"10","0.9","true","false","false","true","487","12.852","383.3639922293552"
"2","0.1","true","false","false","true","998","17.784","644.9461193530716"
"10","0.9","true","false","false","true","488","12.896","383.5029849700655"
"2","0.1","true","false","false","true","999","17.952","645.0320685060796"
"11","1","true","false","false","true","367","8.46","282.66755063702306"
"10","0.9","true","false","false","true","489","12.9","382.8120997515586"
"11","1","true","false","false","true","368","8.46","282.66755063702306"
"10","0.9","true","false","false","true","490","12.96","382.5855351486792"
"11","1","true","false","false","true","369","8.46","282.667550637023"
"10","0.9","true","false","false","true","491","12.948","383.3760821850931"
"11","1","true","false","false","true","370","8.46","282.667550637023"
"10","0.9","true","false","false","true","492","12.84","382.9837836231261"
"10","0.9","true","false","false","true","493","12.852","382.46731937291236"
"11","1","true","false","false","true","371","8.46","282.66755063702306"
"10","0.9","true","false","false","true","494","12.952","383.59537997281"
"11","1","true","false","false","true","372","8.46","282.66755063702317"
"10","0.9","true","false","false","true","495","12.82","383.5543046167551"
"10","0.9","true","false","false","true","496","12.948","382.6661780649582"
"11","1","true","false","false","true","373","8.46","282.6675506370232"
"11","1","true","false","false","true","374","8.46","282.66755063702294"
"10","0.9","true","false","false","true","497","12.984","382.70833306896424"
"10","0.9","true","false","false","true","498","12.856","382.088796510812"
"11","1","true","false","false","true","375","8.46","282.66755063702306"
"10","0.9","true","false","false","true","499","12.888","383.24944239194446"
"11","1","true","false","false","true","376","8.46","282.66755063702317"
"10","0.9","true","false","false","true","500","12.948","382.721083110717"
"10","0.9","true","false","false","true","501","12.932","382.97415583428733"
"11","1","true","false","false","true","377","8.46","282.6675506370229"
"10","0.9","true","false","false","true","502","13.036","383.41540585948036"
"11","1","true","false","false","true","378","8.46","282.66755063702317"
"10","0.9","true","false","false","true","503","12.888","383.83069654747413"
"10","0.9","true","false","false","true","504","12.896","383.82409340195034"
"11","1","true","false","false","true","379","8.46","282.6675506370234"
"10","0.9","true","false","false","true","505","12.612","383.9557657929151"
"10","0.9","true","false","false","true","506","13.036","383.9199435282851"
"11","1","true","false","false","true","380","8.46","282.6675506370231"
"10","0.9","true","false","false","true","507","12.992","383.85008831956964"
"11","1","true","false","false","true","381","8.46","282.6675506370228"
"10","0.9","true","false","false","true","508","13.132","383.2106905559589"
"11","1","true","false","false","true","382","8.46","282.6675506370231"
"10","0.9","true","false","false","true","509","12.9","383.74035452954126"
"11","1","true","false","false","true","383","8.46","282.6675506370233"
"10","0.9","true","false","false","true","510","13.032","383.59062398582853"
"11","1","true","false","false","true","384","8.46","282.6675506370229"
"10","0.9","true","false","false","true","511","13.084","384.67048096463077"
"11","1","true","false","false","true","385","8.46","282.66755063702294"
"10","0.9","true","false","false","true","512","13.132","383.81332503578983"
"11","1","true","false","false","true","386","8.46","282.66755063702317"
"10","0.9","true","false","false","true","513","13.088","384.1310592915433"
"11","1","true","false","false","true","387","8.46","282.6675506370231"
"11","1","true","false","false","true","388","8.46","282.66755063702294"
"10","0.9","true","false","false","true","514","12.84","383.92667107762844"
"11","1","true","false","false","true","389","8.46","282.66755063702294"
"10","0.9","true","false","false","true","515","13.096","384.4005909955322"
"11","1","true","false","false","true","390","8.46","282.6675506370234"
"10","0.9","true","false","false","true","516","12.98","384.89666804367715"
"11","1","true","false","false","true","391","8.46","282.66755063702306"
"10","0.9","true","false","false","true","517","13.064","384.79643571215223"
"11","1","true","false","false","true","392","8.46","282.66755063702294"
"10","0.9","true","false","false","true","518","13.036","384.8813167303491"
"11","1","true","false","false","true","393","8.46","282.66755063702306"
"10","0.9","true","false","false","true","519","12.904","384.9928540673513"
"11","1","true","false","false","true","394","8.46","282.6675506370228"
"11","1","true","false","false","true","395","8.46","282.6675506370232"
"10","0.9","true","false","false","true","520","13.072","384.96585611823576"
"11","1","true","false","false","true","396","8.46","282.66755063702294"
"10","0.9","true","false","false","true","521","13.004","385.16874381912083"
"11","1","true","false","false","true","397","8.46","282.66755063702306"
"10","0.9","true","false","false","true","522","12.84","384.4512832790402"
"11","1","true","false","false","true","398","8.46","282.66755063702306"
"11","1","true","false","false","true","399","8.46","282.66755063702294"
"10","0.9","true","false","false","true","523","13.128","384.43808086584085"
"11","1","true","false","false","true","400","8.46","282.66755063702294"
"10","0.9","true","false","false","true","524","13.016","385.0434564881911"
"11","1","true","false","false","true","401","8.46","282.66755063702306"
"10","0.9","true","false","false","true","525","13.096","384.96039866758485"
"11","1","true","false","false","true","402","8.46","282.66755063702306"
"10","0.9","true","false","false","true","526","13.004","384.86952582512413"
"11","1","true","false","false","true","403","8.46","282.66755063702317"
"10","0.9","true","false","false","true","527","13.004","384.47126864934467"
"11","1","true","false","false","true","404","8.46","282.66755063702317"
"10","0.9","true","false","false","true","528","13.056","384.6800181348917"
"11","1","true","false","false","true","405","8.46","282.66755063702294"
"11","1","true","false","false","true","406","8.46","282.6675506370233"
"10","0.9","true","false","false","true","529","13.08","385.09045378002753"
"11","1","true","false","false","true","407","8.46","282.6675506370231"
"10","0.9","true","false","false","true","530","13.104","385.1844541710384"
"11","1","true","false","false","true","408","8.46","282.66755063702317"
"11","1","true","false","false","true","409","8.46","282.66755063702306"
"10","0.9","true","false","false","true","531","12.976","385.67599192882886"
"11","1","true","false","false","true","410","8.46","282.66755063702317"
"10","0.9","true","false","false","true","532","13.04","384.8323881625674"
"11","1","true","false","false","true","411","8.46","282.6675506370231"
"10","0.9","true","false","false","true","533","12.952","385.72587841682395"
"11","1","true","false","false","true","412","8.46","282.6675506370229"
"10","0.9","true","false","false","true","534","13.044","385.5867890086809"
"11","1","true","false","false","true","413","8.46","282.6675506370231"
"10","0.9","true","false","false","true","535","12.904","385.56540583384333"
"11","1","true","false","false","true","414","8.46","282.66755063702306"
"11","1","true","false","false","true","415","8.46","282.66755063702294"
"10","0.9","true","false","false","true","536","12.952","384.5570829403832"
"11","1","true","false","false","true","416","8.46","282.66755063702306"
"10","0.9","true","false","false","true","537","12.916","385.24196664467587"
"11","1","true","false","false","true","417","8.46","282.66755063702317"
"10","0.9","true","false","false","true","538","13.008","386.2486750062263"
"11","1","true","false","false","true","418","8.46","282.667550637023"
"10","0.9","true","false","false","true","539","13.016","385.25595743404307"
"11","1","true","false","false","true","419","8.46","282.6675506370233"
"10","0.9","true","false","false","true","540","13.016","384.99847720005005"
"11","1","true","false","false","true","420","8.46","282.66755063702294"
"10","0.9","true","false","false","true","541","13.044","384.82185192663366"
"11","1","true","false","false","true","421","8.46","282.66755063702306"
"10","0.9","true","false","false","true","542","12.832","385.0297337526513"
"11","1","true","false","false","true","422","8.46","282.66755063702306"
"10","0.9","true","false","false","true","543","12.988","385.7016403762901"
"11","1","true","false","false","true","423","8.46","282.66755063702334"
"11","1","true","false","false","true","424","8.46","282.66755063702317"
"10","0.9","true","false","false","true","544","13.04","385.89859730617485"
"11","1","true","false","false","true","425","8.46","282.66755063702317"
"10","0.9","true","false","false","true","545","13.08","385.0030382185823"
"11","1","true","false","false","true","426","8.46","282.66755063702317"
"10","0.9","true","false","false","true","546","13.052","385.5147582957695"
"11","1","true","false","false","true","427","8.46","282.66755063702306"
"10","0.9","true","false","false","true","547","12.984","385.5270648422759"
"11","1","true","false","false","true","428","8.46","282.6675506370232"
"10","0.9","true","false","false","true","548","13.044","385.8774895682731"
"11","1","true","false","false","true","429","8.46","282.66755063702306"
"10","0.9","true","false","false","true","549","13.092","385.4931168068354"
"11","1","true","false","false","true","430","8.46","282.6675506370233"
"10","0.9","true","false","false","true","550","13.136","385.38403796823224"
"11","1","true","false","false","true","431","8.46","282.66755063702306"
"11","1","true","false","false","true","432","8.46","282.667550637023"
"10","0.9","true","false","false","true","551","13.008","385.24258416901216"
"11","1","true","false","false","true","433","8.46","282.66755063702317"
"10","0.9","true","false","false","true","552","12.968","385.55330868592006"
"11","1","true","false","false","true","434","8.46","282.66755063702294"
"10","0.9","true","false","false","true","553","13.032","385.79269372061555"
"11","1","true","false","false","true","435","8.46","282.667550637023"
"10","0.9","true","false","false","true","554","13.028","386.1438503572974"
"11","1","true","false","false","true","436","8.46","282.66755063702294"
"10","0.9","true","false","false","true","555","13.14","384.33626967621984"
"11","1","true","false","false","true","437","8.46","282.66755063702294"
"10","0.9","true","false","false","true","556","13.08","385.0192377202229"
"11","1","true","false","false","true","438","8.46","282.66755063702306"
"10","0.9","true","false","false","true","557","13.04","385.77629265256957"
"11","1","true","false","false","true","439","8.46","282.66755063702306"
"11","1","true","false","false","true","440","8.46","282.6675506370228"
"10","0.9","true","false","false","true","558","12.776","385.9834773330848"
"11","1","true","false","false","true","441","8.46","282.6675506370231"
"10","0.9","true","false","false","true","559","13.048","385.52888898344105"
"11","1","true","false","false","true","442","8.46","282.66755063702306"
"10","0.9","true","false","false","true","560","12.84","386.4667025545715"
"11","1","true","false","false","true","443","8.46","282.66755063702306"
"10","0.9","true","false","false","true","561","13.116","386.08275971164517"
"11","1","true","false","false","true","444","8.46","282.66755063702317"
"10","0.9","true","false","false","true","562","12.9","387.1824081577896"
"11","1","true","false","false","true","445","8.46","282.66755063702306"
"10","0.9","true","false","false","true","563","13.056","386.5515802090724"
"11","1","true","false","false","true","446","8.46","282.66755063702317"
"10","0.9","true","false","false","true","564","13.12","386.3417011573506"
"11","1","true","false","false","true","447","8.46","282.667550637023"
"10","0.9","true","false","false","true","565","13.008","385.8065138240995"
"11","1","true","false","false","true","448","8.46","282.66755063702306"
"10","0.9","true","false","false","true","566","13.132","385.52531089490276"
"11","1","true","false","false","true","449","8.46","282.6675506370228"
"10","0.9","true","false","false","true","567","13.12","386.34687551306814"
"11","1","true","false","false","true","450","8.46","282.66755063702294"
"11","1","true","false","false","true","451","8.46","282.66755063702317"
"10","0.9","true","false","false","true","568","13.056","385.53599028266024"
"11","1","true","false","false","true","452","8.46","282.66755063702317"
"10","0.9","true","false","false","true","569","12.964","385.8785024758205"
"11","1","true","false","false","true","453","8.46","282.66755063702317"
"10","0.9","true","false","false","true","570","13.076","386.46322141602894"
"11","1","true","false","false","true","454","8.46","282.66755063702306"
"10","0.9","true","false","false","true","571","13.04","386.44931959174295"
"11","1","true","false","false","true","455","8.46","282.667550637023"
"10","0.9","true","false","false","true","572","13.072","386.04635697792594"
"10","0.9","true","false","false","true","573","12.98","386.5337005929606"
"11","1","true","false","false","true","456","8.46","282.6675506370231"
"10","0.9","true","false","false","true","574","13.144","386.6269699524653"
"11","1","true","false","false","true","457","8.46","282.6675506370231"
"11","1","true","false","false","true","458","8.46","282.6675506370232"
"10","0.9","true","false","false","true","575","12.98","386.47187591246245"
"11","1","true","false","false","true","459","8.46","282.66755063702317"
"10","0.9","true","false","false","true","576","13.08","385.8856694177994"
"11","1","true","false","false","true","460","8.46","282.66755063702317"
"10","0.9","true","false","false","true","577","13.036","385.7883459993547"
"11","1","true","false","false","true","461","8.46","282.667550637023"
"10","0.9","true","false","false","true","578","13.14","385.8949842253626"
"11","1","true","false","false","true","462","8.46","282.667550637023"
"10","0.9","true","false","false","true","579","13","385.7711827067753"
"11","1","true","false","false","true","463","8.46","282.6675506370231"
"10","0.9","true","false","false","true","580","13.056","386.4900814731087"
"11","1","true","false","false","true","464","8.46","282.667550637023"
"10","0.9","true","false","false","true","581","13.12","385.6171078198103"
"11","1","true","false","false","true","465","8.46","282.66755063702306"
"10","0.9","true","false","false","true","582","13.076","386.1635447448009"
"11","1","true","false","false","true","466","8.46","282.66755063702306"
"10","0.9","true","false","false","true","583","12.972","385.94253430096467"
"11","1","true","false","false","true","467","8.46","282.66755063702306"
"11","1","true","false","false","true","468","8.46","282.66755063702306"
"10","0.9","true","false","false","true","584","13.044","384.5593537520505"
"11","1","true","false","false","true","469","8.46","282.6675506370231"
"10","0.9","true","false","false","true","585","12.996","385.4027386208052"
"11","1","true","false","false","true","470","8.46","282.667550637023"
"10","0.9","true","false","false","true","586","13.12","385.70592376673176"
"11","1","true","false","false","true","471","8.46","282.66755063702306"
"10","0.9","true","false","false","true","587","13.028","385.6798337406178"
"11","1","true","false","false","true","472","8.46","282.6675506370232"
"10","0.9","true","false","false","true","588","13.068","385.09335913026354"
"11","1","true","false","false","true","473","8.46","282.66755063702317"
"10","0.9","true","false","false","true","589","13.116","385.3226299762429"
"11","1","true","false","false","true","474","8.46","282.667550637023"
"11","1","true","false","false","true","475","8.46","282.6675506370231"
"10","0.9","true","false","false","true","590","13.064","385.85549419498017"
"11","1","true","false","false","true","476","8.46","282.66755063702306"
"10","0.9","true","false","false","true","591","12.996","385.9682490323483"
"11","1","true","false","false","true","477","8.46","282.66755063702294"
"10","0.9","true","false","false","true","592","13.1","386.08190543080127"
"11","1","true","false","false","true","478","8.46","282.66755063702294"
"10","0.9","true","false","false","true","593","13.104","386.1570471183971"
"11","1","true","false","false","true","479","8.46","282.6675506370233"
"10","0.9","true","false","false","true","594","13.056","385.9984461541964"
"11","1","true","false","false","true","480","8.46","282.66755063702306"
"10","0.9","true","false","false","true","595","13.132","385.5365410862313"
"11","1","true","false","false","true","481","8.46","282.66755063702317"
"11","1","true","false","false","true","482","8.46","282.66755063702306"
"10","0.9","true","false","false","true","596","13.108","385.56275255844105"
"11","1","true","false","false","true","483","8.46","282.66755063702306"
"10","0.9","true","false","false","true","597","13.156","386.27516071149995"
"11","1","true","false","false","true","484","8.46","282.66755063702306"
"10","0.9","true","false","false","true","598","13.14","385.92176714079494"
"11","1","true","false","false","true","485","8.46","282.66755063702294"
"10","0.9","true","false","false","true","599","13.032","385.10719415428736"
"11","1","true","false","false","true","486","8.46","282.6675506370232"
"10","0.9","true","false","false","true","600","12.968","385.7642221390669"
"11","1","true","false","false","true","487","8.46","282.66755063702294"
"10","0.9","true","false","false","true","601","13.14","385.30006467171046"
"11","1","true","false","false","true","488","8.46","282.66755063702294"
"10","0.9","true","false","false","true","602","13.204","385.45133114500925"
"11","1","true","false","false","true","489","8.46","282.6675506370231"
"11","1","true","false","false","true","490","8.46","282.66755063702317"
"10","0.9","true","false","false","true","603","13.116","385.53184831756266"
"11","1","true","false","false","true","491","8.46","282.66755063702294"
"10","0.9","true","false","false","true","604","13.064","386.1233688053371"
"11","1","true","false","false","true","492","8.46","282.66755063702317"
"10","0.9","true","false","false","true","605","13","386.16131046606995"
"11","1","true","false","false","true","493","8.46","282.667550637023"
"10","0.9","true","false","false","true","606","13.08","386.3646600539948"
"11","1","true","false","false","true","494","8.46","282.6675506370229"
"10","0.9","true","false","false","true","607","13.172","386.0624221625396"
"11","1","true","false","false","true","495","8.46","282.66755063702294"
"10","0.9","true","false","false","true","608","13.044","385.65856963211644"
"10","0.9","true","false","false","true","609","13.212","385.045403177786"
"11","1","true","false","false","true","496","8.46","282.6675506370229"
"10","0.9","true","false","false","true","610","13.156","385.846251010889"
"11","1","true","false","false","true","497","8.46","282.667550637023"
"11","1","true","false","false","true","498","8.46","282.66755063702306"
"10","0.9","true","false","false","true","611","13.112","384.3642201111024"
"11","1","true","false","false","true","499","8.46","282.66755063702317"
"10","0.9","true","false","false","true","612","13.08","384.6360040332789"
"10","0.9","true","false","false","true","613","13.1","384.61738516167514"
"11","1","true","false","false","true","500","8.46","282.66755063702294"
"10","0.9","true","false","false","true","614","13.096","384.8620725057226"
"11","1","true","false","false","true","501","8.46","282.6675506370231"
"10","0.9","true","false","false","true","615","13.244","385.2629833563799"
"11","1","true","false","false","true","502","8.46","282.66755063702306"
"10","0.9","true","false","false","true","616","13.004","385.11996198850903"
"11","1","true","false","false","true","503","8.46","282.66755063702306"
"10","0.9","true","false","false","true","617","13.292","384.5623566967245"
"11","1","true","false","false","true","504","8.46","282.6675506370231"
"10","0.9","true","false","false","true","618","13.268","383.9847553870688"
"10","0.9","true","false","false","true","619","13.184","383.69311909079426"
"11","1","true","false","false","true","505","8.46","282.66755063702306"
"10","0.9","true","false","false","true","620","13.124","384.5586167596805"
"11","1","true","false","false","true","506","8.46","282.6675506370231"
"10","0.9","true","false","false","true","621","13.048","384.36899753170303"
"11","1","true","false","false","true","507","8.46","282.66755063702294"
"10","0.9","true","false","false","true","622","13.256","383.9523718469307"
"11","1","true","false","false","true","508","8.46","282.66755063702317"
"10","0.9","true","false","false","true","623","13.172","383.83182135507315"
"10","0.9","true","false","false","true","624","13.076","383.7229018505461"
"11","1","true","false","false","true","509","8.46","282.6675506370231"
"10","0.9","true","false","false","true","625","13.208","383.3049065069641"
"11","1","true","false","false","true","510","8.46","282.667550637023"
"10","0.9","true","false","false","true","626","13.16","383.87539994359213"
"11","1","true","false","false","true","511","8.46","282.66755063702306"
"10","0.9","true","false","false","true","627","13.296","383.6819769039738"
"10","0.9","true","false","false","true","628","13.316","383.3502927041223"
"11","1","true","false","false","true","512","8.46","282.66755063702317"
"11","1","true","false","false","true","513","8.46","282.66755063702317"
"10","0.9","true","false","false","true","629","13.148","383.6092096341058"
"11","1","true","false","false","true","514","8.46","282.667550637023"
"10","0.9","true","false","false","true","630","13.272","382.941974802713"
"11","1","true","false","false","true","515","8.46","282.6675506370231"
"10","0.9","true","false","false","true","631","13.072","383.3830745150546"
"10","0.9","true","false","false","true","632","13.18","383.0907828097856"
"11","1","true","false","false","true","516","8.46","282.66755063702306"
"10","0.9","true","false","false","true","633","13.304","382.8953637887187"
"11","1","true","false","false","true","517","8.46","282.66755063702306"
"10","0.9","true","false","false","true","634","13.344","383.6982050605709"
"11","1","true","false","false","true","518","8.46","282.66755063702317"
"10","0.9","true","false","false","true","635","13.2","383.60876282927694"
"11","1","true","false","false","true","519","8.46","282.66755063702306"
"10","0.9","true","false","false","true","636","13.292","383.447793540553"
"11","1","true","false","false","true","520","8.46","282.66755063702306"
"11","1","true","false","false","true","521","8.46","282.66755063702306"
"10","0.9","true","false","false","true","637","13.272","383.22601378138296"
"10","0.9","true","false","false","true","638","13.212","383.64088964288777"
"11","1","true","false","false","true","522","8.46","282.66755063702306"
"10","0.9","true","false","false","true","639","13.26","382.90884286367395"
"11","1","true","false","false","true","523","8.46","282.66755063702306"
"10","0.9","true","false","false","true","640","13.232","383.4447073353261"
"11","1","true","false","false","true","524","8.46","282.66755063702306"
"10","0.9","true","false","false","true","641","13.132","383.50287154608554"
"11","1","true","false","false","true","525","8.46","282.66755063702334"
"10","0.9","true","false","false","true","642","13.092","383.41685698472696"
"11","1","true","false","false","true","526","8.46","282.6675506370228"
"10","0.9","true","false","false","true","643","13.128","382.8864310783363"
"11","1","true","false","false","true","527","8.46","282.6675506370231"
"10","0.9","true","false","false","true","644","13.068","381.85370260308105"
"11","1","true","false","false","true","528","8.46","282.6675506370228"
"10","0.9","true","false","false","true","645","13.232","382.83692857745496"
"11","1","true","false","false","true","529","8.46","282.6675506370228"
"10","0.9","true","false","false","true","646","13.2","382.91245715308366"
"11","1","true","false","false","true","530","8.46","282.66755063702294"
"10","0.9","true","false","false","true","647","13.24","383.29967168921326"
"11","1","true","false","false","true","531","8.46","282.66755063702306"
"10","0.9","true","false","false","true","648","13.192","383.4619861600879"
"11","1","true","false","false","true","532","8.46","282.66755063702306"
"10","0.9","true","false","false","true","649","13.248","382.5038989141935"
"11","1","true","false","false","true","533","8.46","282.66755063702306"
"10","0.9","true","false","false","true","650","13.352","382.92093245270945"
"11","1","true","false","false","true","534","8.46","282.66755063702294"
"10","0.9","true","false","false","true","651","13.264","383.17247115038174"
"11","1","true","false","false","true","535","8.46","282.66755063702306"
"10","0.9","true","false","false","true","652","13.176","382.85005260753996"
"11","1","true","false","false","true","536","8.46","282.66755063702294"
"10","0.9","true","false","false","true","653","13.124","382.69530718870647"
"11","1","true","false","false","true","537","8.46","282.66755063702306"
"10","0.9","true","false","false","true","654","13.072","383.5346836659999"
"10","0.9","true","false","false","true","655","13.268","382.41050706626504"
"11","1","true","false","false","true","538","8.46","282.667550637023"
"10","0.9","true","false","false","true","656","13.276","382.7892691980753"
"11","1","true","false","false","true","539","8.46","282.6675506370228"
"10","0.9","true","false","false","true","657","13.3","382.4648697758306"
"11","1","true","false","false","true","540","8.46","282.6675506370229"
"10","0.9","true","false","false","true","658","13.252","382.6319285912145"
"11","1","true","false","false","true","541","8.46","282.66755063702306"
"10","0.9","true","false","false","true","659","13.272","382.5068508601892"
"11","1","true","false","false","true","542","8.46","282.66755063702294"
"11","1","true","false","false","true","543","8.46","282.66755063702306"
"10","0.9","true","false","false","true","660","13.364","382.2626701559824"
"11","1","true","false","false","true","544","8.46","282.66755063702306"
"10","0.9","true","false","false","true","661","13.448","381.4515015640886"
"11","1","true","false","false","true","545","8.46","282.66755063702294"
"10","0.9","true","false","false","true","662","13.44","382.03428207995813"
"11","1","true","false","false","true","546","8.46","282.66755063702294"
"10","0.9","true","false","false","true","663","13.412","381.4369918821962"
"11","1","true","false","false","true","547","8.46","282.66755063702294"
"10","0.9","true","false","false","true","664","13.356","382.39276603520165"
"10","0.9","true","false","false","true","665","13.188","382.49584098193066"
"11","1","true","false","false","true","548","8.46","282.6675506370231"
"10","0.9","true","false","false","true","666","13.412","382.37643027926174"
"11","1","true","false","false","true","549","8.46","282.6675506370233"
"10","0.9","true","false","false","true","667","13.44","381.278377397545"
"11","1","true","false","false","true","550","8.46","282.66755063702306"
"10","0.9","true","false","false","true","668","13.476","381.7872685035892"
"11","1","true","false","false","true","551","8.46","282.6675506370231"
"11","1","true","false","false","true","552","8.46","282.66755063702317"
"10","0.9","true","false","false","true","669","13.448","381.5662183026753"
"11","1","true","false","false","true","553","8.46","282.66755063702294"
"10","0.9","true","false","false","true","670","13.396","382.4301601643023"
"11","1","true","false","false","true","554","8.46","282.66755063702306"
"10","0.9","true","false","false","true","671","13.548","382.613438279162"
"11","1","true","false","false","true","555","8.46","282.6675506370234"
"10","0.9","true","false","false","true","672","13.452","382.17505374639586"
"11","1","true","false","false","true","556","8.46","282.6675506370233"
"10","0.9","true","false","false","true","673","13.252","382.2037716780261"
"11","1","true","false","false","true","557","8.46","282.6675506370232"
"10","0.9","true","false","false","true","674","13.308","382.3203454426482"
"11","1","true","false","false","true","558","8.46","282.6675506370231"
"10","0.9","true","false","false","true","675","13.364","381.7174748848869"
"11","1","true","false","false","true","559","8.46","282.66755063702294"
"10","0.9","true","false","false","true","676","13.244","382.12449021880957"
"11","1","true","false","false","true","560","8.46","282.66755063702306"
"10","0.9","true","false","false","true","677","13.296","381.80799640679555"
"11","1","true","false","false","true","561","8.46","282.6675506370232"
"10","0.9","true","false","false","true","678","13.196","381.70960579534585"
"11","1","true","false","false","true","562","8.46","282.66755063702306"
"10","0.9","true","false","false","true","679","13.384","381.71645133245556"
"11","1","true","false","false","true","563","8.46","282.66755063702306"
"10","0.9","true","false","false","true","680","13.396","381.52280474465306"
"11","1","true","false","false","true","564","8.46","282.66755063702317"
"10","0.9","true","false","false","true","681","13.224","381.9171655984257"
"11","1","true","false","false","true","565","8.46","282.66755063702317"
"10","0.9","true","false","false","true","682","13.316","381.8082482679071"
"11","1","true","false","false","true","566","8.46","282.66755063702317"
"10","0.9","true","false","false","true","683","13.452","380.966872915417"
"11","1","true","false","false","true","567","8.46","282.66755063702306"
"11","1","true","false","false","true","568","8.46","282.6675506370229"
"10","0.9","true","false","false","true","684","13.604","380.8577022952333"
"11","1","true","false","false","true","569","8.46","282.66755063702306"
"10","0.9","true","false","false","true","685","13.384","380.7963060167734"
"11","1","true","false","false","true","570","8.46","282.66755063702306"
"10","0.9","true","false","false","true","686","13.408","380.33175516145053"
"11","1","true","false","false","true","571","8.46","282.6675506370231"
"10","0.9","true","false","false","true","687","13.356","381.5483995275362"
"11","1","true","false","false","true","572","8.46","282.66755063702294"
"10","0.9","true","false","false","true","688","13.576","380.1251499788651"
"11","1","true","false","false","true","573","8.46","282.66755063702306"
"11","1","true","false","false","true","574","8.46","282.6675506370233"
"10","0.9","true","false","false","true","689","13.384","380.97179063898625"
"11","1","true","false","false","true","575","8.46","282.6675506370233"
"10","0.9","true","false","false","true","690","13.612","380.34659252979765"
"11","1","true","false","false","true","576","8.46","282.66755063702317"
"10","0.9","true","false","false","true","691","13.54","379.6395357433998"
"11","1","true","false","false","true","577","8.46","282.66755063702317"
"10","0.9","true","false","false","true","692","13.584","380.0886325998768"
"11","1","true","false","false","true","578","8.46","282.66755063702306"
"10","0.9","true","false","false","true","693","13.38","380.0076459385833"
"11","1","true","false","false","true","579","8.46","282.66755063702306"
"10","0.9","true","false","false","true","694","13.44","380.33927394551074"
"11","1","true","false","false","true","580","8.46","282.6675506370229"
"10","0.9","true","false","false","true","695","13.516","380.498181536603"
"11","1","true","false","false","true","581","8.46","282.66755063702294"
"11","1","true","false","false","true","582","8.46","282.66755063702317"
"10","0.9","true","false","false","true","696","13.536","380.66305579236507"
"11","1","true","false","false","true","583","8.46","282.66755063702294"
"10","0.9","true","false","false","true","697","13.736","380.25663553945225"
"11","1","true","false","false","true","584","8.46","282.66755063702306"
"10","0.9","true","false","false","true","698","13.58","380.7412990108459"
"11","1","true","false","false","true","585","8.46","282.66755063702306"
"10","0.9","true","false","false","true","699","13.632","380.50755181592365"
"11","1","true","false","false","true","586","8.46","282.6675506370228"
"10","0.9","true","false","false","true","700","13.464","380.04778311870126"
"11","1","true","false","false","true","587","8.46","282.66755063702306"
"10","0.9","true","false","false","true","701","13.628","380.708585092648"
"11","1","true","false","false","true","588","8.46","282.6675506370231"
"10","0.9","true","false","false","true","702","13.632","380.59538608523263"
"11","1","true","false","false","true","589","8.46","282.66755063702306"
"10","0.9","true","false","false","true","703","13.704","379.96571396323185"
"11","1","true","false","false","true","590","8.46","282.66755063702317"
"11","1","true","false","false","true","591","8.46","282.667550637023"
"10","0.9","true","false","false","true","704","13.748","380.0133475955712"
"11","1","true","false","false","true","592","8.46","282.66755063702306"
"10","0.9","true","false","false","true","705","13.44","380.9913904461905"
"11","1","true","false","false","true","593","8.46","282.66755063702317"
"10","0.9","true","false","false","true","706","13.536","381.03091541664236"
"11","1","true","false","false","true","594","8.46","282.66755063702294"
"10","0.9","true","false","false","true","707","13.612","380.731929306988"
"11","1","true","false","false","true","595","8.46","282.66755063702317"
"11","1","true","false","false","true","596","8.46","282.66755063702306"
"10","0.9","true","false","false","true","708","13.588","380.9069740694486"
"11","1","true","false","false","true","597","8.46","282.6675506370231"
"10","0.9","true","false","false","true","709","13.604","380.8603086027085"
"11","1","true","false","false","true","598","8.46","282.66755063702306"
"10","0.9","true","false","false","true","710","13.644","380.7010771033959"
"11","1","true","false","false","true","599","8.46","282.66755063702294"
"10","0.9","true","false","false","true","711","13.468","380.9569428778456"
"11","1","true","false","false","true","600","8.46","282.6675506370231"
"10","0.9","true","false","false","true","712","13.58","380.6376493612805"
"11","1","true","false","false","true","601","8.46","282.66755063702317"
"11","1","true","false","false","true","602","8.46","282.66755063702317"
"10","0.9","true","false","false","true","713","13.348","380.52032507173357"
"11","1","true","false","false","true","603","8.46","282.66755063702306"
"10","0.9","true","false","false","true","714","13.64","380.6733671568513"
"11","1","true","false","false","true","604","8.46","282.66755063702294"
"10","0.9","true","false","false","true","715","13.684","380.1057560030037"
"11","1","true","false","false","true","605","8.46","282.66755063702317"
"10","0.9","true","false","false","true","716","13.604","380.21287224926544"
"11","1","true","false","false","true","606","8.46","282.66755063702317"
"10","0.9","true","false","false","true","717","13.8","380.62736901239026"
"11","1","true","false","false","true","607","8.46","282.6675506370233"
"10","0.9","true","false","false","true","718","13.596","380.13439652960113"
"11","1","true","false","false","true","608","8.46","282.66755063702294"
"11","1","true","false","false","true","609","8.46","282.66755063702306"
"10","0.9","true","false","false","true","719","13.72","380.07157727590334"
"11","1","true","false","false","true","610","8.46","282.6675506370228"
"10","0.9","true","false","false","true","720","13.492","380.0366300424012"
"11","1","true","false","false","true","611","8.46","282.6675506370231"
"10","0.9","true","false","false","true","721","13.624","380.21621878980915"
"11","1","true","false","false","true","612","8.46","282.66755063702317"
"10","0.9","true","false","false","true","722","13.54","380.5144094743084"
"11","1","true","false","false","true","613","8.46","282.66755063702317"
"10","0.9","true","false","false","true","723","13.72","379.96200641771435"
"11","1","true","false","false","true","614","8.46","282.667550637023"
"10","0.9","true","false","false","true","724","13.728","380.1423021290098"
"11","1","true","false","false","true","615","8.46","282.66755063702306"
"10","0.9","true","false","false","true","725","13.66","380.0934906212332"
"11","1","true","false","false","true","616","8.46","282.66755063702294"
"11","1","true","false","false","true","617","8.46","282.66755063702294"
"10","0.9","true","false","false","true","726","13.8","378.994929532875"
"11","1","true","false","false","true","618","8.46","282.66755063702306"
"10","0.9","true","false","false","true","727","13.704","379.8183207285456"
"11","1","true","false","false","true","619","8.46","282.66755063702294"
"10","0.9","true","false","false","true","728","13.792","379.4564807449126"
"11","1","true","false","false","true","620","8.46","282.66755063702306"
"10","0.9","true","false","false","true","729","13.836","380.1262440932427"
"11","1","true","false","false","true","621","8.46","282.66755063702317"
"11","1","true","false","false","true","622","8.46","282.66755063702306"
"10","0.9","true","false","false","true","730","13.804","380.22844334473325"
"11","1","true","false","false","true","623","8.46","282.66755063702294"
"10","0.9","true","false","false","true","731","13.796","380.5440619434442"
"11","1","true","false","false","true","624","8.46","282.66755063702306"
"10","0.9","true","false","false","true","732","13.748","379.7200908930711"
"11","1","true","false","false","true","625","8.46","282.66755063702317"
"10","0.9","true","false","false","true","733","13.976","379.69441160959354"
"11","1","true","false","false","true","626","8.46","282.667550637023"
"10","0.9","true","false","false","true","734","13.78","379.373881205888"
"11","1","true","false","false","true","627","8.46","282.66755063702294"
"10","0.9","true","false","false","true","735","13.876","379.2266056791364"
"11","1","true","false","false","true","628","8.46","282.66755063702306"
"10","0.9","true","false","false","true","736","13.464","379.38762654850945"
"11","1","true","false","false","true","629","8.46","282.66755063702294"
"10","0.9","true","false","false","true","737","13.8","379.2577443622892"
"11","1","true","false","false","true","630","8.46","282.6675506370228"
"10","0.9","true","false","false","true","738","13.704","379.70976264026564"
"11","1","true","false","false","true","631","8.46","282.66755063702317"
"11","1","true","false","false","true","632","8.46","282.66755063702306"
"10","0.9","true","false","false","true","739","13.824","379.6380666307769"
"11","1","true","false","false","true","633","8.46","282.667550637023"
"10","0.9","true","false","false","true","740","13.868","379.1956012799089"
"11","1","true","false","false","true","634","8.46","282.66755063702294"
"10","0.9","true","false","false","true","741","13.864","379.5296166602132"
"11","1","true","false","false","true","635","8.46","282.66755063702317"
"10","0.9","true","false","false","true","742","13.78","380.10123680668676"
"11","1","true","false","false","true","636","8.46","282.66755063702317"
"10","0.9","true","false","false","true","743","13.924","379.47690862313"
"11","1","true","false","false","true","637","8.46","282.66755063702294"
"10","0.9","true","false","false","true","744","13.716","380.2349692369752"
"11","1","true","false","false","true","638","8.46","282.667550637023"
"10","0.9","true","false","false","true","745","13.708","379.77232840656933"
"11","1","true","false","false","true","639","8.46","282.66755063702294"
"10","0.9","true","false","false","true","746","13.748","379.35046605271776"
"11","1","true","false","false","true","640","8.46","282.6675506370231"
"11","1","true","false","false","true","641","8.46","282.66755063702294"
"10","0.9","true","false","false","true","747","13.82","379.2133762426703"
"11","1","true","false","false","true","642","8.46","282.667550637023"
"10","0.9","true","false","false","true","748","13.82","379.31851201298895"
"11","1","true","false","false","true","643","8.46","282.66755063702306"
"10","0.9","true","false","false","true","749","13.732","380.5190452151172"
"11","1","true","false","false","true","644","8.46","282.66755063702294"
"10","0.9","true","false","false","true","750","13.9","380.49901825683503"
"11","1","true","false","false","true","645","8.46","282.6675506370231"
"10","0.9","true","false","false","true","751","13.952","379.3247147866389"
"11","1","true","false","false","true","646","8.46","282.66755063702317"
"10","0.9","true","false","false","true","752","13.78","379.4274442532518"
"11","1","true","false","false","true","647","8.46","282.6675506370231"
"10","0.9","true","false","false","true","753","13.904","379.2855180706331"
"11","1","true","false","false","true","648","8.46","282.667550637023"
"10","0.9","true","false","false","true","754","13.916","378.23986028637927"
"11","1","true","false","false","true","649","8.46","282.66755063702306"
"11","1","true","false","false","true","650","8.46","282.66755063702306"
"10","0.9","true","false","false","true","755","13.848","379.41377094573033"
"11","1","true","false","false","true","651","8.46","282.66755063702317"
"10","0.9","true","false","false","true","756","13.836","379.5004683628732"
"11","1","true","false","false","true","652","8.46","282.66755063702306"
"10","0.9","true","false","false","true","757","13.876","379.41197135122417"
"11","1","true","false","false","true","653","8.46","282.6675506370232"
"10","0.9","true","false","false","true","758","13.972","379.66428901167006"
"11","1","true","false","false","true","654","8.46","282.66755063702306"
"10","0.9","true","false","false","true","759","13.828","379.1057562377651"
"11","1","true","false","false","true","655","8.46","282.66755063702317"
"10","0.9","true","false","false","true","760","13.788","379.92515392135465"
"11","1","true","false","false","true","656","8.46","282.66755063702306"
"10","0.9","true","false","false","true","761","13.844","380.2801253662163"
"11","1","true","false","false","true","657","8.46","282.6675506370229"
"10","0.9","true","false","false","true","762","13.924","380.30783166912636"
"11","1","true","false","false","true","658","8.46","282.66755063702317"
"10","0.9","true","false","false","true","763","13.952","380.4793745336157"
"11","1","true","false","false","true","659","8.46","282.66755063702294"
"10","0.9","true","false","false","true","764","13.936","380.15820094605124"
"11","1","true","false","false","true","660","8.46","282.66755063702317"
"11","1","true","false","false","true","661","8.46","282.66755063702294"
"10","0.9","true","false","false","true","765","13.92","379.8841619430277"
"11","1","true","false","false","true","662","8.46","282.66755063702306"
"10","0.9","true","false","false","true","766","13.916","379.6765252795689"
"11","1","true","false","false","true","663","8.46","282.66755063702294"
"10","0.9","true","false","false","true","767","13.876","378.6966289901104"
"11","1","true","false","false","true","664","8.46","282.66755063702277"
"10","0.9","true","false","false","true","768","13.952","379.06534467641563"
"11","1","true","false","false","true","665","8.46","282.66755063702306"
"10","0.9","true","false","false","true","769","14.124","379.8393767818231"
"11","1","true","false","false","true","666","8.46","282.66755063702317"
"11","1","true","false","false","true","667","8.46","282.66755063702306"
"10","0.9","true","false","false","true","770","14","379.65722832228926"
"11","1","true","false","false","true","668","8.46","282.66755063702294"
"10","0.9","true","false","false","true","771","14.108","379.3710293276685"
"11","1","true","false","false","true","669","8.46","282.6675506370232"
"10","0.9","true","false","false","true","772","14.052","379.5575078773508"
"11","1","true","false","false","true","670","8.46","282.6675506370232"
"10","0.9","true","false","false","true","773","14.056","379.4005713571799"
"11","1","true","false","false","true","671","8.46","282.6675506370233"
"10","0.9","true","false","false","true","774","14.004","378.3100612699425"
"11","1","true","false","false","true","672","8.46","282.66755063702306"
"10","0.9","true","false","false","true","775","13.964","378.74151025884936"
"11","1","true","false","false","true","673","8.46","282.6675506370227"
"10","0.9","true","false","false","true","776","13.968","379.01587984472457"
"11","1","true","false","false","true","674","8.46","282.6675506370229"
"11","1","true","false","false","true","675","8.46","282.66755063702317"
"10","0.9","true","false","false","true","777","14.076","379.6900371793461"
"11","1","true","false","false","true","676","8.46","282.66755063702306"
"10","0.9","true","false","false","true","778","13.996","378.9897110783812"
"11","1","true","false","false","true","677","8.46","282.6675506370232"
"10","0.9","true","false","false","true","779","13.972","378.9646879664265"
"11","1","true","false","false","true","678","8.46","282.6675506370232"
"10","0.9","true","false","false","true","780","14.084","378.85236116030495"
"11","1","true","false","false","true","679","8.46","282.66755063702306"
"10","0.9","true","false","false","true","781","13.972","378.9300616339434"
"11","1","true","false","false","true","680","8.46","282.6675506370228"
"10","0.9","true","false","false","true","782","14.056","379.36999444413453"
"11","1","true","false","false","true","681","8.46","282.66755063702317"
"10","0.9","true","false","false","true","783","13.912","378.87938478391646"
"11","1","true","false","false","true","682","8.46","282.66755063702317"
"10","0.9","true","false","false","true","784","13.908","378.9303227139882"
"11","1","true","false","false","true","683","8.46","282.66755063702317"
"10","0.9","true","false","false","true","785","14.068","379.3722592247335"
"11","1","true","false","false","true","684","8.46","282.66755063702317"
"10","0.9","true","false","false","true","786","13.992","379.54204249268935"
"11","1","true","false","false","true","685","8.46","282.66755063702306"
"10","0.9","true","false","false","true","787","14.212","379.8769779198945"
"11","1","true","false","false","true","686","8.46","282.66755063702294"
"11","1","true","false","false","true","687","8.46","282.66755063702306"
"10","0.9","true","false","false","true","788","13.936","379.1360644671372"
"11","1","true","false","false","true","688","8.46","282.667550637023"
"10","0.9","true","false","false","true","789","14.204","379.46639535654145"
"11","1","true","false","false","true","689","8.46","282.6675506370228"
"10","0.9","true","false","false","true","790","14.044","379.70535569054596"
"11","1","true","false","false","true","690","8.46","282.66755063702317"
"10","0.9","true","false","false","true","791","14.144","379.823500271505"
"11","1","true","false","false","true","691","8.46","282.66755063702306"
"11","1","true","false","false","true","692","8.46","282.66755063702306"
"10","0.9","true","false","false","true","792","14.108","379.90262461034644"
"11","1","true","false","false","true","693","8.46","282.66755063702317"
"10","0.9","true","false","false","true","793","14.068","379.6946007311302"
"11","1","true","false","false","true","694","8.46","282.6675506370228"
"10","0.9","true","false","false","true","794","13.788","380.34463587383"
"11","1","true","false","false","true","695","8.46","282.6675506370234"
"10","0.9","true","false","false","true","795","13.996","379.86835033089915"
"11","1","true","false","false","true","696","8.46","282.6675506370231"
"11","1","true","false","false","true","697","8.46","282.667550637023"
"10","0.9","true","false","false","true","796","14.068","379.0628614964166"
"11","1","true","false","false","true","698","8.46","282.66755063702306"
"10","0.9","true","false","false","true","797","14.124","379.60997965219474"
"11","1","true","false","false","true","699","8.46","282.66755063702294"
"10","0.9","true","false","false","true","798","14.092","379.8151392730191"
"11","1","true","false","false","true","700","8.46","282.66755063702294"
"10","0.9","true","false","false","true","799","14.076","379.4732433176656"
"11","1","true","false","false","true","701","8.46","282.667550637023"
"10","0.9","true","false","false","true","800","14.268","379.21941120569664"
"11","1","true","false","false","true","702","8.46","282.6675506370233"
"10","0.9","true","false","false","true","801","14.192","379.4418409314014"
"11","1","true","false","false","true","703","8.46","282.66755063702294"
"10","0.9","true","false","false","true","802","14.06","379.72810573081574"
"11","1","true","false","false","true","704","8.46","282.66755063702306"
"10","0.9","true","false","false","true","803","14.028","379.6881143433516"
"11","1","true","false","false","true","705","8.46","282.66755063702294"
"11","1","true","false","false","true","706","8.46","282.6675506370228"
"10","0.9","true","false","false","true","804","14.024","379.60422687933146"
"11","1","true","false","false","true","707","8.46","282.66755063702317"
"10","0.9","true","false","false","true","805","14.072","380.20339988559505"
"11","1","true","false","false","true","708","8.46","282.6675506370231"
"10","0.9","true","false","false","true","806","14.092","379.7720890965464"
"11","1","true","false","false","true","709","8.46","282.66755063702306"
"10","0.9","true","false","false","true","807","14.092","380.3628607914683"
"11","1","true","false","false","true","710","8.46","282.66755063702317"
"10","0.9","true","false","false","true","808","14.128","379.5253296341157"
"11","1","true","false","false","true","711","8.46","282.6675506370229"
"11","1","true","false","false","true","712","8.46","282.66755063702306"
"10","0.9","true","false","false","true","809","13.956","379.6049374951614"
"11","1","true","false","false","true","713","8.46","282.6675506370228"
"10","0.9","true","false","false","true","810","14.024","379.89364367072903"
"11","1","true","false","false","true","714","8.46","282.66755063702294"
"10","0.9","true","false","false","true","811","14.056","379.4556295473139"
"11","1","true","false","false","true","715","8.46","282.66755063702306"
"10","0.9","true","false","false","true","812","14.064","379.78625921672693"
"11","1","true","false","false","true","716","8.46","282.6675506370228"
"10","0.9","true","false","false","true","813","14.128","380.0585517473287"
"11","1","true","false","false","true","717","8.46","282.667550637023"
"10","0.9","true","false","false","true","814","14.192","380.7318869945652"
"11","1","true","false","false","true","718","8.46","282.66755063702306"
"11","1","true","false","false","true","719","8.46","282.66755063702294"
"10","0.9","true","false","false","true","815","13.94","380.38882493323666"
"11","1","true","false","false","true","720","8.46","282.66755063702317"
"10","0.9","true","false","false","true","816","14.028","380.0283076325086"
"11","1","true","false","false","true","721","8.46","282.66755063702294"
"10","0.9","true","false","false","true","817","14.2","379.7165473347669"
"11","1","true","false","false","true","722","8.46","282.66755063702294"
"10","0.9","true","false","false","true","818","13.968","379.69137611014503"
"11","1","true","false","false","true","723","8.46","282.66755063702317"
"10","0.9","true","false","false","true","819","14.096","380.70056814428244"
"11","1","true","false","false","true","724","8.46","282.667550637023"
"11","1","true","false","false","true","725","8.46","282.66755063702294"
"10","0.9","true","false","false","true","820","14.02","379.643800594269"
"11","1","true","false","false","true","726","8.46","282.66755063702294"
"10","0.9","true","false","false","true","821","14.048","380.23916698529666"
"11","1","true","false","false","true","727","8.46","282.667550637023"
"10","0.9","true","false","false","true","822","14.068","379.915069121147"
"11","1","true","false","false","true","728","8.46","282.66755063702317"
"10","0.9","true","false","false","true","823","14.036","379.83866569523394"
"11","1","true","false","false","true","729","8.46","282.66755063702294"
"10","0.9","true","false","false","true","824","13.784","379.2277545557319"
"11","1","true","false","false","true","730","8.46","282.667550637023"
"10","0.9","true","false","false","true","825","14.068","379.4142790773236"
"11","1","true","false","false","true","731","8.46","282.6675506370232"
"10","0.9","true","false","false","true","826","13.936","379.6888498752001"
"11","1","true","false","false","true","732","8.46","282.66755063702306"
"10","0.9","true","false","false","true","827","13.892","380.26087772032946"
"11","1","true","false","false","true","733","8.46","282.66755063702306"
"10","0.9","true","false","false","true","828","13.972","379.8634807131502"
"11","1","true","false","false","true","734","8.46","282.66755063702334"
"11","1","true","false","false","true","735","8.46","282.6675506370231"
"10","0.9","true","false","false","true","829","13.76","379.88305503735234"
"11","1","true","false","false","true","736","8.46","282.66755063702294"
"10","0.9","true","false","false","true","830","14.04","380.5688406603891"
"11","1","true","false","false","true","737","8.46","282.66755063702306"
"10","0.9","true","false","false","true","831","14.1","379.8610360637365"
"11","1","true","false","false","true","738","8.46","282.66755063702317"
"10","0.9","true","false","false","true","832","13.96","379.95057989837034"
"11","1","true","false","false","true","739","8.46","282.66755063702294"
"11","1","true","false","false","true","740","8.46","282.6675506370229"
"10","0.9","true","false","false","true","833","14.012","379.9351001748735"
"11","1","true","false","false","true","741","8.46","282.6675506370229"
"10","0.9","true","false","false","true","834","14.124","380.3778580869848"
"11","1","true","false","false","true","742","8.46","282.66755063702306"
"10","0.9","true","false","false","true","835","13.968","380.27135396977843"
"11","1","true","false","false","true","743","8.46","282.6675506370233"
"10","0.9","true","false","false","true","836","14.06","379.8565066016006"
"11","1","true","false","false","true","744","8.46","282.6675506370232"
"10","0.9","true","false","false","true","837","14.036","379.86547786660077"
"11","1","true","false","false","true","745","8.46","282.6675506370228"
"11","1","true","false","false","true","746","8.46","282.6675506370232"
"10","0.9","true","false","false","true","838","13.988","380.18958871881"
"11","1","true","false","false","true","747","8.46","282.66755063702317"
"10","0.9","true","false","false","true","839","14.024","380.07681480485576"
"11","1","true","false","false","true","748","8.46","282.66755063702317"
"10","0.9","true","false","false","true","840","13.992","380.7709359782188"
"11","1","true","false","false","true","749","8.46","282.6675506370228"
"10","0.9","true","false","false","true","841","13.98","380.20980605814873"
"11","1","true","false","false","true","750","8.46","282.66755063702294"
"10","0.9","true","false","false","true","842","13.976","379.05721540234305"
"11","1","true","false","false","true","751","8.46","282.6675506370233"
"10","0.9","true","false","false","true","843","14.108","380.2306876756279"
"11","1","true","false","false","true","752","8.46","282.6675506370228"
"10","0.9","true","false","false","true","844","14.12","379.67133486705274"
"11","1","true","false","false","true","753","8.46","282.6675506370229"
"10","0.9","true","false","false","true","845","14.148","379.24506842871915"
"11","1","true","false","false","true","754","8.46","282.6675506370227"
"11","1","true","false","false","true","755","8.46","282.6675506370227"
"10","0.9","true","false","false","true","846","13.916","379.1928472496671"
"11","1","true","false","false","true","756","8.46","282.667550637023"
"10","0.9","true","false","false","true","847","14.1","378.5905328492568"
"11","1","true","false","false","true","757","8.46","282.66755063702334"
"10","0.9","true","false","false","true","848","13.932","378.9473837027688"
"11","1","true","false","false","true","758","8.46","282.667550637023"
"10","0.9","true","false","false","true","849","14.18","378.32647775754265"
"10","0.9","true","false","false","true","850","14.128","378.21064958051863"
"11","1","true","false","false","true","759","8.46","282.66755063702306"
"10","0.9","true","false","false","true","851","14.164","379.21621805352504"
"11","1","true","false","false","true","760","8.46","282.6675506370233"
"10","0.9","true","false","false","true","852","14.356","378.44769500600114"
"11","1","true","false","false","true","761","8.46","282.6675506370231"
"11","1","true","false","false","true","762","8.46","282.66755063702306"
"10","0.9","true","false","false","true","853","14.116","378.73174110588366"
"11","1","true","false","false","true","763","8.46","282.66755063702294"
"10","0.9","true","false","false","true","854","14.248","378.16078819102387"
"11","1","true","false","false","true","764","8.46","282.66755063702306"
"10","0.9","true","false","false","true","855","14.152","378.9591351943365"
"11","1","true","false","false","true","765","8.46","282.66755063702306"
"10","0.9","true","false","false","true","856","14.308","378.31640537309465"
"11","1","true","false","false","true","766","8.46","282.6675506370231"
"10","0.9","true","false","false","true","857","14.208","378.97791187631367"
"11","1","true","false","false","true","767","8.46","282.66755063702317"
"10","0.9","true","false","false","true","858","14.156","378.7133392034419"
"11","1","true","false","false","true","768","8.46","282.66755063702306"
"10","0.9","true","false","false","true","859","14.204","379.20764980493567"
"11","1","true","false","false","true","769","8.46","282.66755063702306"
"10","0.9","true","false","false","true","860","14.204","379.72306711553307"
"11","1","true","false","false","true","770","8.46","282.667550637023"
"10","0.9","true","false","false","true","861","14.072","379.24319984477586"
"11","1","true","false","false","true","771","8.46","282.6675506370229"
"11","1","true","false","false","true","772","8.46","282.66755063702306"
"10","0.9","true","false","false","true","862","14.284","379.3918854279868"
"11","1","true","false","false","true","773","8.46","282.66755063702306"
"10","0.9","true","false","false","true","863","14.236","379.04460204059296"
"11","1","true","false","false","true","774","8.46","282.66755063702317"
"10","0.9","true","false","false","true","864","14.296","379.3721876046346"
"11","1","true","false","false","true","775","8.46","282.66755063702306"
"10","0.9","true","false","false","true","865","14.228","378.8567091056498"
"11","1","true","false","false","true","776","8.46","282.66755063702306"
"10","0.9","true","false","false","true","866","14.204","379.2611219382672"
"11","1","true","false","false","true","777","8.46","282.6675506370231"
"10","0.9","true","false","false","true","867","14.252","378.9325320715669"
"11","1","true","false","false","true","778","8.46","282.6675506370231"
"10","0.9","true","false","false","true","868","14.316","378.9571115429403"
"11","1","true","false","false","true","779","8.46","282.667550637023"
"10","0.9","true","false","false","true","869","14.136","379.16943709015715"
"11","1","true","false","false","true","780","8.46","282.6675506370228"
"11","1","true","false","false","true","781","8.46","282.66755063702306"
"10","0.9","true","false","false","true","870","14.244","380.1075106100458"
"11","1","true","false","false","true","782","8.46","282.6675506370233"
"10","0.9","true","false","false","true","871","14.324","379.41226367138233"
"11","1","true","false","false","true","783","8.46","282.66755063702317"
"10","0.9","true","false","false","true","872","14.456","378.5802048582216"
"11","1","true","false","false","true","784","8.46","282.66755063702317"
"11","1","true","false","false","true","785","8.46","282.66755063702306"
"10","0.9","true","false","false","true","873","14.3","379.96010907051294"
"11","1","true","false","false","true","786","8.46","282.66755063702306"
"10","0.9","true","false","false","true","874","14.408","379.57255149804735"
"11","1","true","false","false","true","787","8.46","282.66755063702294"
"10","0.9","true","false","false","true","875","14.012","379.42596113567225"
"11","1","true","false","false","true","788","8.46","282.6675506370231"
"10","0.9","true","false","false","true","876","14.056","379.6537753962195"
"11","1","true","false","false","true","789","8.46","282.667550637023"
"10","0.9","true","false","false","true","877","14.32","379.8890072118799"
"11","1","true","false","false","true","790","8.46","282.6675506370231"
"10","0.9","true","false","false","true","878","14.332","379.43552533489583"
"11","1","true","false","false","true","791","8.46","282.66755063702306"
"11","1","true","false","false","true","792","8.46","282.66755063702306"
"10","0.9","true","false","false","true","879","14.276","379.43996390557"
"11","1","true","false","false","true","793","8.46","282.6675506370229"
"10","0.9","true","false","false","true","880","14.236","379.7813049282791"
"11","1","true","false","false","true","794","8.46","282.66755063702317"
"10","0.9","true","false","false","true","881","14.24","378.9528224203359"
"11","1","true","false","false","true","795","8.46","282.66755063702294"
"10","0.9","true","false","false","true","882","14.312","379.46183258318325"
"11","1","true","false","false","true","796","8.46","282.66755063702317"
"10","0.9","true","false","false","true","883","14.28","379.3676828192181"
"11","1","true","false","false","true","797","8.46","282.66755063702306"
"11","1","true","false","false","true","798","8.46","282.66755063702294"
"10","0.9","true","false","false","true","884","14.272","379.2419751409534"
"11","1","true","false","false","true","799","8.46","282.6675506370228"
"10","0.9","true","false","false","true","885","14.308","378.46269808239015"
"11","1","true","false","false","true","800","8.46","282.66755063702294"
"10","0.9","true","false","false","true","886","14.084","378.88293593127844"
"11","1","true","false","false","true","801","8.46","282.66755063702306"
"10","0.9","true","false","false","true","887","14.22","377.75396491278656"
"11","1","true","false","false","true","802","8.46","282.6675506370231"
"10","0.9","true","false","false","true","888","14.22","379.00770738529326"
"11","1","true","false","false","true","803","8.46","282.667550637023"
"10","0.9","true","false","false","true","889","14.404","378.105578365065"
"11","1","true","false","false","true","804","8.46","282.6675506370232"
"11","1","true","false","false","true","805","8.46","282.66755063702294"
"10","0.9","true","false","false","true","890","14.352","377.86070451327856"
"10","0.9","true","false","false","true","891","14.36","378.4471229462022"
"11","1","true","false","false","true","806","8.46","282.66755063702306"
"11","1","true","false","false","true","807","8.46","282.66755063702317"
"10","0.9","true","false","false","true","892","14.272","378.34237302479085"
"11","1","true","false","false","true","808","8.46","282.66755063702317"
"10","0.9","true","false","false","true","893","14.428","378.4958831364766"
"11","1","true","false","false","true","809","8.46","282.66755063702306"
"10","0.9","true","false","false","true","894","14.28","378.70234992823003"
"11","1","true","false","false","true","810","8.46","282.66755063702317"
"11","1","true","false","false","true","811","8.46","282.66755063702317"
"10","0.9","true","false","false","true","895","14.296","378.2539053000661"
"11","1","true","false","false","true","812","8.46","282.66755063702317"
"10","0.9","true","false","false","true","896","14.236","377.5687079390373"
"11","1","true","false","false","true","813","8.46","282.6675506370231"
"10","0.9","true","false","false","true","897","14.392","377.0741592017753"
"11","1","true","false","false","true","814","8.46","282.6675506370229"
"10","0.9","true","false","false","true","898","14.32","378.24612891068085"
"11","1","true","false","false","true","815","8.46","282.6675506370233"
"10","0.9","true","false","false","true","899","14.348","378.0901356074762"
"11","1","true","false","false","true","816","8.46","282.66755063702306"
"10","0.9","true","false","false","true","900","14.324","377.6976815091411"
"11","1","true","false","false","true","817","8.46","282.66755063702294"
"11","1","true","false","false","true","818","8.46","282.6675506370232"
"10","0.9","true","false","false","true","901","14.328","378.38653124484546"
"11","1","true","false","false","true","819","8.46","282.66755063702294"
"10","0.9","true","false","false","true","902","14.276","377.80610165206093"
"11","1","true","false","false","true","820","8.46","282.6675506370229"
"10","0.9","true","false","false","true","903","14.388","377.7928982611319"
"11","1","true","false","false","true","821","8.46","282.6675506370231"
"10","0.9","true","false","false","true","904","14.38","378.5413585938554"
"11","1","true","false","false","true","822","8.46","282.66755063702306"
"10","0.9","true","false","false","true","905","14.3","379.0733578466355"
"11","1","true","false","false","true","823","8.46","282.66755063702294"
"10","0.9","true","false","false","true","906","14.296","378.6865959014168"
"11","1","true","false","false","true","824","8.46","282.6675506370231"
"10","0.9","true","false","false","true","907","14.424","378.69461256744864"
"11","1","true","false","false","true","825","8.46","282.66755063702306"
"11","1","true","false","false","true","826","8.46","282.66755063702294"
"10","0.9","true","false","false","true","908","14.36","378.6409903577247"
"11","1","true","false","false","true","827","8.46","282.6675506370233"
"10","0.9","true","false","false","true","909","14.184","378.7534228425006"
"11","1","true","false","false","true","828","8.46","282.6675506370229"
"10","0.9","true","false","false","true","910","14.304","379.8911611379553"
"11","1","true","false","false","true","829","8.46","282.66755063702306"
"10","0.9","true","false","false","true","911","14.156","379.64310193705387"
"11","1","true","false","false","true","830","8.46","282.66755063702306"
"10","0.9","true","false","false","true","912","14.184","378.988760512108"
"11","1","true","false","false","true","831","8.46","282.6675506370228"
"11","1","true","false","false","true","832","8.46","282.66755063702294"
"10","0.9","true","false","false","true","913","14.152","379.32979423430453"
"11","1","true","false","false","true","833","8.46","282.66755063702317"
"10","0.9","true","false","false","true","914","14.164","379.5843024512796"
"10","0.9","true","false","false","true","915","14.348","379.3440139288667"
"11","1","true","false","false","true","834","8.46","282.6675506370231"
"10","0.9","true","false","false","true","916","14.076","379.37198331350623"
"11","1","true","false","false","true","835","8.46","282.66755063702306"
"10","0.9","true","false","false","true","917","14.288","379.3599436995385"
"11","1","true","false","false","true","836","8.46","282.6675506370227"
"10","0.9","true","false","false","true","918","14.272","378.5542734475022"
"10","0.9","true","false","false","true","919","14.116","378.7101739287016"
"11","1","true","false","false","true","837","8.46","282.6675506370231"
"10","0.9","true","false","false","true","920","14.252","378.7376377889938"
"11","1","true","false","false","true","838","8.46","282.6675506370232"
"10","0.9","true","false","false","true","921","14.148","379.7619051546461"
"10","0.9","true","false","false","true","922","14.06","379.58422047488796"
"11","1","true","false","false","true","839","8.46","282.66755063702317"
"10","0.9","true","false","false","true","923","14.208","379.49452117361835"
"11","1","true","false","false","true","840","8.46","282.66755063702294"
"10","0.9","true","false","false","true","924","14.204","379.09013402849934"
"10","0.9","true","false","false","true","925","14.336","379.7900112482856"
"11","1","true","false","false","true","841","8.46","282.6675506370229"
"10","0.9","true","false","false","true","926","14.328","379.0117971869309"
"11","1","true","false","false","true","842","8.46","282.66755063702317"
"10","0.9","true","false","false","true","927","14.18","379.0184588424176"
"11","1","true","false","false","true","843","8.46","282.6675506370231"
"10","0.9","true","false","false","true","928","14.264","378.9292742973955"
"11","1","true","false","false","true","844","8.46","282.6675506370228"
"10","0.9","true","false","false","true","929","14.416","379.1058008841101"
"10","0.9","true","false","false","true","930","14.332","379.2313666445482"
"11","1","true","false","false","true","845","8.46","282.66755063702306"
"10","0.9","true","false","false","true","931","14.24","379.75559175966134"
"11","1","true","false","false","true","846","8.46","282.66755063702306"
"10","0.9","true","false","false","true","932","14.336","379.3624749869059"
"11","1","true","false","false","true","847","8.46","282.667550637023"
"10","0.9","true","false","false","true","933","14.24","379.8447304230132"
"10","0.9","true","false","false","true","934","14.416","379.07531763661046"
"11","1","true","false","false","true","848","8.46","282.66755063702294"
"10","0.9","true","false","false","true","935","14.116","379.39438833731793"
"11","1","true","false","false","true","849","8.46","282.66755063702294"
"10","0.9","true","false","false","true","936","14.28","378.99352866960317"
"11","1","true","false","false","true","850","8.46","282.6675506370232"
"10","0.9","true","false","false","true","937","14.308","379.2164733878458"
"11","1","true","false","false","true","851","8.46","282.6675506370231"
"11","1","true","false","false","true","852","8.46","282.66755063702294"
"10","0.9","true","false","false","true","938","14.232","379.22252621068606"
"11","1","true","false","false","true","853","8.46","282.6675506370232"
"10","0.9","true","false","false","true","939","14.364","378.969176472794"
"10","0.9","true","false","false","true","940","14.288","379.16556345988874"
"11","1","true","false","false","true","854","8.46","282.66755063702306"
"11","1","true","false","false","true","855","8.46","282.6675506370229"
"10","0.9","true","false","false","true","941","14.276","378.8887415361516"
"11","1","true","false","false","true","856","8.46","282.66755063702306"
"10","0.9","true","false","false","true","942","14.392","378.63505743073836"
"11","1","true","false","false","true","857","8.46","282.66755063702306"
"10","0.9","true","false","false","true","943","14.364","377.76574922476914"
"11","1","true","false","false","true","858","8.46","282.66755063702306"
"10","0.9","true","false","false","true","944","14.292","378.15359769552606"
"11","1","true","false","false","true","859","8.46","282.66755063702306"
"10","0.9","true","false","false","true","945","14.496","378.73742300597166"
"11","1","true","false","false","true","860","8.46","282.66755063702306"
"10","0.9","true","false","false","true","946","14.4","377.9839288278396"
"11","1","true","false","false","true","861","8.46","282.6675506370232"
"11","1","true","false","false","true","862","8.46","282.66755063702306"
"10","0.9","true","false","false","true","947","14.384","378.1115318336596"
"11","1","true","false","false","true","863","8.46","282.6675506370228"
"10","0.9","true","false","false","true","948","14.46","378.579579409526"
"11","1","true","false","false","true","864","8.46","282.66755063702294"
"10","0.9","true","false","false","true","949","14.336","377.88089711844094"
"11","1","true","false","false","true","865","8.46","282.66755063702317"
"10","0.9","true","false","false","true","950","14.416","377.9750328328758"
"11","1","true","false","false","true","866","8.46","282.6675506370231"
"10","0.9","true","false","false","true","951","14.472","378.16769435850256"
"11","1","true","false","false","true","867","8.46","282.66755063702317"
"10","0.9","true","false","false","true","952","14.38","377.825701559685"
"11","1","true","false","false","true","868","8.46","282.6675506370229"
"10","0.9","true","false","false","true","953","14.488","378.11941213952286"
"11","1","true","false","false","true","869","8.46","282.6675506370229"
"10","0.9","true","false","false","true","954","14.376","377.28369003982954"
"11","1","true","false","false","true","870","8.46","282.66755063702294"
"11","1","true","false","false","true","871","8.46","282.66755063702294"
"10","0.9","true","false","false","true","955","14.336","377.4998541308177"
"11","1","true","false","false","true","872","8.46","282.667550637023"
"10","0.9","true","false","false","true","956","14.384","377.8195676758979"
"11","1","true","false","false","true","873","8.46","282.66755063702306"
"10","0.9","true","false","false","true","957","14.472","378.00918457439275"
"11","1","true","false","false","true","874","8.46","282.66755063702306"
"10","0.9","true","false","false","true","958","14.232","377.7733982904827"
"11","1","true","false","false","true","875","8.46","282.66755063702317"
"10","0.9","true","false","false","true","959","14.456","378.1980837269834"
"11","1","true","false","false","true","876","8.46","282.6675506370229"
"11","1","true","false","false","true","877","8.46","282.66755063702306"
"10","0.9","true","false","false","true","960","14.452","377.89433228653365"
"11","1","true","false","false","true","878","8.46","282.6675506370232"
"10","0.9","true","false","false","true","961","14.44","377.70091554386806"
"11","1","true","false","false","true","879","8.46","282.66755063702294"
"10","0.9","true","false","false","true","962","14.392","377.86590177360455"
"11","1","true","false","false","true","880","8.46","282.66755063702317"
"11","1","true","false","false","true","881","8.46","282.66755063702317"
"10","0.9","true","false","false","true","963","14.356","377.4029724032445"
"11","1","true","false","false","true","882","8.46","282.66755063702294"
"10","0.9","true","false","false","true","964","14.408","376.84316790550065"
"11","1","true","false","false","true","883","8.46","282.6675506370232"
"10","0.9","true","false","false","true","965","14.476","377.61474581680574"
"11","1","true","false","false","true","884","8.46","282.66755063702317"
"10","0.9","true","false","false","true","966","14.316","377.42702327815897"
"11","1","true","false","false","true","885","8.46","282.66755063702317"
"10","0.9","true","false","false","true","967","14.292","376.8057004761038"
"11","1","true","false","false","true","886","8.46","282.66755063702317"
"10","0.9","true","false","false","true","968","14.508","377.54786321410484"
"11","1","true","false","false","true","887","8.46","282.6675506370231"
"11","1","true","false","false","true","888","8.46","282.66755063702306"
"10","0.9","true","false","false","true","969","14.304","377.4671468096912"
"11","1","true","false","false","true","889","8.46","282.66755063702306"
"10","0.9","true","false","false","true","970","14.452","376.3750620816061"
"11","1","true","false","false","true","890","8.46","282.667550637023"
"10","0.9","true","false","false","true","971","14.376","376.833929968171"
"11","1","true","false","false","true","891","8.46","282.66755063702317"
"10","0.9","true","false","false","true","972","14.352","376.3560635452738"
"11","1","true","false","false","true","892","8.46","282.6675506370229"
"10","0.9","true","false","false","true","973","14.416","377.09616616349615"
"11","1","true","false","false","true","893","8.46","282.66755063702317"
"10","0.9","true","false","false","true","974","14.388","376.15910400986826"
"11","1","true","false","false","true","894","8.46","282.66755063702306"
"10","0.9","true","false","false","true","975","14.308","375.9177445289418"
"11","1","true","false","false","true","895","8.46","282.6675506370232"
"10","0.9","true","false","false","true","976","14.4","376.73368113769607"
"11","1","true","false","false","true","896","8.46","282.66755063702317"
"10","0.9","true","false","false","true","977","14.48","375.48507855146244"
"11","1","true","false","false","true","897","8.46","282.66755063702294"
"11","1","true","false","false","true","898","8.46","282.66755063702306"
"10","0.9","true","false","false","true","978","14.496","376.0608659150268"
"11","1","true","false","false","true","899","8.46","282.66755063702294"
"10","0.9","true","false","false","true","979","14.476","375.44952541065766"
"11","1","true","false","false","true","900","8.46","282.667550637023"
"10","0.9","true","false","false","true","980","14.532","376.6962786709275"
"11","1","true","false","false","true","901","8.46","282.66755063702306"
"10","0.9","true","false","false","true","981","14.324","376.14054133962475"
"11","1","true","false","false","true","902","8.46","282.6675506370231"
"11","1","true","false","false","true","903","8.46","282.66755063702306"
"10","0.9","true","false","false","true","982","14.412","376.04471345584"
"11","1","true","false","false","true","904","8.46","282.66755063702317"
"10","0.9","true","false","false","true","983","14.584","376.7467806643559"
"11","1","true","false","false","true","905","8.46","282.66755063702317"
"10","0.9","true","false","false","true","984","14.488","377.2570515831276"
"11","1","true","false","false","true","906","8.46","282.66755063702294"
"10","0.9","true","false","false","true","985","14.516","375.75690420629724"
"11","1","true","false","false","true","907","8.46","282.66755063702317"
"10","0.9","true","false","false","true","986","14.504","375.61730653129615"
"10","0.9","true","false","false","true","987","14.44","375.99433958462447"
"11","1","true","false","false","true","908","8.46","282.66755063702306"
"10","0.9","true","false","false","true","988","14.528","376.5103958022242"
"11","1","true","false","false","true","909","8.46","282.667550637023"
"10","0.9","true","false","false","true","989","14.408","376.4168637404252"
"11","1","true","false","false","true","910","8.46","282.66755063702317"
"10","0.9","true","false","false","true","990","14.564","377.0557660902392"
"11","1","true","false","false","true","911","8.46","282.667550637023"
"10","0.9","true","false","false","true","991","14.592","376.03121940826765"
"10","0.9","true","false","false","true","992","14.552","376.55878865798616"
"11","1","true","false","false","true","912","8.46","282.66755063702306"
"10","0.9","true","false","false","true","993","14.448","375.5067617387555"
"10","0.9","true","false","false","true","994","14.724","375.811332358375"
"11","1","true","false","false","true","913","8.46","282.66755063702306"
"10","0.9","true","false","false","true","995","14.62","375.38975107860534"
"11","1","true","false","false","true","914","8.46","282.6675506370229"
"10","0.9","true","false","false","true","996","14.776","375.1662659399094"
"11","1","true","false","false","true","915","8.46","282.6675506370233"
"10","0.9","true","false","false","true","997","14.708","375.59655610733944"
"11","1","true","false","false","true","916","8.46","282.6675506370231"
"10","0.9","true","false","false","true","998","14.672","375.96742786621576"
"11","1","true","false","false","true","917","8.46","282.6675506370231"
"10","0.9","true","false","false","true","999","14.616","375.69722042143843"
"11","1","true","false","false","true","918","8.46","282.6675506370231"
"11","1","true","false","false","true","919","8.46","282.66755063702306"
"11","1","true","false","false","true","920","8.46","282.66755063702306"
"11","1","true","false","false","true","921","8.46","282.66755063702317"
"11","1","true","false","false","true","922","8.46","282.6675506370231"
"11","1","true","false","false","true","923","8.46","282.66755063702306"
"11","1","true","false","false","true","924","8.46","282.66755063702306"
"11","1","true","false","false","true","925","8.46","282.6675506370228"
"11","1","true","false","false","true","926","8.46","282.66755063702277"
"11","1","true","false","false","true","927","8.46","282.66755063702306"
"11","1","true","false","false","true","928","8.46","282.66755063702317"
"11","1","true","false","false","true","929","8.46","282.667550637023"
"11","1","true","false","false","true","930","8.46","282.66755063702317"
"11","1","true","false","false","true","931","8.46","282.66755063702306"
"11","1","true","false","false","true","932","8.46","282.6675506370232"
"11","1","true","false","false","true","933","8.46","282.66755063702294"
"11","1","true","false","false","true","934","8.46","282.6675506370228"
"11","1","true","false","false","true","935","8.46","282.6675506370229"
"11","1","true","false","false","true","936","8.46","282.66755063702306"
"11","1","true","false","false","true","937","8.46","282.66755063702294"
"11","1","true","false","false","true","938","8.46","282.66755063702317"
"11","1","true","false","false","true","939","8.46","282.6675506370228"
"11","1","true","false","false","true","940","8.46","282.66755063702306"
"11","1","true","false","false","true","941","8.46","282.66755063702294"
"11","1","true","false","false","true","942","8.46","282.66755063702306"
"11","1","true","false","false","true","943","8.46","282.667550637023"
"11","1","true","false","false","true","944","8.46","282.6675506370232"
"11","1","true","false","false","true","945","8.46","282.66755063702306"
"11","1","true","false","false","true","946","8.46","282.66755063702317"
"11","1","true","false","false","true","947","8.46","282.66755063702306"
"11","1","true","false","false","true","948","8.46","282.6675506370229"
"11","1","true","false","false","true","949","8.46","282.6675506370229"
"11","1","true","false","false","true","950","8.46","282.66755063702317"
"11","1","true","false","false","true","951","8.46","282.6675506370233"
"11","1","true","false","false","true","952","8.46","282.66755063702317"
"11","1","true","false","false","true","953","8.46","282.66755063702317"
"11","1","true","false","false","true","954","8.46","282.667550637023"
"11","1","true","false","false","true","955","8.46","282.66755063702306"
"11","1","true","false","false","true","956","8.46","282.6675506370232"
"11","1","true","false","false","true","957","8.46","282.6675506370231"
"11","1","true","false","false","true","958","8.46","282.66755063702306"
"11","1","true","false","false","true","959","8.46","282.66755063702306"
"11","1","true","false","false","true","960","8.46","282.66755063702317"
"11","1","true","false","false","true","961","8.46","282.66755063702317"
"11","1","true","false","false","true","962","8.46","282.6675506370233"
"11","1","true","false","false","true","963","8.46","282.66755063702317"
"11","1","true","false","false","true","964","8.46","282.66755063702306"
"11","1","true","false","false","true","965","8.46","282.6675506370231"
"11","1","true","false","false","true","966","8.46","282.6675506370231"
"11","1","true","false","false","true","967","8.46","282.66755063702294"
"11","1","true","false","false","true","968","8.46","282.6675506370231"
"11","1","true","false","false","true","969","8.46","282.66755063702317"
"11","1","true","false","false","true","970","8.46","282.66755063702294"
"11","1","true","false","false","true","971","8.46","282.66755063702317"
"11","1","true","false","false","true","972","8.46","282.66755063702306"
"11","1","true","false","false","true","973","8.46","282.6675506370232"
"11","1","true","false","false","true","974","8.46","282.6675506370228"
"11","1","true","false","false","true","975","8.46","282.66755063702317"
"11","1","true","false","false","true","976","8.46","282.66755063702317"
"11","1","true","false","false","true","977","8.46","282.66755063702306"
"11","1","true","false","false","true","978","8.46","282.6675506370231"
"11","1","true","false","false","true","979","8.46","282.66755063702294"
"11","1","true","false","false","true","980","8.46","282.66755063702294"
"11","1","true","false","false","true","981","8.46","282.66755063702306"
"11","1","true","false","false","true","982","8.46","282.6675506370229"
"11","1","true","false","false","true","983","8.46","282.667550637023"
"11","1","true","false","false","true","984","8.46","282.6675506370233"
"11","1","true","false","false","true","985","8.46","282.6675506370231"
"11","1","true","false","false","true","986","8.46","282.6675506370233"
"11","1","true","false","false","true","987","8.46","282.66755063702317"
"11","1","true","false","false","true","988","8.46","282.66755063702306"
"11","1","true","false","false","true","989","8.46","282.6675506370228"
"11","1","true","false","false","true","990","8.46","282.66755063702294"
"11","1","true","false","false","true","991","8.46","282.66755063702306"
"11","1","true","false","false","true","992","8.46","282.66755063702294"
"11","1","true","false","false","true","993","8.46","282.66755063702317"
"11","1","true","false","false","true","994","8.46","282.66755063702294"
"11","1","true","false","false","true","995","8.46","282.6675506370231"
"11","1","true","false","false","true","996","8.46","282.66755063702294"
"11","1","true","false","false","true","997","8.46","282.66755063702294"
"11","1","true","false","false","true","998","8.46","282.66755063702294"
"11","1","true","false","false","true","999","8.46","282.66755063702317"
